ACCIDENT_YEAR,COLLISION_DATE,COLLISION_TIME,MONTH,SEASON,24HOURS,DAY_OF_WEEK,INTERSECTION,WEATHER_1,STATE_HWY_IND,ROAD_SURFACE,ROAD_COND_1,LIGHTING,STWD_VEHTYPE_AT_FAULT,CHP_VEHTYPE_AT_FAULT,DIRECTION,PCF_VIOL_CATEGORY,TYPE_OF_COLLISION,PEDESTRIAN_ACCIDENT,BICYCLE_ACCIDENT,MOTORCYCLE_ACCIDENT,TRUCK_ACCIDENT,MVIW,TOW_AWAY,HIT_AND_RUN,CONTROL_DEVICE,NUMBER_INJURED,COUNT_PED_INJURED,COUNT_BICYCLIST_INJURED,COUNT_MC_INJURED,PCF_VIOLATION,PARTY_COUNT,POINT_Y,POINT_X,COLLISION_SEVERITY
2011,2011-10-26,1310,10,3,13,3,N,A,N,A,H,A,L,04,S,05,D,,Y,,,G,N,N,D,1,0,1,0,21650.0,2,38.13763787,-121.28843183,3
2011,2011-04-03,1004,4,1,10,7,Y,A,N,A,H,A,A,01,,01,E,,,,,I,Y,N,D,1,0,0,0,23152.0,1,38.01907,-121.2606,3
2011,2011-04-03,1448,4,1,14,7,N,A,Y,A,H,A,A,01,W,03,E,,,,,I,Y,N,D,1,0,0,0,22350.0,1,37.95238323,-121.27580118,3
2011,2011-04-04,1645,4,1,16,1,N,A,N,A,H,A,A,01,S,03,C,,,,,C,N,F,D,2,0,0,0,22350.0,2,37.99426866,-121.2575965,4
2011,2011-02-16,1745,2,4,17,3,Y,B,N,B,H,C,A,01,,09,D,,,,,C,Y,N,A,2,0,0,0,21801.0,2,37.98059,-121.30726,3
2011,2011-02-18,1604,2,4,16,5,Y,C,N,B,H,A,A,01,,09,D,,,,,C,Y,N,A,1,0,0,0,21802.0,2,38.016407,-121.322365,4
2011,2011-02-23,854,2,4,8,3,N,A,N,A,H,A,A,01,E,03,C,,Y,,,G,,N,D,1,0,1,0,22350.0,2,37.99619543,-121.32460668,3
2011,2011-02-18,1838,2,4,18,5,N,C,N,B,H,C,A,01,W,03,C,,,,,C,Y,N,D,1,0,0,0,22350.0,2,37.98643508,-121.35689183,4
2011,2011-02-16,1116,2,4,11,3,Y,B,N,B,H,A,-,- ,,00,D,,,,,C,,F,D,3,0,0,0,,2,37.94722,-121.28555,4
2011,2011-02-18,2311,2,4,23,5,Y,C,N,B,H,C,A,01,,09,A,,,,,C,Y,F,A,1,0,0,0,21801.0,2,37.95657,-121.28536,4
2011,2011-02-16,1354,2,4,13,3,N,A,N,A,H,A,A,01,S,21,H,,,,,C,,N,D,1,0,0,0,22106.0,2,37.96007651,-121.30677877,4
2011,2011-02-19,1326,2,4,13,6,N,B,N,A,H,A,A,01,W,03,C,,,,,C,,N,A,1,0,0,0,22350.0,2,38.00497953,-121.35348534,4
2011,2011-02-16,1730,2,4,17,3,N,B,N,A,H,A,A,08,E,03,C,,,,,C,Y,N,A,3,0,0,0,22350.0,2,38.01122774,-121.31991012,4
2011,2011-02-20,55,2,4,0,7,Y,B,N,A,H,C,A,01,,01,D,,,,,C,,N,A,2,0,0,0,23152.0,2,38.0051,-121.3564,4
2011,2011-02-18,856,2,4,8,5,Y,C,N,B,H,A,A,08,,12,D,,,,,C,Y,N,A,1,0,0,0,21453.0,2,37.95844,-121.2927,3
2011,2011-02-16,1826,2,4,18,3,N,B,N,A,H,C,A,08,W,03,C,,,,,C,Y,N,A,1,0,0,0,22350.0,2,38.02115612,-121.26464364,4
2011,2011-02-16,2021,2,4,20,3,Y,B,N,A,H,C,-,- ,W,12,D,,,,,C,Y,N,A,1,0,0,0,21453.0,2,37.95482,-121.27126,4
2011,2011-02-21,752,2,4,7,1,N,B,N,A,H,A,-,- ,S,17,H,,Y,,,G,,N,A,1,0,1,0,21451.0,2,,,3
2011,2011-02-16,1948,2,4,19,3,Y,B,N,A,H,D,A,01,,03,C,,,,,C,,N,A,3,0,0,0,22350.0,2,38.057401,-121.261293,4
2011,2011-02-22,801,2,4,8,2,N,A,N,A,H,A,A,01,W,12,D,,,,,C,,N,A,1,0,0,0,21453.0,3,37.97872291,-121.29879627,4
2011,2011-02-17,1132,2,4,11,4,Y,C,N,B,H,A,-,- ,,00,D,,,,,C,Y,N,A,1,0,0,0,,2,37.99616,-121.32473,4
2011,2011-02-21,1223,2,4,12,1,N,B,N,A,H,A,A,01,E,03,E,,,,,I,Y,N,D,1,0,0,0,22350.0,1,38.04871895,-121.36638718,4
2011,2011-02-21,25,2,4,0,1,N,B,N,A,H,C,A,07,S,03,E,,,,,I,Y,N,D,1,0,0,0,22350.0,1,37.92472668,-121.27774596,4
2011,2011-02-10,1837,2,4,18,4,N,A,N,A,H,C,N,60,W,11,G,Y,,,,B,,N,A,1,1,0,0,21955.0,2,37.96682289,-121.29795401,2
2011,2011-02-10,1801,2,4,18,4,N,A,N,A,H,C,L,04,N,09,D,,Y,,,G,,N,D,1,0,1,0,21804.0,2,38.01961255,-121.30061302,4
2011,2011-04-04,1915,4,1,19,1,N,A,Y,A,H,A,-,- ,W,00,F,,,,,A,Y,F,D,1,0,0,0,,2,37.68220511,-121.47393007,3
2011,2011-02-25,1526,2,4,15,5,N,A,N,A,H,A,-,- ,W,00,C,,,,,C,,F,A,1,0,0,0,,2,38.0210956,-121.32555256,4
2011,2011-02-25,1418,2,4,14,5,N,B,N,A,H,A,A,01,S,07,B,,,,,C,Y,N,D,2,0,0,0,21658.0,2,38.01876541,-121.32365535,4
2011,2011-02-14,1707,2,4,17,1,N,A,N,A,H,A,A,01,N,09,D,,,,,C,Y,N,D,1,0,0,0,21804.0,2,37.9901047,-121.3224684,4
2011,2011-02-28,1045,2,4,10,1,Y,A,N,A,H,A,A,01,,10,G,Y,,,,B,Y,N,A,1,1,0,0,21950.0,2,37.9881,-121.32596,3
2011,2011-02-28,1011,2,4,10,1,Y,A,Y,A,H,A,A,01,,- ,D,,,,,C,Y,N,A,4,0,0,0,,3,37.95978508,-121.33324302,4
2011,2011-02-15,1642,2,4,16,2,Y,A,N,A,H,A,L,04,,05,H,,Y,,,G,,N,A,2,0,2,0,21650.0,3,37.97436,-121.32194,4
2011,2011-02-12,1705,2,4,17,6,Y,A,N,A,H,A,N,60,E,11,G,Y,,,,B,,N,A,1,1,0,0,21954.0,2,37.97046572,-121.27681494,2
2011,2011-02-17,1153,2,4,11,4,Y,B,N,A,H,A,A,01,,09,D,,,,,C,,N,A,1,0,0,0,21801.0,2,37.90897003,-121.24529989,4
2011,2011-02-28,1707,2,4,17,1,Y,A,N,A,H,A,A,01,,09,D,,,,,C,Y,N,D,1,0,0,0,21801.0,2,37.93274,-121.2988,4
2011,2011-02-13,1358,2,4,13,7,N,A,N,A,H,A,A,01,W,13,E,,,,,I,N,N,D,1,0,0,0,22515.0,1,38.00715485,-121.29070768,3
2011,2011-02-24,1700,2,4,17,4,Y,B,N,B,H,B,A,01,,09,D,,,,,C,,N,A,1,0,0,0,21804.0,2,37.97238,-121.30097,3
2011,2011-02-02,659,2,4,6,3,Y,A,N,A,H,A,-,- ,,12,A,,,,,C,,N,A,2,0,0,0,21453.0,2,38.02102,-121.32326,3
2011,2011-02-25,2312,2,4,23,5,N,A,N,A,H,C,A,01,E,01,E,,,,,I,Y,N,D,1,0,0,0,23153.0,1,37.99034972,-121.36285007,2
2011,2011-02-13,2053,2,4,20,7,Y,A,N,A,H,C,A,01,,08,E,,,,,I,Y,N,B,1,0,0,0,22107.0,1,37.94248,-121.2708,4
2011,2011-02-24,1501,2,4,15,4,N,B,N,A,H,A,L,04,N,05,H,,Y,,,G,,N,D,1,0,1,0,21202.0,2,37.99695583,-121.32503512,4
2011,2011-02-02,733,2,4,7,3,N,A,N,A,H,A,A,07,E,03,G,Y,,,,B,Y,N,D,1,1,0,0,22350.0,4,37.91270431,-121.31007338,2
2011,2011-02-02,728,2,4,7,3,N,A,N,A,H,A,A,01,E,03,C,,,,,C,Y,N,D,2,0,0,0,22350.0,2,37.91273477,-121.31015489,3
2011,2011-02-26,1819,2,4,18,6,Y,A,N,A,H,C,L,04,,12,D,,Y,,,G,,N,A,1,0,1,0,21453.0,2,38.02102,-121.32326,3
2011,2011-02-14,1432,2,4,14,1,N,A,N,A,H,A,L,04,N,05,D,,Y,,,G,,N,A,1,0,1,0,21650.0,2,37.93989004,-121.28084988,3
2011,2011-02-24,1650,2,4,16,4,Y,C,N,B,H,A,A,01,,03,C,,,,,C,,N,D,1,0,0,0,22350.0,2,38.02097003,-121.33334993,4
2011,2011-02-02,504,2,4,5,3,N,B,N,A,H,C,A,07,N,03,E,,,,,I,Y,N,D,1,0,0,0,22350.0,1,37.90233037,-121.32028301,3
2011,2011-02-25,1714,2,4,17,5,Y,A,N,A,H,A,A,01,,09,D,,,,,C,Y,N,A,2,0,0,0,21802.0,2,37.96231,-121.27603,4
2011,2011-02-24,804,2,4,8,4,Y,A,N,A,H,A,A,08,,09,D,,,,,C,,N,D,1,0,0,0,21801.0,2,38.02094,-121.29741,3
2011,2011-02-01,1155,2,4,11,2,N,A,N,A,H,A,A,07,N,21,C,,,,,C,Y,N,A,2,0,0,0,22106.0,2,37.99640463,-121.30564351,4
2011,2011-02-14,910,2,4,9,1,Y,A,N,A,H,A,A,01,,09,D,,,,,C,Y,N,A,2,0,0,0,21801.0,2,37.96946,-121.31513,4
2011,2011-02-24,1201,2,4,12,4,N,B,N,A,H,A,A,01,W,03,C,,,,,C,,N,A,2,0,0,0,22350.0,2,38.02111919,-121.32541693,4
2011,2011-02-01,2004,2,4,20,2,Y,A,N,A,H,C,A,07,,09,D,,,,,C,Y,N,A,3,0,0,0,21801.0,2,37.96752,-121.29383,3
2011,2011-02-26,1313,2,4,13,6,Y,A,N,A,H,A,L,04,,05,D,,Y,,,G,,N,A,1,0,1,0,21650.0,2,37.96065,-121.29192,4
2011,2011-02-13,1830,2,4,18,7,N,A,N,A,H,D,-,- ,S,00,G,Y,,,,B,,F,D,1,1,0,0,,2,37.93873077,-121.24381451,3
2011,2011-02-23,1913,2,4,19,3,Y,A,N,A,H,C,A,01,,10,G,Y,,,,B,,N,D,1,1,0,0,21950.0,2,38.05353003,-121.3445899,4
2011,2011-02-26,1234,2,4,12,6,N,A,N,A,H,A,A,01,S,03,B,,,,,E,Y,N,D,1,0,0,0,22350.0,3,37.97556883,-121.30214514,4
2011,2011-02-17,2009,2,4,20,4,Y,B,N,B,H,C,N,60,,11,G,Y,,,,B,,N,A,1,1,0,0,21453.0,2,37.99629,-121.30562,4
2011,2011-02-02,1718,2,4,17,3,N,A,N,A,H,B,A,01,N,04,C,,,,,C,Y,N,C,3,0,0,0,21703.0,3,37.98721683,-121.28511693,4
2011,2011-02-27,1117,2,4,11,7,N,A,N,A,H,A,A,08,E,03,C,,,,,C,,N,A,1,0,0,0,22350.0,2,37.94051004,-121.27692992,4
2011,2011-02-02,1414,2,4,14,3,N,A,N,A,H,A,A,01,S,03,E,,,,,I,Y,F,D,2,0,0,0,22350.0,1,38.01565713,-121.31017476,4
2011,2011-02-23,1725,2,4,17,3,N,A,Y,A,H,A,A,07,W,03,C,,,,,C,,F,A,2,0,0,0,22350.0,2,38.00162508,-121.35036302,4
2011,2011-02-15,1124,2,4,11,2,Y,A,N,A,H,A,A,07,,03,C,,,,,C,,N,D,2,0,0,0,22350.0,2,37.98747,-121.31718,4
2011,2011-02-28,657,2,4,6,1,Y,A,N,A,H,A,A,01,,09,D,,,,,C,Y,N,A,1,0,0,0,21802.0,2,38.00703,-121.28656,4
2011,2011-02-15,1607,2,4,16,2,N,A,N,A,H,A,A,01,E,03,C,,,,,C,Y,N,A,3,0,0,0,22350.0,3,37.98486028,-121.33978913,4
2011,2011-02-19,1758,2,4,17,6,Y,B,N,B,H,C,A,07,,08,D,,,,,C,,N,D,1,0,0,0,22100.0,2,37.95759,-121.29791,4
2011,2011-02-23,1442,2,4,14,3,N,B,N,A,H,A,A,07,S,03,C,,,,,C,Y,N,D,1,0,0,0,22350.0,3,38.03683205,-121.34066284,4
2011,2011-02-15,1343,2,4,13,2,N,A,N,A,H,A,A,01,S,03,C,,,,,C,Y,N,D,3,0,0,0,22350.0,2,38.03320552,-121.33176122,3
2011,2011-05-26,1720,5,1,17,4,N,A,Y,A,H,A,A,08,N,03,C,,,,,C,Y,N,D,2,0,0,0,22350.0,2,37.98631088,-121.34429633,4
2011,2011-05-27,646,5,1,6,5,N,A,Y,A,H,A,D,22,W,03,C,,,,,C,Y,N,D,1,0,0,0,22350.0,7,37.78166507,-121.31215299,4
2011,2011-05-20,749,5,1,7,5,Y,A,N,A,H,A,A,07,,12,D,,,Y,,C,Y,N,A,1,0,0,1,21453.0,3,38.0003,-121.26033,2
2011,2011-05-27,1225,5,1,12,5,N,B,N,A,H,A,D,22,E,08,E,,,,,I,Y,N,D,1,0,0,0,22107.0,1,38.14780782,-121.10507528,3
2011,2011-05-24,811,5,1,8,2,N,A,Y,A,H,A,G,25,S,08,E,,,,Y,I,Y,N,D,2,0,0,0,22107.0,2,38.05329875,-121.37107033,4
2011,2011-05-05,450,5,1,4,4,Y,A,N,A,H,C,D,22,,12,D,,,,,C,Y,N,A,1,0,0,0,22450.0,2,37.88182004,-121.27622995,4
2011,2011-05-24,815,5,1,8,2,N,A,Y,A,H,A,A,01,W,03,C,,,,,C,N,N,A,1,0,0,0,22350.0,3,38.01778509,-121.25821301,4
2011,2011-05-23,1610,5,1,16,1,N,A,Y,A,H,A,A,01,S,01,B,,,,,C,Y,N,D,1,0,0,0,23152.0,2,38.18509733,-121.4015734,3
2011,2011-05-21,1712,5,1,17,6,N,A,N,A,H,A,D,22,W,08,E,,,,,I,N,N,D,1,0,0,0,22107.0,1,37.85659095,-121.05778045,3
2011,2011-05-23,2055,5,1,20,1,Y,A,N,A,H,C,-,- ,,09,D,,,,,C,N,N,A,2,0,0,0,21800.0,2,37.94514,-121.23183,4
2011,2011-05-19,2118,5,1,21,4,N,A,Y,A,D,C,A,07,S,03,B,,,,Y,C,Y,N,D,1,0,0,0,22350.0,3,38.05573962,-121.37216966,4
2011,2011-05-26,1445,5,1,14,4,N,A,Y,A,H,A,E,22,E,03,C,,,,,C,Y,N,D,1,0,0,0,22350.0,3,37.7832373,-121.20541227,4
2011,2011-04-29,540,4,1,5,5,N,A,Y,A,H,D,A,08,,09,D,,,,,C,Y,F,D,5,0,0,0,21801.0,3,37.92693994,-121.3519637,2
2011,2011-05-12,1824,5,1,18,4,Y,A,N,A,H,A,D,22,,01,D,,,,,C,Y,N,A,2,0,0,0,23152.0,2,38.13448,-121.2884,3
2011,2011-05-11,1725,5,1,17,3,N,A,N,A,H,A,A,01,E,06,B,,,,,C,Y,N,D,1,0,0,0,21750.0,2,37.70014881,-121.44103086,4
2011,2011-05-05,1811,5,1,18,4,N,A,N,A,H,A,A,01,E,09,D,,,,,C,N,M,D,1,0,0,0,21804.0,2,37.74331506,-121.42887537,4
2011,2011-05-06,1602,5,1,16,5,N,A,N,A,H,A,A,07,W,- ,G,Y,,,,B,N,N,A,1,1,0,0,,2,37.75812506,-121.4351549,4
2011,2011-05-03,1630,5,1,16,2,Y,A,N,A,H,A,L,04,,17,D,,Y,,,G,N,N,A,1,0,1,0,21208.0,2,37.74463,-121.45322,4
2011,2011-02-04,1149,2,4,11,5,N,A,N,A,H,A,A,08,N,09,F,,,,,C,N,N,A,2,0,0,0,21801.0,2,37.93532821,-121.23722549,4
2011,2011-02-05,1245,2,4,12,6,N,A,N,A,H,A,-,- ,N,03,C,,,,,C,N,F,A,1,0,0,0,22350.0,2,38.00076557,-121.2967781,4
2011,2011-02-06,1955,2,4,19,7,N,A,N,A,H,C,A,07,W,01,C,,,,,E,Y,N,D,1,0,0,0,23152.0,2,38.00043233,-121.35211024,4
2011,2011-02-05,1310,2,4,13,6,N,A,N,A,H,A,-,- ,N,00,G,Y,,,,B,N,N,D,1,1,0,0,,2,37.99257849,-121.31331305,4
2011,2011-02-06,1445,2,4,14,7,Y,A,N,A,H,A,-,- ,,09,F,,,Y,,C,N,F,D,2,0,0,2,21801.0,2,37.98103,-121.2954,3
2011,2011-02-07,1711,2,4,17,1,N,A,N,A,H,A,N,60,W,11,G,Y,,,,B,N,N,A,1,1,0,0,21456.0,2,37.90545479,-121.30356335,3
2011,2011-02-03,1549,2,4,15,4,N,A,N,A,H,A,A,01,E,12,G,Y,,,,B,N,F,A,2,2,0,0,22450.0,3,37.93333741,-121.28038945,4
2011,2011-02-06,1436,2,4,14,7,N,A,N,A,H,A,A,01,E,08,A,,,,,C,,N,D,1,0,0,0,22107.0,2,37.93186243,-121.2813389,4
2011,2011-02-03,1342,2,4,13,4,N,A,N,A,H,A,A,01,N,03,E,,,,,I,N,N,D,1,0,0,0,22350.0,1,37.99584139,-121.28821492,3
2011,2011-02-07,1313,2,4,13,1,Y,A,N,A,H,A,A,01,,12,D,,,,,C,Y,N,A,1,0,0,0,21453.0,2,37.89929,-121.30864,4
2011,2011-02-11,1314,2,4,13,5,N,A,N,A,H,A,A,01,S,03,C,,,,,C,,F,D,2,0,0,0,22350.0,2,37.93850312,-121.28592432,4
2011,2011-02-06,2304,2,4,23,7,N,A,N,A,H,C,A,07,W,01,E,,,,,I,Y,N,A,1,0,0,0,23152.0,1,38.00564861,-121.28618565,2
2011,2011-02-12,1217,2,4,12,6,Y,A,N,A,H,A,A,01,,09,D,,,,,C,,N,A,1,0,0,0,21802.0,2,38.0118,-121.31742,4
2011,2011-02-07,1925,2,4,19,1,Y,A,N,A,H,C,A,07,,09,D,,,,,C,,N,A,1,0,0,0,21801.0,2,37.93945003,-121.28343989,4
2011,2011-02-11,1638,2,4,16,5,N,A,N,A,H,A,A,01,W,03,E,,,,,I,,N,D,1,0,0,0,22350.0,1,38.0368,-121.3487,4
2011,2011-02-07,854,2,4,8,1,Y,A,N,A,H,A,A,01,,09,D,,,,,C,,N,D,1,0,0,0,21802.0,2,37.95417,-121.27517,4
2011,2011-02-08,749,2,4,7,2,N,A,N,A,H,A,A,01,E,10,G,Y,,,,B,,N,D,1,1,0,0,21950.0,2,37.95658132,-121.28533923,3
2011,2011-02-09,1128,2,4,11,3,N,A,N,A,H,A,A,01,W,21,E,,,,,I,,N,D,1,0,0,0,22106.0,1,37.95844863,-121.31093688,4
2011,2011-02-09,1456,2,4,14,3,N,A,N,A,H,A,A,01,E,12,E,,,,,I,Y,N,A,1,0,0,0,21453.0,1,37.98831726,-121.3250572,3
2011,2011-02-13,1440,2,4,14,7,N,A,N,A,H,A,A,01,N,03,C,,,,,C,,N,A,2,0,0,0,22350.0,2,37.95796866,-121.29123124,4
2011,2011-02-10,1142,2,4,11,4,Y,A,Y,A,H,A,A,01,,09,D,,,,,C,,N,A,2,0,0,0,21801.0,2,37.95441508,-121.31192301,4
2011,2011-02-09,1748,2,4,17,3,N,A,N,A,H,C,A,01,W,03,C,,,,,C,,N,A,1,0,0,0,22350.0,2,37.98880598,-121.32304927,3
2011,2011-02-10,1600,2,4,16,4,N,A,N,A,H,A,A,01,E,03,C,,,,,C,,N,A,1,0,0,0,22350.0,3,37.94187919,-121.2691015,4
2011,2011-02-10,1307,2,4,13,4,Y,A,N,A,H,A,A,01,,09,D,,,,,C,,N,A,2,0,0,0,21801.0,2,38.00062,-121.31648,4
2011,2011-02-10,1451,2,4,14,4,Y,A,N,A,-,A,A,01,,03,C,,,,,C,,N,A,3,0,0,0,22350.0,4,38.00456,-121.31808,4
2011,2011-10-03,1930,10,3,19,1,N,A,N,A,H,C,A,01,S,08,F,,,,,A,Y,N,D,1,0,0,0,22107.0,1,37.656399,-121.486849,4
2011,2011-01-19,2215,1,4,22,3,N,A,Y,A,H,E,A,01,S,03,C,,,,Y,C,Y,M,D,3,0,0,0,22350.0,3,37.78335663,-121.30908065,4
2011,2011-01-05,1910,1,4,19,3,N,E,Y,B,H,C,G,25,N,07,C,,,,Y,C,Y,N,D,2,0,0,0,21658.0,3,37.95495694,-121.23953272,3
2011,2011-01-23,125,1,4,1,7,N,E,N,B,H,D,A,07,W,01,E,,,,,I,Y,N,D,0,0,0,0,23152.0,1,37.993162,-121.429535,1
2011,2011-01-25,954,1,4,9,2,N,E,N,A,H,A,C,02,W,12,F,,,Y,,A,Y,N,A,0,0,0,0,21453.0,2,37.85559508,-121.2554911,1
2011,2011-01-27,818,1,4,8,4,N,B,Y,A,H,A,A,07,N,08,E,,,,,I,Y,N,D,0,0,0,0,22107.0,1,38.04338509,-121.25862301,1
2011,2011-02-09,2003,2,4,20,3,N,A,Y,A,H,C,N,60,N,11,G,Y,,,,B,Y,N,D,0,0,0,0,21954.0,2,37.7549993,-121.14767225,1
2011,2011-01-27,1039,1,4,10,4,Y,A,N,A,H,A,D,22,,12,D,,,,,C,N,N,A,1,0,0,0,21453.0,2,38.001551,-121.292478,1
2011,2011-02-09,155,2,4,1,3,N,A,Y,A,H,C,A,01,S,08,E,,,,,I,Y,N,D,0,0,0,0,22107.0,1,37.79381472,-121.19021308,1
2011,2011-02-25,1708,2,4,17,5,N,A,Y,A,H,A,A,08,E,08,A,,,,,C,Y,N,D,1,0,0,0,22107.0,2,38.08505987,-121.18345306,1
2011,2011-01-28,1302,1,4,13,5,Y,B,N,A,H,A,D,22,,12,D,,,,,C,Y,N,A,0,0,0,0,21453.0,2,37.75812,-121.43509,1
2011,2011-02-18,1815,2,4,18,5,N,C,N,B,H,D,D,22,S,03,H,,Y,,,G,N,N,D,0,0,0,0,22350.0,2,38.09915888,-121.38713825,1
2011,2011-03-03,1005,3,1,10,4,Y,A,Y,A,H,A,A,07,,09,A,,,,Y,C,Y,N,D,0,0,0,0,21801.0,2,38.11537508,-121.48564306,1
2011,2011-01-12,1623,1,4,16,3,N,A,N,A,H,A,C,02,W,03,D,,,Y,,C,Y,N,D,0,0,0,0,22350.0,2,37.83922898,-121.00686178,1
2011,2011-04-02,2042,4,1,20,6,N,A,Y,A,H,D,N,60,E,11,G,Y,,,,B,N,N,D,0,0,0,0,21954.0,2,37.99385515,-121.17248597,1
2011,2011-04-08,710,4,1,7,5,Y,B,N,A,H,A,E,22,,12,D,,,,,C,Y,N,A,1,0,0,0,22450.0,2,37.84189,-121.07199,1
2011,2011-04-12,1515,4,1,15,2,N,A,N,A,H,A,A,01,W,08,E,,,,,I,Y,N,D,0,0,0,0,22107.0,1,38.18921793,-121.3394783,1
2011,2011-04-12,1730,4,1,17,2,N,A,Y,A,H,A,A,01,E,08,A,,,,,C,Y,N,D,5,0,0,0,22107.0,2,38.01219508,-121.110347,1
2011,2011-02-24,1400,2,4,14,4,N,B,N,A,H,A,A,08,W,01,E,,,,,I,Y,N,D,2,0,0,0,23152.0,1,38.203402,-121.287947,1
2011,2011-02-05,1725,2,4,17,6,N,A,Y,A,H,A,C,02,N,08,E,,,Y,,I,Y,N,D,0,0,0,0,22107.0,1,37.80272557,-121.19359513,1
2011,2011-03-19,220,3,1,2,6,Y,B,N,A,H,C,A,01,,01,G,Y,,,,B,Y,N,D,0,0,0,0,23152.0,2,37.95492,-121.25339,1
2011,2011-03-22,2319,3,1,23,2,N,C,N,B,H,C,N,60,S,11,G,Y,,,,B,Y,N,A,0,0,0,0,21954.0,2,37.94103741,-121.29476163,1
2011,2011-01-12,1612,1,4,16,3,N,A,Y,A,H,A,G,27,E,03,C,,,,Y,C,N,N,D,1,0,0,0,22350.0,2,37.78323262,-121.19639892,4
2011,2011-01-20,1520,1,4,15,4,N,A,N,A,H,A,A,07,E,03,C,,,,Y,C,Y,N,D,1,0,0,0,22350.0,2,37.98292093,-121.25271399,4
2011,2011-01-19,1550,1,4,15,3,N,A,Y,A,H,A,F,26,E,03,C,,,,Y,C,N,N,D,1,0,0,0,22350.0,2,37.78322508,-121.19754925,4
2011,2011-01-03,240,1,4,2,1,N,B,Y,A,H,D,G,27,S,08,B,,,,Y,C,N,N,D,1,0,0,0,22107.0,3,37.67710006,-121.34304106,4
2011,2011-01-31,830,1,4,8,1,N,A,Y,A,H,A,G,25,W,03,C,,,,Y,C,N,N,D,1,0,0,0,22350.0,4,37.89131562,-121.4905841,4
2011,2011-02-05,922,2,4,9,6,N,A,Y,A,H,A,A,01,N,07,B,,,,Y,C,Y,N,D,2,0,0,0,21658.0,3,37.92819325,-121.29519859,4
2011,2011-02-14,620,2,4,6,1,N,B,Y,B,H,D,D,22,N,03,D,,,,Y,C,Y,N,D,1,0,0,0,22350.0,2,37.86290237,-121.21866824,3
2011,2011-02-09,1152,2,4,11,3,N,A,N,A,D,A,I,20,N,08,G,Y,,,,B,N,N,A,1,1,0,0,22107.0,2,38.05782163,-121.3333599,3
2011,2011-02-01,1045,2,4,10,2,N,A,Y,A,H,A,G,27,S,07,F,,,,Y,I,Y,N,D,2,0,0,0,21658.0,2,38.10987044,-121.39400706,4
2011,2011-02-01,1448,2,4,14,2,Y,A,N,A,H,A,I,11,,09,D,,,,,C,N,N,A,1,0,0,0,21802.0,2,37.87636,-121.29594,4
2011,2011-01-24,520,1,4,5,1,Y,E,N,A,H,D,A,01,,12,D,,,,Y,C,Y,N,A,1,0,0,0,21453.0,2,38.08647,-121.27861,4
2011,2011-01-04,1730,1,4,17,2,N,A,Y,A,H,D,F,55,N,08,C,,,,Y,C,Y,F,D,1,0,0,0,22107.0,3,37.95549209,-121.31382522,3
2011,2011-02-02,1350,2,4,13,3,Y,A,Y,A,H,A,A,01,,12,D,,,,Y,C,Y,N,A,2,0,0,0,22450.0,2,37.6387212,-121.29616186,4
2011,2011-01-05,1459,1,4,14,3,N,B,N,A,H,A,D,22,W,05,C,,,,,D,Y,N,D,2,0,0,0,21650.0,2,37.75399309,-121.46799868,3
2011,2011-01-11,1937,1,4,19,2,N,B,N,B,H,C,A,01,S,08,E,,,,,I,Y,N,D,1,0,0,0,22107.0,1,37.75080564,-121.43311111,4
2011,2011-01-10,1635,1,4,16,1,Y,A,N,A,H,A,A,08,,03,A,,,,,I,Y,N,A,1,0,0,0,22350.0,1,37.73967,-121.43641,4
2011,2011-01-02,717,1,4,7,7,N,B,Y,B,H,A,A,01,E,03,F,,,,,I,Y,N,D,1,0,0,0,22350.0,1,37.96072208,-121.24317891,3
2011,2011-01-15,1640,1,4,16,6,N,A,Y,A,H,A,A,01,W,01,E,,,,,I,Y,N,D,1,0,0,0,23152.0,1,37.95157974,-121.28208582,3
2011,2011-01-15,1825,1,4,18,6,N,B,Y,A,H,D,A,01,E,08,E,,,,,I,N,N,D,1,0,0,0,22107.0,1,37.95585036,-121.2646999,3
2011,2011-01-15,1840,1,4,18,6,N,B,Y,A,H,D,-,- ,N,18,E,,,,,J,Y,N,D,2,0,0,0,,1,38.23002457,-121.4338557,4
2011,2011-01-12,1505,1,4,15,3,N,A,Y,A,C,A,A,01,S,08,E,,,,,I,Y,N,D,1,0,0,0,22107.0,1,37.89173646,-121.28206451,4
2011,2011-01-15,620,1,4,6,6,N,A,Y,A,H,D,A,01,N,08,E,,,,,C,Y,N,D,1,0,0,0,22107.0,1,37.80211043,-121.19310832,4
2011,2011-01-06,635,1,4,6,4,N,E,N,B,H,E,N,60,E,11,G,Y,,,,B,N,N,D,1,1,0,0,21954.0,2,37.92837135,-121.25313932,3
2011,2011-01-18,610,1,4,6,2,N,B,Y,A,H,A,A,07,N,- ,C,,,,,C,Y,M,D,2,0,0,0,,2,37.90596503,-121.22322893,4
2011,2011-01-07,1835,1,4,18,5,N,A,Y,A,H,C,A,07,S,03,C,,,,,C,Y,N,D,2,0,0,0,22350.0,4,37.98098913,-121.34180408,3
2011,2011-01-06,700,1,4,7,4,Y,E,Y,B,H,B,A,01,,12,A,,,,,C,Y,N,A,2,0,0,0,21453.0,2,38.10221251,-121.17829092,2
2011,2011-01-05,906,1,4,9,3,N,B,Y,B,H,A,A,01,N,08,B,,,,,C,Y,N,D,2,0,0,0,22107.0,2,38.20388039,-121.26317755,4
2011,2011-01-10,1815,1,4,18,1,N,B,Y,A,H,D,D,22,S,01,C,,,,,C,Y,N,D,2,0,0,0,23152.0,2,38.00111477,-121.34979959,4
2011,2011-01-20,1908,1,4,19,4,N,A,Y,A,H,E,C,02,E,01,C,,,Y,,C,Y,N,D,1,0,0,1,23152.0,2,37.95832509,-121.258513,2
2011,2011-01-13,2206,1,4,22,4,N,A,N,B,H,D,-,99,E,03,C,,,,,C,Y,N,A,1,0,0,0,22350.0,3,37.88094845,-121.26624806,4
2011,2011-01-04,1530,1,4,15,2,N,A,N,A,H,A,A,08,W,03,C,,,,,C,Y,N,D,2,0,0,0,22350.0,2,37.97588554,-121.26603072,2