ACCIDENT_YEAR,COLLISION_DATE,COLLISION_TIME,MONTH,SEASON,24HOURS,DAY_OF_WEEK,INTERSECTION,WEATHER_1,STATE_HWY_IND,ROAD_SURFACE,ROAD_COND_1,LIGHTING,STWD_VEHTYPE_AT_FAULT,CHP_VEHTYPE_AT_FAULT,DIRECTION,PCF_VIOL_CATEGORY,TYPE_OF_COLLISION,PEDESTRIAN_ACCIDENT,BICYCLE_ACCIDENT,MOTORCYCLE_ACCIDENT,TRUCK_ACCIDENT,MVIW,TOW_AWAY,HIT_AND_RUN,CONTROL_DEVICE,NUMBER_INJURED,COUNT_PED_INJURED,COUNT_BICYCLIST_INJURED,COUNT_MC_INJURED,PCF_VIOLATION,PARTY_COUNT,POINT_Y,POINT_X,COLLISION_SEVERITY
2011,2011-01-04,801,1,4,8,2,Y,E,N,A,H,A,A,01,,09,D,,,,,C,Y,N,D,2,0,0,0,21801.0,2,38.04267002,-121.25810995,4
2011,2011-01-05,735,1,4,7,3,N,E,Y,A,H,A,A,01,W,03,C,,,,,C,Y,N,D,4,0,0,0,22350.0,3,38.11588777,-121.3607713,4
2011,2011-01-10,500,1,4,5,1,N,A,Y,C,G,C,-,- ,S,18,E,,,,,I,Y,N,D,1,0,0,0,,1,37.95373508,-121.31052301,3
2011,2011-01-16,1755,1,4,17,7,N,B,N,A,H,D,A,01,N,03,C,,,,,C,Y,N,D,3,0,0,0,22350.0,2,38.0619691,-121.31045975,3
2011,2011-01-10,426,1,4,4,1,N,A,Y,C,H,C,A,01,S,03,E,,,,,C,Y,N,D,1,0,0,0,22350.0,2,37.95405634,-121.31118578,3
2011,2011-01-11,1735,1,4,17,2,N,B,N,B,H,D,A,01,W,08,E,,,,,I,Y,N,D,2,0,0,0,22107.0,1,37.75064044,-121.48792966,2
2011,2011-01-01,748,1,4,7,6,N,B,Y,B,H,A,A,07,W,01,F,,,,,J,Y,N,D,1,0,0,0,23152.0,1,37.74088505,-121.50473302,4
2011,2011-01-17,1958,1,4,19,1,N,E,Y,A,H,D,A,07,E,01,E,,,,,I,Y,N,D,1,0,0,0,23152.0,1,37.89176506,-121.48772303,4
2011,2011-01-09,940,1,4,9,7,Y,B,N,A,H,A,D,22,,09,D,,,,,C,Y,N,A,1,0,0,0,21802.0,2,38.21932,-121.17139,3
2011,2011-01-07,1230,1,4,12,5,N,B,N,A,H,A,A,07,W,03,C,,,,,C,Y,N,D,1,0,0,0,22350.0,2,37.99307074,-121.25193184,4
2011,2011-01-05,1105,1,4,11,3,N,E,N,A,H,A,D,22,S,08,B,,,,,E,Y,N,D,1,0,0,0,22107.0,2,37.83068327,-121.21170979,4
2011,2011-01-03,1903,1,4,19,1,N,B,N,A,H,C,D,22,S,01,E,,,,,I,Y,N,D,1,0,0,0,23152.0,1,37.98337492,-121.27131401,3
2011,2011-01-05,1700,1,4,17,3,N,B,Y,A,H,A,A,07,W,04,C,,,,,C,N,N,D,1,0,0,0,21703.0,2,37.78322771,-121.1965901,4
2011,2011-01-05,745,1,4,7,3,N,E,Y,B,H,A,D,22,N,03,D,,,,,C,Y,N,D,1,0,0,0,22350.0,2,37.86064355,-121.21887045,3
2011,2011-01-04,520,1,4,5,2,N,E,Y,B,H,D,D,22,S,03,C,,,,,C,Y,N,D,1,0,0,0,22350.0,3,37.77423099,-121.17859161,4
2011,2011-01-04,925,1,4,9,2,N,B,Y,B,H,A,D,22,N,03,F,,,,,I,Y,N,D,1,0,0,0,22350.0,1,37.86064355,-121.21887045,3
2011,2011-01-04,940,1,4,9,2,N,E,Y,B,H,A,A,01,N,03,D,,,,,C,Y,N,D,7,0,0,0,22350.0,3,37.86290237,-121.21866824,2
2011,2011-01-10,425,1,4,4,1,N,A,Y,C,H,C,-,- ,S,18,E,,,,,I,Y,N,D,1,0,0,0,,1,37.95405634,-121.31118578,2
2011,2011-01-04,1255,1,4,12,2,N,A,N,A,H,A,A,07,E,03,C,,,,,C,N,N,A,1,0,0,0,22350.0,2,37.75413506,-121.42971967,4
2011,2011-01-03,620,1,4,6,1,N,B,Y,B,H,D,A,01,E,08,E,,,,,J,Y,N,D,2,0,0,0,22107.0,1,37.74683106,-121.48127309,4
2011,2011-01-18,524,1,4,5,2,N,A,Y,A,H,D,A,07,S,03,C,,,,,C,Y,N,D,2,0,0,0,22350.0,2,38.14004264,-121.39942305,4
2011,2011-01-16,2100,1,4,21,7,N,A,Y,A,H,D,A,01,W,03,C,,,,,C,N,N,D,2,0,0,0,22350.0,2,37.78311516,-121.24301837,3
2011,2011-01-06,639,1,4,6,4,N,B,Y,B,H,D,A,01,N,08,C,,,,,C,Y,N,D,1,0,0,0,22107.0,4,38.02247833,-121.25826688,3
2011,2011-01-21,725,1,4,7,5,Y,E,N,B,H,A,D,22,,12,D,,Y,,,G,N,F,A,1,0,1,0,22450.0,2,37.95828,-121.23385,3
2011,2011-01-21,1445,1,4,14,5,N,A,N,A,H,A,D,22,E,08,F,,,,,A,Y,N,D,1,0,0,0,22107.0,1,37.7395104,-121.16449426,3
2011,2011-01-21,930,1,4,9,5,N,E,Y,A,H,A,D,22,S,08,E,,,,,I,Y,N,D,1,0,0,0,22107.0,1,37.82589899,-121.21709002,3
2011,2011-01-27,845,1,4,8,4,N,E,N,A,H,A,A,01,E,08,B,,,,,E,Y,N,D,1,0,0,0,22107.0,3,37.96724661,-121.34857687,4
2011,2011-01-28,1008,1,4,10,5,Y,B,N,A,H,A,A,01,,09,D,,,,,C,N,N,D,1,0,0,0,21801.0,2,38.17467,-121.29409,4
2011,2011-01-21,2130,1,4,21,5,N,B,N,A,H,C,C,02,E,08,D,,,Y,,C,Y,N,A,1,0,0,1,22107.0,2,38.00854977,-121.32926671,4
2011,2011-01-25,640,1,4,6,2,Y,E,N,B,H,A,A,01,,03,E,,,,,I,Y,N,A,1,0,0,0,22350.0,1,37.85689,-120.96216,4
2011,2011-01-28,2315,1,4,23,5,N,E,Y,B,H,D,A,01,W,01,F,,,,,A,Y,N,D,2,0,0,0,23152.0,1,38.09062963,-120.94972947,3
2011,2011-01-28,1610,1,4,16,5,N,B,Y,A,H,A,A,01,N,03,C,,,,,C,Y,N,D,2,0,0,0,22350.0,2,37.91921542,-121.22854513,4
2011,2011-01-28,400,1,4,4,5,N,E,N,A,H,D,D,22,E,08,B,,,,,I,Y,N,D,1,0,0,0,22107.0,1,37.76250571,-120.98139138,2
2011,2011-01-26,35,1,4,0,3,N,E,Y,A,H,C,A,01,S,08,E,,,,,I,Y,N,D,1,0,0,0,22107.0,1,37.93098609,-121.2333334,3
2011,2011-01-31,1545,1,4,15,1,N,A,Y,A,H,A,A,01,N,03,C,,,,,C,N,N,D,1,0,0,0,22350.0,2,37.93027508,-121.29593301,4
2011,2011-01-23,1530,1,4,15,7,N,A,Y,A,H,A,A,07,S,08,E,,,,,I,Y,N,D,2,0,0,0,22107.0,1,37.78435487,-121.18800886,4
2011,2011-01-31,702,1,4,7,1,N,A,Y,A,H,B,A,01,N,01,E,,,,,I,Y,N,D,1,0,0,0,23152.0,1,37.9071266,-121.28727038,4
2011,2011-01-24,44,1,4,0,1,N,E,Y,A,H,C,A,01,N,08,E,,,,,I,Y,N,D,2,0,0,0,22107.0,1,37.80272557,-121.19359513,3
2011,2011-01-31,1555,1,4,15,1,N,A,Y,A,H,A,D,22,S,07,B,,,,,C,Y,N,D,1,0,0,0,21658.0,2,37.85564209,-121.21866599,4
2011,2011-02-02,800,2,4,8,3,Y,E,N,A,H,A,D,22,,09,D,,,,,C,N,N,A,1,0,0,0,21802.0,2,38.07965,-121.2143,4
2011,2011-01-29,1245,1,4,12,6,N,B,Y,A,H,A,C,02,S,03,F,,,Y,,A,Y,N,D,1,0,0,1,22350.0,1,37.75311508,-121.14244296,3
2011,2011-01-28,1315,1,4,13,5,N,B,Y,A,H,A,D,22,E,01,D,,,,,C,Y,N,D,2,0,0,0,23152.0,2,38.15380144,-121.15598018,4
2011,2011-02-07,1730,2,4,17,1,Y,A,N,A,H,A,A,07,,09,D,,,,,C,N,N,A,2,0,0,0,21802.0,2,37.75505,-121.24303,4
2011,2011-02-25,510,2,4,5,5,N,B,Y,B,H,C,A,07,E,07,B,,,,Y,C,Y,N,D,5,0,0,0,21658.0,2,37.76304523,-121.42853128,2
2011,2011-02-01,1430,2,4,14,2,N,A,Y,A,H,A,A,01,E,08,E,,,,,I,Y,N,D,1,0,0,0,22107.0,1,37.76496079,-121.40898658,3
2011,2011-02-05,1416,2,4,14,6,Y,A,N,A,H,A,L,04,,01,G,,Y,,,G,N,N,A,1,0,1,0,21200.0,2,37.73944,-121.44816,4
2011,2011-01-26,1958,1,4,19,3,Y,A,N,A,H,C,A,07,,10,G,Y,,,,B,Y,N,A,1,1,0,0,21950.0,2,37.7397,-121.42248,2
2011,2011-02-15,2310,2,4,23,2,N,A,Y,A,H,C,G,25,N,03,F,,,,Y,A,Y,N,D,1,0,0,0,22350.0,1,38.20791511,-121.26419304,4
2011,2011-02-16,925,2,4,9,3,N,B,Y,A,H,A,A,01,N,03,C,,,,Y,C,Y,N,D,1,0,0,0,22350.0,2,38.22160477,-121.2728324,3
2011,2011-02-16,614,2,4,6,3,N,B,Y,A,B,D,G,25,S,07,B,,,,Y,C,Y,N,D,1,0,0,0,21658.0,2,37.95954538,-121.25376678,4
2011,2011-02-22,1110,2,4,11,2,N,A,Y,A,H,A,A,01,N,03,C,,,,Y,C,Y,N,D,2,0,0,0,22350.0,3,38.1663596,-121.26185866,3
2011,2011-02-25,1104,2,4,11,5,N,B,Y,B,H,A,A,01,S,03,D,,,,Y,C,Y,N,D,1,0,0,0,22350.0,2,38.10064558,-121.26026703,4
2011,2011-01-12,1752,1,4,17,3,N,A,N,A,H,C,A,01,E,08,D,,,,,C,Y,N,A,3,0,0,0,22101.0,2,37.7539848,-121.46673534,4
2011,2011-01-18,2016,1,4,20,2,Y,A,N,A,H,C,-,- ,,10,G,Y,,,,B,N,N,A,1,1,0,0,21952.0,2,37.82026,-121.44972,4
2011,2011-01-25,1835,1,4,18,2,N,A,N,A,H,C,A,01,S,03,C,,,,,C,N,N,A,1,0,0,0,22350.0,3,37.75576877,-121.53145312,4
2011,2011-01-25,715,1,4,7,2,N,E,Y,B,H,A,A,01,W,03,C,,,,,C,Y,N,D,1,0,0,0,22350.0,2,37.74084505,-121.50712302,4
2011,2011-01-21,1825,1,4,18,5,N,A,Y,A,H,D,A,01,E,03,C,,,,,C,Y,N,D,2,0,0,0,22350.0,2,37.75985418,-121.44951245,3
2011,2011-01-03,1651,1,4,16,1,N,B,N,A,H,C,A,01,E,09,D,,,,,C,Y,N,D,2,0,0,0,21801.0,2,37.76150825,-121.41169846,4
2011,2011-01-14,2010,1,4,20,5,N,A,N,A,H,C,N,60,W,11,G,Y,,,,B,Y,N,D,1,1,0,0,21954.0,2,37.75411305,-121.43626751,2
2011,2011-01-24,1056,1,4,10,1,N,A,N,A,H,A,A,01,W,03,C,,,,,C,Y,N,D,2,0,0,0,22350.0,2,37.71466437,-121.43190035,3
2011,2011-01-13,745,1,4,7,4,N,B,Y,A,H,A,A,01,E,08,E,,,,,I,Y,N,D,1,0,0,0,22107.0,1,37.76303506,-121.42907301,4
2011,2011-01-20,1445,1,4,14,4,N,A,Y,A,H,A,D,22,S,07,E,,,,,I,Y,N,D,1,0,0,0,21658.0,3,37.7802941,-121.31404426,4
2011,2011-01-20,1805,1,4,18,4,Y,A,N,A,H,C,A,07,,12,A,,,,,C,Y,N,A,1,0,0,0,21453.0,2,37.739799,-121.398309,3
2011,2011-01-20,725,1,4,7,4,Y,A,N,A,H,A,A,07,,12,C,,,,,C,N,N,A,1,0,0,0,22450.0,2,38.13031,-121.35263,4
2011,2011-01-27,929,1,4,9,4,N,B,Y,A,H,A,A,01,E,03,C,,,,,C,Y,N,D,1,0,0,0,22350.0,2,37.76504506,-121.38142646,4
2011,2011-01-21,1825,1,4,18,5,N,A,Y,A,H,D,A,01,N,03,C,,,,,C,Y,N,D,1,0,0,0,22350.0,2,37.97325998,-121.33872977,4
2011,2011-01-21,1815,1,4,18,5,N,A,Y,A,H,C,C,02,N,03,C,,,Y,,C,Y,N,D,1,0,0,1,22350.0,2,37.97444237,-121.33918789,4
2011,2011-01-27,1715,1,4,17,4,N,A,N,A,H,A,C,03,N,09,D,,,Y,,C,N,N,D,1,0,0,1,21804.0,2,38.04769361,-121.25195301,3
2011,2011-01-22,1255,1,4,12,6,N,A,Y,A,H,A,A,07,S,08,E,,,,,I,Y,N,D,1,0,0,0,22107.0,1,38.25426631,-121.44751815,3
2011,2011-01-23,1124,1,4,11,7,N,A,N,A,H,A,A,07,N,05,D,,,,,C,Y,N,D,1,0,0,0,21460.0,2,37.85993342,-121.28148181,3
2011,2011-02-05,1815,2,4,18,6,N,A,N,A,H,D,A,01,N,08,D,,,,,C,Y,N,D,1,0,0,0,22107.0,2,38.0799653,-121.31045818,4
2011,2011-02-02,752,2,4,7,3,N,A,Y,A,H,A,A,07,N,03,C,,,,,C,N,N,D,1,0,0,0,22350.0,2,38.15075026,-121.26150999,4
2011,2011-02-02,1213,2,4,12,3,N,A,Y,A,H,A,A,01,S,08,F,,,,,A,Y,N,D,1,0,0,0,22107.0,1,37.80480503,-121.29828291,3
2011,2011-02-01,750,2,4,7,2,N,E,Y,A,H,A,A,01,N,03,C,,,,,C,N,N,D,1,0,0,0,22350.0,2,37.989475,-121.34553359,4
2011,2011-02-06,1715,2,4,17,7,N,A,Y,A,H,A,-,- ,W,18,E,,,Y,,H,Y,N,D,1,0,0,1,,1,38.04641522,-121.02291668,4
2011,2011-02-06,805,2,4,8,7,N,A,Y,A,H,A,A,07,N,03,F,,,,,A,Y,N,D,1,0,0,0,22350.0,1,37.98648497,-121.34399307,4
2011,2011-02-04,1620,2,4,16,5,N,A,Y,A,H,A,A,07,N,03,C,,,,,C,N,N,D,1,0,0,0,22350.0,2,38.17962619,-121.26233046,4
2011,2011-02-04,1110,2,4,11,5,N,A,N,A,H,A,A,01,S,03,C,,,,,C,Y,N,D,1,0,0,0,22350.0,2,37.75711817,-121.49004614,4
2011,2011-02-04,1710,2,4,17,5,N,A,Y,A,H,A,A,01,E,03,C,,,,,C,Y,N,A,1,0,0,0,22350.0,2,37.75638505,-121.45799301,3
2011,2011-01-31,0,1,4,0,1,N,A,N,A,H,D,A,01,W,01,F,,,,,A,Y,N,D,1,0,0,0,23152.0,1,37.73945961,-121.48578065,3
2011,2011-01-23,28,1,4,0,7,N,A,Y,A,H,D,A,07,W,01,F,,,,,A,Y,N,D,1,0,0,0,23152.0,1,37.68713901,-121.48212778,2
2011,2011-02-01,1056,2,4,10,2,N,A,Y,A,H,A,A,01,N,08,E,,,,,I,Y,N,D,1,0,0,0,22107.0,1,37.83252825,-121.21768,3
2011,2011-03-08,920,3,1,9,2,N,B,Y,A,H,A,G,25,N,05,B,,,,Y,C,Y,N,A,1,0,0,0,21650.0,2,37.82830508,-121.21751298,4
2011,2011-03-04,515,3,1,5,5,N,B,Y,A,H,C,D,22,S,03,C,,,,Y,C,Y,N,D,1,0,0,0,22350.0,2,38.01977551,-121.25802155,4
2011,2011-03-14,1640,3,1,16,1,N,B,Y,B,H,A,D,22,N,08,F,,,,,I,Y,N,D,3,0,0,0,22107.0,1,37.86038082,-121.21860246,3
2011,2011-03-14,1000,3,1,10,1,Y,B,Y,A,H,A,D,22,,09,D,,,,,C,Y,N,A,1,0,0,0,21802.0,2,38.18911511,-121.26281303,4
2011,2011-03-07,551,3,1,5,1,N,A,Y,A,H,D,A,07,N,03,A,,,,,C,Y,N,D,3,0,0,0,22350.0,3,38.14953545,-121.26121112,4
2011,2011-03-16,1750,3,1,17,3,N,A,Y,A,H,A,D,22,W,08,D,,,,,C,N,N,D,1,0,0,0,22107.0,2,38.17581977,-121.12157459,4
2011,2011-03-11,1256,3,1,12,5,Y,A,Y,A,H,A,D,22,,09,D,,,,,C,Y,N,A,1,0,0,0,21802.0,2,38.03182281,-121.05043047,4
2011,2011-03-12,110,3,1,1,6,N,A,Y,A,H,D,A,01,S,08,-,,,,Y,-,Y,N,-,1,0,0,0,22107.0,2,38.10773195,-121.39233937,4
2011,2011-02-09,1026,2,4,10,3,N,A,N,A,H,A,D,22,S,03,C,,,,,C,N,N,A,2,0,0,0,22350.0,2,37.73675561,-121.43625334,4
2011,2011-02-12,1235,2,4,12,6,Y,A,N,A,H,A,A,01,,03,C,,,,,C,Y,N,A,4,0,0,0,22350.0,2,37.76152003,-121.41478993,3
2011,2011-02-16,1518,2,4,15,3,N,A,N,A,H,A,A,01,S,08,F,,,,,-,Y,N,D,1,0,0,0,22107.0,1,37.67040154,-121.45961895,4
2011,2011-02-23,1605,2,4,16,3,N,A,N,A,H,A,-,- ,S,00,G,Y,,,,B,N,N,D,1,1,0,0,,2,37.76092813,-121.43513301,4
2011,2011-02-16,1822,2,4,18,3,Y,A,N,A,H,C,A,07,,09,D,,,,,C,Y,N,A,4,0,0,0,21803.0,2,37.74524,-121.42309,3
2011,2011-01-20,1603,1,4,16,4,N,A,N,A,H,A,A,01,S,07,B,,,,,C,Y,N,D,2,0,0,0,21658.0,4,38.00054689,-121.31646029,4
2011,2011-01-20,1526,1,4,15,4,Y,A,N,A,H,A,A,01,,09,D,,,,,C,Y,N,D,1,0,0,0,21801.0,3,37.96894,-121.2751,4
2011,2011-01-20,1642,1,4,16,4,Y,A,N,A,H,A,D,22,,08,D,,,Y,,C,,N,A,1,0,0,1,22103.0,2,37.91308,-121.31511,3
2011,2011-01-21,1440,1,4,14,5,N,A,N,A,H,A,-,- ,N,08,A,,,,,C,,N,A,1,0,0,0,22107.0,2,38.01968945,-121.30061302,4
2011,2011-01-22,742,1,4,7,6,Y,B,N,A,H,A,A,01,,12,D,,,,,C,Y,N,A,1,0,0,0,21453.0,2,37.96416,-121.31333,4
2011,2011-01-31,1254,1,4,12,1,Y,A,N,A,H,A,A,01,,12,D,,,,,C,Y,N,A,1,0,0,0,21453.0,3,37.95967,-121.29165,4
2011,2011-01-31,1040,1,4,10,1,N,A,N,A,H,A,D,23,W,08,B,,,,,C,,N,A,1,0,0,0,22103.0,2,37.94852343,-121.27805826,4
2011,2011-01-24,821,1,4,8,1,N,E,N,D,H,A,N,60,S,11,G,Y,,,,B,,N,D,1,1,0,0,21956.0,2,37.92180082,-121.26310155,2
2011,2011-01-28,1424,1,4,14,5,Y,B,N,A,H,A,-,- ,,00,D,,,,Y,C,Y,N,A,2,0,0,0,,2,37.95725,-121.28146,4
2011,2011-01-31,709,1,4,7,1,N,E,N,B,H,A,-,- ,S,00,B,,,,,C,Y,N,D,1,0,0,0,,2,38.03436033,-121.26712203,4
2011,2011-01-01,622,1,4,6,6,Y,C,N,B,H,C,A,01,,12,D,,,,,C,Y,N,A,2,0,0,0,21453.0,2,37.94953,-121.29025,4
2011,2011-01-28,1609,1,4,16,5,N,A,N,A,H,A,-,- ,N,00,G,Y,,,,B,,F,A,1,1,0,0,,2,37.96708821,-121.29640812,4
2011,2011-01-30,2135,1,4,21,7,N,A,N,A,H,D,A,01,S,08,H,,,,,H,Y,N,D,3,0,0,0,22107.0,1,37.77809205,-121.14286845,3
2011,2011-01-18,1157,1,4,11,2,Y,B,Y,A,H,A,N,60,,11,D,Y,,,,B,N,N,A,1,1,0,0,21456.0,2,38.1156651,-121.27498303,3
2011,2011-01-04,956,1,4,9,2,Y,E,N,A,H,A,-,- ,,- ,D,,,,,C,Y,N,A,1,0,0,0,,2,38.13006,-121.29746,4
2011,2011-01-29,2238,1,4,22,6,N,E,N,B,H,D,A,01,E,03,C,,,,,D,Y,N,D,1,0,0,0,22350.0,2,37.81206508,-121.18043374,3
2011,2011-02-06,1945,2,4,19,7,Y,A,N,A,H,C,A,01,,21,G,Y,,,,B,N,F,D,1,1,0,0,22106.0,2,37.96373,-121.23305,4
2011,2011-02-11,1123,2,4,11,5,Y,A,N,A,H,A,D,22,,09,D,,Y,,,G,N,N,A,1,0,1,0,21802.0,2,37.96744,-121.33606,4
2011,2011-02-04,1500,2,4,15,5,Y,A,N,A,H,A,A,01,,09,D,,,,,C,Y,N,A,3,0,0,0,21802.0,2,38.00574,-121.32729,3
2011,2011-02-04,2200,2,4,22,5,Y,A,N,A,H,E,A,01,,09,D,,,,,C,Y,F,A,2,0,0,0,21802.0,2,37.97835,-121.2558,4
2011,2011-02-09,1140,2,4,11,3,N,A,N,A,H,A,A,01,N,08,E,,,,,I,Y,N,D,1,0,0,0,22107.0,1,37.74668526,-121.17879944,4
2011,2011-02-08,2020,2,4,20,2,N,A,N,A,H,C,A,07,N,01,E,,,,,I,Y,N,D,2,0,0,0,23152.0,1,37.9720794,-121.33154473,3
2011,2011-02-16,1735,2,4,17,3,Y,B,N,A,H,C,D,22,,03,C,,,,,C,Y,N,D,1,0,0,0,22350.0,2,37.85667,-121.04241,4
2011,2011-02-16,1615,2,4,16,3,N,B,Y,B,H,A,A,01,E,03,C,,,,,C,Y,N,D,1,0,0,0,22350.0,2,37.95188036,-121.28033887,4
2011,2011-02-10,155,2,4,1,4,N,A,Y,A,H,D,A,01,S,01,E,,,,,I,Y,N,D,1,0,0,0,23152.0,1,38.15755962,-121.26158737,3
2011,2011-02-09,2245,2,4,22,3,N,A,Y,A,H,D,A,01,E,01,F,,,,,A,Y,N,D,2,0,0,0,23152.0,1,38.11535513,-121.45499436,3
2011,2011-02-16,1520,2,4,15,3,N,B,Y,A,H,A,D,22,W,03,C,,,,,C,Y,N,D,2,0,0,0,22350.0,2,37.78322508,-121.19678166,4
2011,2011-02-16,1105,2,4,11,3,N,F,Y,D,H,A,A,01,N,08,E,,,,,I,Y,N,D,1,0,0,0,22107.0,1,37.94558756,-121.29899253,3
2011,2011-02-16,1105,2,4,11,3,N,C,Y,B,H,A,A,01,N,08,E,,,,,I,Y,N,D,1,0,0,0,22107.0,1,37.94145585,-121.29822859,4
2011,2011-02-16,1600,2,4,16,3,N,C,Y,B,H,A,D,22,W,03,C,,,,,C,Y,N,D,2,0,0,0,22350.0,4,37.95077484,-121.2871808,4
2011,2011-02-13,150,2,4,1,7,N,A,Y,A,H,D,A,07,N,08,E,,,,,I,Y,N,D,1,0,0,0,22107.0,1,37.95175441,-121.30644688,3
2011,2011-02-12,618,2,4,6,6,N,A,N,A,H,D,A,08,N,03,C,,,,,C,Y,N,D,1,0,0,0,22350.0,2,37.87302918,-121.18305187,3
2011,2011-02-07,2000,2,4,20,1,N,A,Y,A,H,C,A,01,W,01,E,,,,,I,Y,N,D,2,0,0,0,23152.0,1,38.01778509,-121.25821301,4
2011,2011-02-11,1448,2,4,14,5,N,A,Y,A,H,A,A,01,S,03,C,,,,,C,Y,N,D,3,0,0,0,22350.0,2,37.95140936,-121.23808744,3
2011,2011-02-05,1725,2,4,17,6,N,A,Y,A,H,A,A,01,W,03,C,,,,,C,Y,N,D,1,0,0,0,22350.0,2,37.78166507,-121.31215299,4
2011,2011-02-05,1750,2,4,17,6,N,A,Y,A,H,E,D,22,E,03,C,,,,,C,Y,N,D,3,0,0,0,22350.0,3,37.78323511,-121.21362247,3
2011,2011-02-14,1750,2,4,17,1,N,B,Y,A,H,B,A,07,W,08,E,,,,,I,Y,N,D,1,0,0,0,22107.0,1,38.0290745,-121.0590764,4
2011,2011-02-10,1635,2,4,16,4,N,A,Y,A,H,A,A,01,N,08,E,,,,,I,N,N,D,1,0,0,0,22107.0,1,37.97130638,-121.3383266,4
2011,2011-02-06,340,2,4,3,7,Y,A,N,A,H,C,D,22,,01,C,,,,Y,E,Y,N,D,1,0,0,0,23152.0,2,38.13081,-121.25241,2
2011,2011-03-23,1120,3,1,11,3,Y,B,N,B,H,A,A,01,,09,D,,,,Y,C,Y,N,A,1,0,0,0,21453.0,2,37.75796,-121.5315,4
2011,2011-03-15,1244,3,1,12,2,N,B,Y,A,H,A,A,01,W,08,B,,,,,C,Y,N,D,1,0,0,0,22107.0,2,37.76508806,-121.35656393,4
2011,2011-03-22,1625,3,1,16,2,Y,B,Y,A,H,A,D,22,,03,C,,,,,C,Y,N,D,1,0,0,0,22350.0,2,37.63796505,-121.32458656,4
2011,2011-01-09,1710,1,4,17,7,N,B,N,A,H,B,A,01,N,03,C,,,,,C,Y,N,D,1,0,0,0,22350.0,2,37.97924372,-121.28194837,4
2011,2011-01-08,1615,1,4,16,6,N,A,Y,A,H,A,L,04,E,21,H,,Y,,,G,N,N,A,1,0,1,0,22106.0,2,37.80735507,-121.29703299,4
2011,2011-01-18,1601,1,4,16,2,N,A,Y,A,H,A,D,22,E,03,C,,,,,C,N,N,D,1,0,0,0,22350.0,2,37.93667576,-121.2977278,4
2011,2011-03-20,1123,3,1,11,7,Y,C,N,B,H,A,A,07,,12,D,,,,,C,Y,N,A,1,0,0,0,22450.0,2,38.13513,-121.26548,4
2011,2011-02-20,1857,2,4,18,7,Y,A,N,A,H,C,A,01,,12,D,,,,,C,N,N,A,1,0,0,0,21453.0,2,38.11561,-121.27603,4
2011,2011-01-20,1859,1,4,18,4,Y,A,N,A,H,E,-,- ,,12,G,Y,,,,B,,N,A,1,1,0,0,21453.0,2,,,3
2011,2011-01-10,1434,1,4,14,1,N,A,N,A,H,A,D,22,N,04,C,,,,,C,Y,N,A,2,0,0,0,21703.0,2,37.79581791,-121.23812434,4
2011,2011-01-18,1256,1,4,12,2,Y,B,N,A,H,A,D,22,,09,D,,,,,C,Y,N,A,2,0,0,0,21802.0,2,37.79652,-121.22685,4
2011,2011-01-19,1528,1,4,15,3,N,B,N,A,H,A,-,- ,E,00,A,,,,,C,Y,N,A,1,0,0,0,,2,37.81193508,-121.22777605,4
2011,2011-03-23,1814,3,1,18,3,N,B,N,A,H,A,D,22,W,03,C,,,,,C,Y,N,A,1,0,0,0,22350.0,2,37.73972363,-121.41940176,4
2011,2011-01-05,833,1,4,8,3,Y,E,N,B,H,A,A,01,,03,D,,,,Y,C,,N,A,1,0,0,0,22350.0,2,37.90706,-121.23839,4
2011,2011-01-03,1048,1,4,10,1,N,B,N,A,H,A,D,22,E,03,C,,,,,C,,N,A,1,0,0,0,22350.0,3,38.01973253,-121.32386941,4
2011,2011-01-02,1548,1,4,15,7,Y,B,N,A,H,A,D,22,,12,D,,,,,C,,N,A,4,0,0,0,21453.0,3,38.0301,-121.32283,4
2011,2011-01-04,1435,1,4,14,2,N,B,N,A,H,A,D,22,N,03,C,,,,,C,Y,N,D,1,0,0,0,22350.0,2,37.99044329,-121.30360127,4
2011,2011-01-10,1323,1,4,13,1,N,A,N,A,H,A,A,08,S,03,C,,,,,C,,N,D,2,0,0,0,22350.0,3,38.03277998,-121.33641878,4
2011,2011-01-08,808,1,4,8,6,N,B,N,A,H,A,A,01,E,09,D,,,,,E,Y,N,D,1,0,0,0,21801.0,5,38.01462768,-121.34623194,4
2011,2011-01-11,1234,1,4,12,2,Y,B,N,A,H,A,D,22,,12,D,,,,,C,Y,N,A,1,0,0,0,21453.0,2,38.02112,-121.32537,4
2011,2011-01-13,942,1,4,9,4,N,B,N,B,H,A,D,22,E,03,C,,,,,C,,F,A,1,0,0,0,22350.0,2,37.98485,-121.33988,4
2011,2011-02-02,818,2,4,8,3,N,A,Y,A,H,A,-,- ,E,08,B,,,,,C,N,N,D,1,0,0,0,22100.0,2,37.79663137,-120.99378438,3
2011,2011-03-18,1405,3,1,14,5,Y,B,N,B,H,A,D,22,,09,D,,,,,C,Y,N,A,1,0,0,0,21802.0,2,38.17467,-121.29409,2
2011,2011-03-18,1415,3,1,14,5,N,B,Y,B,H,A,A,08,N,03,C,,,,,C,Y,N,D,1,0,0,0,22350.0,2,37.77720641,-121.18237849,4
2011,2011-03-20,403,3,1,4,7,N,B,Y,B,H,D,D,22,S,01,A,,,,,C,Y,F,D,4,0,0,0,23152.0,2,37.85198345,-121.21828885,3
2011,2011-03-19,1600,3,1,16,6,N,B,Y,B,H,A,D,22,S,03,D,,,,Y,C,Y,N,D,1,0,0,0,22350.0,2,38.15732973,-121.26184363,4
2011,2011-03-21,1435,3,1,14,1,N,C,N,B,H,A,D,22,E,03,E,,,,,I,Y,N,D,2,0,0,0,22350.0,1,38.02976313,-121.12514198,3
2011,2011-03-22,757,3,1,7,2,N,B,Y,A,H,A,D,22,N,03,C,,,,,C,Y,N,D,1,0,0,0,22350.0,2,37.99189543,-121.34651458,4
2011,2011-03-23,735,3,1,7,3,N,B,Y,B,H,B,-,- ,E,18,E,,,,,J,N,N,D,1,0,0,0,,1,37.7977232,-121.13582525,3