ACCIDENT_YEAR,COLLISION_DATE,COLLISION_TIME,MONTH,SEASON,24HOURS,DAY_OF_WEEK,INTERSECTION,WEATHER_1,STATE_HWY_IND,ROAD_SURFACE,ROAD_COND_1,LIGHTING,STWD_VEHTYPE_AT_FAULT,CHP_VEHTYPE_AT_FAULT,DIRECTION,PCF_VIOL_CATEGORY,TYPE_OF_COLLISION,PEDESTRIAN_ACCIDENT,BICYCLE_ACCIDENT,MOTORCYCLE_ACCIDENT,TRUCK_ACCIDENT,MVIW,TOW_AWAY,HIT_AND_RUN,CONTROL_DEVICE,NUMBER_INJURED,COUNT_PED_INJURED,COUNT_BICYCLIST_INJURED,COUNT_MC_INJURED,PCF_VIOLATION,PARTY_COUNT,POINT_Y,POINT_X,COLLISION_SEVERITY
2011,2011-08-28,1405,8,2,14,7,N,A,N,A,H,A,C,02,S,08,E,,,Y,,I,N,N,D,1,0,0,1,22107.0,1,37.73072637,-121.45298301,3
2011,2011-08-21,2300,8,2,23,7,N,A,N,A,H,C,A,01,W,08,E,,,,,I,Y,M,D,1,0,0,0,22107.0,1,37.754704,-121.37506053,3
2011,2011-08-15,1620,8,2,16,1,N,A,Y,A,H,A,C,02,E,03,C,,,Y,,C,Y,N,D,1,0,0,1,22350.0,3,37.7627969,-121.42877603,3
2011,2011-08-19,1845,8,2,18,5,Y,A,N,A,H,A,A,01,,09,D,,,,,C,N,N,A,1,0,0,0,21801.0,2,37.75847,-121.49221,4
2011,2011-08-29,834,8,2,8,1,N,A,N,A,H,A,A,08,N,08,D,,,,,C,N,N,D,1,0,0,0,22107.0,2,37.71773732,-121.427993,4
2011,2011-08-28,1839,8,2,18,7,-,A,N,A,H,A,A,01,,01,E,,,,,I,Y,N,D,2,0,0,0,23152.0,1,37.75575875,-121.42597,3
2011,2011-09-12,1610,9,3,16,1,N,A,Y,A,H,A,D,22,W,03,C,,,,,C,Y,N,D,1,0,0,0,22350.0,2,37.7832102,-121.21934662,3
2011,2011-09-06,750,9,3,7,2,N,A,Y,A,H,A,D,22,S,03,C,,,,,C,Y,N,D,2,0,0,0,22350.0,3,37.75166649,-121.14052646,4
2011,2011-09-20,950,9,3,9,2,Y,A,N,A,H,A,-,- ,,00,D,,,,,C,Y,N,D,2,0,0,0,,2,38.10133,-121.23007,3
2011,2011-09-10,658,9,3,6,6,N,A,N,A,H,A,A,01,S,03,C,,,,,C,Y,N,D,1,0,0,0,22350.0,2,37.814564,-120.997174,4
2011,2011-09-12,3,9,3,0,1,N,A,Y,A,H,C,D,22,N,01,E,,,,,I,Y,M,D,1,0,0,0,23152.0,1,38.00767508,-121.35272303,3
2011,2011-09-07,1914,9,3,19,3,Y,A,N,A,H,B,D,22,,01,D,,Y,,,G,Y,F,A,1,0,1,0,23152.0,2,38.02097,-121.32999,2
2011,2011-09-02,1220,9,3,12,5,N,A,Y,A,H,A,G,25,W,03,C,,,,Y,C,N,N,D,1,0,0,0,22350.0,2,38.1153587,-121.47554996,4
2011,2011-09-02,1309,9,3,13,5,N,A,N,A,H,A,G,27,E,21,C,,,,Y,C,Y,N,A,1,0,0,0,22106.0,2,37.98345788,-121.27126792,4
2011,2011-09-02,1805,9,3,18,5,N,A,N,A,H,A,D,22,S,09,D,,,,,C,Y,N,D,2,0,0,0,21801.0,2,38.03657449,-121.25799471,3
2011,2011-09-05,1420,9,3,14,1,N,A,Y,A,H,A,D,22,E,09,D,,,,,C,Y,N,D,3,0,0,0,21804.0,2,38.18063088,-121.11049557,4
2011,2011-09-08,1400,9,3,14,4,N,A,N,A,H,A,A,01,N,03,C,,,,,C,Y,N,D,1,0,0,0,22350.0,2,37.99029702,-121.25600118,3
2011,2011-08-13,1610,8,2,16,6,N,A,N,A,H,A,A,01,S,01,E,,,,,I,Y,N,D,2,0,0,0,23152.0,1,37.97619872,-121.18930762,3
2011,2011-08-12,1816,8,2,18,5,N,A,N,A,H,A,A,01,E,03,C,,,,,C,Y,N,A,4,0,0,0,22350.0,2,38.05761499,-121.30921376,3
2011,2011-08-12,1720,8,2,17,5,N,A,N,A,H,A,A,01,E,03,C,,,,,C,N,N,A,2,0,0,0,22350.0,2,38.05760976,-121.30876921,4
2011,2011-08-09,725,8,2,7,2,N,A,N,A,H,A,A,01,E,08,F,,,,,A,Y,N,D,2,0,0,0,22107.0,1,38.2350465,-121.13180663,3
2011,2011-08-13,1848,8,2,18,6,Y,A,N,A,H,A,A,01,,01,E,,,,,I,Y,N,A,1,0,0,0,23152.0,1,37.87099,-121.07141,3
2011,2011-08-16,755,8,2,7,2,N,A,Y,A,H,A,A,07,E,03,C,,,,,C,Y,N,A,1,0,0,0,22350.0,4,38.03620509,-121.25825301,4
2011,2011-08-16,745,8,2,7,2,N,A,N,A,H,A,A,08,W,21,G,Y,,,,B,N,N,A,2,2,0,0,22106.0,3,37.97407093,-121.33990956,4
2011,2011-08-12,1520,8,2,15,5,N,A,Y,A,H,A,A,01,S,07,C,,,,,C,N,N,D,1,0,0,0,21658.0,2,37.8592918,-121.21881763,4
2011,2011-08-17,1014,8,2,10,3,N,A,Y,A,H,A,A,01,E,08,B,,,,,C,Y,N,D,2,0,0,0,22107.0,2,37.78879104,-121.30194974,3
2011,2011-08-15,1258,8,2,12,1,N,A,Y,A,H,A,A,01,N,07,B,,,,,C,Y,N,D,1,0,0,0,21658.0,2,37.86023867,-121.21885054,4
2011,2011-08-15,2055,8,2,20,1,N,A,Y,A,D,D,A,01,S,03,C,,,,,C,Y,N,A,2,0,0,0,22350.0,2,38.18215824,-121.40026696,4
2011,2011-08-15,2256,8,2,22,1,N,A,Y,A,H,C,A,01,W,01,E,,,,,I,Y,N,D,1,0,0,0,23152.0,1,37.95223156,-121.30743264,2
2011,2011-08-15,245,8,2,2,1,N,A,Y,A,H,D,A,01,N,01,E,,,,,I,Y,N,D,1,0,0,0,23152.0,1,37.9477431,-121.30041903,3
2011,2011-08-14,2140,8,2,21,7,N,A,Y,A,D,D,A,01,S,03,C,,,,,C,Y,N,D,1,0,0,0,22350.0,2,38.17012957,-121.26226649,4
2011,2011-08-14,515,8,2,5,7,N,A,Y,A,H,C,A,01,N,08,E,,,,,I,Y,N,D,1,0,0,0,22107.0,1,37.98741991,-121.25073278,2
2011,2011-08-11,1734,8,2,17,4,N,A,Y,A,H,A,A,01,S,03,C,,,,,C,Y,N,D,1,0,0,0,22350.0,2,37.73652555,-121.11749959,4
2011,2011-08-14,450,8,2,4,7,N,A,Y,A,H,A,A,07,W,08,F,,,,,A,Y,N,D,1,0,0,0,22107.0,1,38.12826751,-121.16750831,3
2011,2011-08-14,335,8,2,3,7,N,A,Y,A,H,D,A,01,N,03,C,,,,,C,Y,N,D,4,0,0,0,22350.0,2,37.99561835,-121.2539907,4
2011,2011-08-11,45,8,2,0,4,N,A,Y,A,H,C,A,01,W,08,E,,,,,I,Y,N,A,1,0,0,0,22107.0,1,37.89335508,-121.282663,4
2011,2011-08-08,1545,8,2,15,1,N,A,Y,A,H,A,A,01,E,03,C,,,,,D,Y,N,D,3,0,0,0,22350.0,2,37.78323511,-121.21362247,3
2011,2011-08-21,1200,8,2,12,7,N,A,Y,A,H,A,A,01,N,08,E,,,,,I,Y,N,D,1,0,0,0,22107.0,1,37.80789051,-121.19975428,4
2011,2011-08-13,1425,8,2,14,6,N,A,Y,A,H,A,A,01,N,08,E,,,,,I,Y,N,D,1,0,0,0,22107.0,1,38.08819487,-121.25995226,3
2011,2011-08-21,700,8,2,7,7,N,A,Y,A,H,A,A,01,N,08,E,,,,,I,N,N,D,2,0,0,0,22107.0,1,38.20375018,-121.26317406,4
2011,2011-09-17,2339,9,3,23,6,Y,A,N,A,H,E,A,01,,22,D,,,,,C,Y,M,A,2,0,0,0,,2,37.7251,-121.43484,4
2011,2011-08-22,1435,8,2,14,1,N,A,N,A,H,A,-,- ,S,03,C,,,,,C,N,M,A,1,0,0,0,22350.0,2,38.13836531,-121.28845852,4
2011,2011-08-31,735,8,2,7,3,Y,A,Y,A,H,A,-,- ,,12,D,,,,,C,Y,N,A,1,0,0,0,21453.0,2,38.11549388,-121.27905847,4
2011,2011-08-22,1344,8,2,13,1,Y,A,N,A,H,A,-,- ,,12,F,,,,,C,Y,N,A,2,0,0,0,22450.0,2,38.13642,-121.26921,3
2011,2011-08-12,421,8,2,4,5,N,A,N,A,H,C,D,22,W,01,H,,,,,I,Y,F,D,2,0,0,0,23152.0,2,38.11223136,-121.28175435,3
2011,2011-08-21,1946,8,2,19,7,N,A,N,A,H,A,-,- ,N,03,C,,,,,C,N,M,A,1,0,0,0,22350.0,2,38.13606006,-121.28836988,4
2011,2011-09-01,2124,9,3,21,4,N,A,N,A,H,C,D,22,N,01,C,,,,,E,Y,M,D,1,0,0,0,23152.0,2,38.13709513,-121.29218687,3
2011,2011-08-19,30,8,2,0,5,N,A,N,A,H,C,A,01,E,01,E,,,,,I,N,M,D,1,0,0,0,23152.0,1,38.12990571,-121.26257121,3
2011,2011-08-26,1718,8,2,17,5,N,A,N,A,H,A,A,07,W,03,C,,,,,C,Y,N,D,3,0,0,0,22350.0,4,38.10109288,-121.30643785,3
2011,2011-08-15,709,8,2,7,1,N,A,N,A,H,A,A,08,W,03,C,,,,,C,Y,N,D,2,0,0,0,22350.0,2,37.82633143,-121.28316734,4
2011,2011-08-26,826,8,2,8,5,N,A,N,A,H,A,A,01,,09,D,,,,,C,N,N,D,3,0,0,0,21801.0,2,37.82961703,-121.27607676,4
2011,2011-09-20,620,9,3,6,2,N,A,Y,A,H,A,D,22,S,03,C,,,,,C,Y,N,D,1,0,0,0,22350.0,5,37.75210772,-121.14082983,4
2011,2011-09-24,1805,9,3,18,6,N,A,Y,A,H,A,A,07,E,04,C,,,,,C,N,N,D,2,0,0,0,21703.0,2,37.78327484,-121.19333045,4
2011,2011-09-25,1958,9,3,19,7,N,A,N,A,H,D,D,22,N,08,E,,,,,I,Y,N,D,1,0,0,0,22107.0,1,37.72213611,-121.15633069,3
2011,2011-07-27,1740,7,2,17,3,N,A,Y,A,H,A,A,01,E,04,C,,,,,C,N,N,D,1,0,0,0,21703.0,2,37.78323511,-121.21362247,4
2011,2011-07-11,1145,7,2,11,1,N,A,N,A,H,A,A,01,S,03,B,Y,,,,B,N,N,D,1,1,0,0,22350.0,2,37.99712653,-121.31500483,4
2011,2011-08-26,1116,8,2,11,5,N,A,Y,A,H,A,A,01,N,08,E,,,,,I,Y,N,D,1,0,0,0,22107.0,1,37.95891508,-121.33197302,3
2011,2011-08-17,1705,8,2,17,3,N,A,N,A,H,A,A,01,S,08,B,,,,,C,Y,N,D,1,0,0,0,22107.0,2,37.78344701,-121.10672185,3
2011,2011-08-29,1300,8,2,13,1,Y,A,N,A,H,A,A,01,,12,D,,,,,C,Y,N,A,2,0,0,0,21453.0,2,37.79507003,-121.2783499,3
2011,2011-09-21,1339,9,3,13,3,N,A,Y,A,H,A,A,07,S,07,B,,,,Y,C,N,M,D,1,0,0,0,21658.0,2,37.9088456,-121.28789865,4
2011,2011-09-16,1705,9,3,17,5,N,A,N,A,H,A,D,22,E,03,C,,,,,C,Y,N,D,2,0,0,0,22350.0,2,37.95460912,-121.23182687,4
2011,2011-09-23,735,9,3,7,5,N,A,N,A,H,A,A,01,E,03,C,,,,,C,Y,N,D,2,0,0,0,22350.0,2,38.23492336,-121.14757844,4
2011,2011-09-25,1620,9,3,16,7,N,A,Y,A,H,A,D,22,N,08,F,,,,,A,Y,N,D,1,0,0,0,22107.0,1,38.05885861,-121.25967932,4
2011,2011-09-08,1720,9,3,17,4,N,A,N,A,-,-,D,22,N,06,G,Y,,,,B,N,M,D,1,1,0,0,21750.0,2,38.19183468,-121.17054707,3
2011,2011-09-23,1108,9,3,11,5,N,A,N,A,H,A,A,01,E,08,B,,,,,C,N,N,A,1,0,0,0,22107.0,2,37.75413506,-121.42976464,4
2011,2011-09-20,715,9,3,7,2,N,A,Y,A,H,B,C,02,S,03,C,,,Y,,C,Y,N,D,1,0,0,1,22350.0,3,37.78494508,-121.18816297,4
2011,2011-09-24,1904,9,3,19,6,N,A,N,A,H,A,D,22,E,03,C,,,,,C,Y,N,A,1,0,0,0,22350.0,2,37.75398509,-121.45917955,4
2011,2011-09-14,644,9,3,6,3,N,A,Y,A,H,A,A,01,W,01,A,,,,Y,C,Y,N,D,3,0,0,0,23152.0,2,37.63828616,-121.28324013,2
2011,2011-09-26,1450,9,3,14,1,N,A,N,A,H,A,D,22,E,04,C,,,,,C,N,N,D,1,0,0,0,21703.0,3,37.73981506,-121.39801361,4
2011,2011-09-16,835,9,3,8,5,N,A,Y,A,H,A,A,01,W,03,C,,,,Y,C,Y,N,D,2,0,0,0,22350.0,3,37.74697323,-121.48093243,4
2011,2011-09-16,1430,9,3,14,5,N,A,N,A,A,A,-,- ,E,18,H,,,,,A,N,N,D,1,0,0,0,,1,38.13855383,-121.29749916,3
2011,2011-08-31,1700,8,2,17,3,N,A,Y,A,H,A,A,01,N,08,B,,,,,C,Y,N,D,1,0,0,0,22107.0,2,37.86492249,-121.21903483,4
2011,2011-08-28,1405,8,2,14,7,N,A,Y,A,H,A,-,- ,S,18,E,,,,,I,Y,N,D,2,0,0,0,,1,37.7732403,-121.177314,4
2011,2011-08-03,1730,8,2,17,3,Y,A,N,A,H,A,A,07,,12,G,,Y,,,G,N,F,A,1,0,1,0,22450.0,2,37.92944,-121.24936,4
2011,2011-08-28,1455,8,2,14,7,N,A,Y,A,H,A,A,01,W,03,F,,,,,A,Y,N,D,1,0,0,0,22350.0,1,37.78304507,-121.25828298,3
2011,2011-08-23,1910,8,2,19,2,Y,A,N,A,H,A,A,07,,09,D,,,,,C,Y,N,A,1,0,0,0,21801.0,3,37.98758,-121.26964,3
2011,2011-08-28,1830,8,2,18,7,N,A,N,A,H,A,A,01,W,08,D,,,,,C,Y,N,D,1,0,0,0,22107.0,2,37.92854279,-121.25284973,4
2011,2011-08-27,1100,8,2,11,6,N,A,N,A,H,A,A,01,N,08,E,,,,,I,Y,N,D,1,0,0,0,22107.0,1,38.0218241,-121.00449149,4
2011,2011-08-27,1417,8,2,14,6,N,A,N,A,H,A,A,01,S,01,E,,,,,I,Y,N,D,1,0,0,0,23152.0,1,38.09376594,-121.27873594,2
2011,2011-08-25,1630,8,2,16,4,N,A,N,A,H,A,A,01,E,05,A,,,,,C,Y,M,D,1,0,0,0,21460.0,2,37.973782,-121.259598,4
2011,2011-09-04,510,9,3,5,7,N,A,Y,A,H,D,A,01,S,01,E,,,,,I,Y,N,D,1,0,0,0,23152.0,1,37.97031844,-121.33757653,3
2011,2011-09-03,810,9,3,8,6,N,A,Y,A,H,A,A,01,N,07,E,,,,,I,Y,N,D,1,0,0,0,21658.0,1,38.12070269,-121.39988965,3
2011,2011-09-02,2255,9,3,22,5,Y,A,N,A,H,C,A,01,,01,E,,,,,I,Y,N,A,2,0,0,0,23152.0,1,37.99298,-121.21628,3
2011,2011-09-03,1525,9,3,15,6,N,A,Y,A,D,A,A,01,E,03,C,,,,,C,N,N,D,1,0,0,0,22350.0,2,37.78322508,-121.1969737,4
2011,2011-07-20,1700,7,2,17,3,N,A,N,A,H,A,L,04,E,05,H,,Y,,,G,Y,N,D,1,0,1,0,21650.0,2,37.95791092,-121.30200089,3
2011,2011-07-17,1813,7,2,18,7,N,A,N,A,E,A,D,22,W,03,C,,,,,E,,F,D,1,0,0,0,22350.0,2,37.92235469,-121.29425267,4
2011,2011-07-18,956,7,2,9,1,Y,A,N,A,H,A,D,22,,09,D,,,,,C,,N,D,3,0,0,0,21801.0,2,37.9558,-121.27152,4
2011,2011-07-19,1538,7,2,15,2,Y,A,N,A,H,A,L,04,,05,H,,Y,,,G,,N,A,1,0,1,0,21650.0,2,38.00484,-121.31695,4
2011,2011-07-18,639,7,2,6,1,Y,A,N,A,H,A,A,07,,12,D,,,,Y,C,,N,A,2,0,0,0,22450.0,2,37.9498,-121.35594,3
2011,2011-07-08,1310,7,2,13,5,Y,A,N,A,H,A,D,22,,12,D,,,,,C,Y,N,A,1,0,0,0,21453.0,4,37.95899,-121.29555,4
2011,2011-07-07,1329,7,2,13,4,Y,A,N,A,H,A,A,07,,12,D,,,,,D,,N,A,1,0,0,0,21453.0,2,38.00281005,-121.28813988,4
2011,2011-07-07,2128,7,2,21,4,Y,A,N,A,H,C,A,01,,12,D,,,,,C,,N,A,1,0,0,0,22450.0,2,37.93131,-121.26898,4
2011,2011-07-26,1226,7,2,12,2,Y,A,N,A,H,A,A,01,,- ,D,,,,,C,Y,N,A,1,0,0,0,,3,38.00234,-121.32708,4
2011,2011-07-08,723,7,2,7,5,Y,A,N,A,H,A,A,08,,03,C,,,,,C,,N,A,2,0,0,0,22350.0,2,37.99015,-121.34088,4
2011,2011-07-26,1449,7,2,14,2,N,A,N,A,H,A,A,01,S,03,C,,,,,C,Y,N,A,2,0,0,0,22350.0,2,37.98134992,-121.31878424,4
2011,2011-07-10,1933,7,2,19,7,Y,A,N,A,H,A,A,08,,09,D,,,,,C,Y,N,A,4,0,0,0,21802.0,2,37.93435,-121.28205,4
2011,2011-07-26,1055,7,2,10,2,Y,A,N,A,H,A,-,- ,,00,C,,,,,C,,N,A,1,0,0,0,,2,37.95482,-121.27126,4
2011,2011-07-28,1425,7,2,14,4,N,A,N,A,H,A,D,22,E,08,B,,,,,C,,N,D,2,0,0,0,22100.0,2,37.95632675,-121.31141664,3
2011,2011-07-10,1155,7,2,11,7,N,A,N,A,H,A,A,01,S,03,C,,,,,C,Y,N,A,1,0,0,0,22350.0,3,37.98645726,-121.32079589,4
2011,2011-07-09,1145,7,2,11,6,N,A,N,A,D,A,-,- ,W,00,C,,,,,C,Y,N,D,3,0,0,0,,2,37.93893448,-121.24042989,3
2011,2011-07-09,1556,7,2,15,6,N,A,N,A,H,A,A,01,N,03,C,,,,,C,,N,A,1,0,0,0,22350.0,2,38.01156806,-121.32077315,3
2011,2011-09-20,1330,9,3,13,2,N,A,N,A,H,A,H,13,N,08,E,,,,,I,N,N,D,1,0,0,0,22107.0,2,37.96009157,-121.28358772,4
2011,2011-09-26,550,9,3,5,1,N,A,Y,A,D,A,A,01,N,03,C,,,,,D,Y,N,D,3,0,0,0,22350.0,3,37.7609791,-121.15793,4
2011,2011-09-28,1938,9,3,19,3,N,A,N,A,H,D,D,22,N,09,D,,,,,C,N,M,D,2,0,0,0,21804.0,2,37.99048758,-121.25606788,4
2011,2011-09-30,1400,9,3,14,5,N,A,N,A,H,A,A,01,E,03,C,,,,,C,N,N,A,1,0,0,0,22350.0,2,38.0048423,-121.34989878,4
2011,2011-09-29,755,9,3,7,4,N,A,Y,A,H,A,D,22,N,08,E,,,,,I,Y,N,D,3,0,0,0,22107.0,3,37.93239139,-121.23374618,3
2011,2011-09-26,438,9,3,4,1,N,A,Y,A,H,D,D,22,E,08,F,,,,,A,Y,N,D,1,0,0,0,22107.0,1,37.92960352,-121.03569487,4
2011,2011-09-25,725,9,3,7,7,N,B,Y,A,H,A,D,22,W,03,C,,,,,C,Y,N,D,3,0,0,0,22350.0,5,37.65769122,-121.4329046,4
2011,2011-09-28,2230,9,3,22,3,N,A,N,A,H,D,D,22,E,08,F,,,,,I,Y,N,D,1,0,0,0,22107.0,1,37.629438,-121.53125,3
2011,2011-09-27,610,9,3,6,2,N,A,N,A,H,B,A,01,E,05,C,,,,Y,C,Y,N,D,1,0,0,0,21460.0,2,37.75822631,-121.51312233,4
2011,2011-09-22,1325,9,3,13,4,N,A,Y,A,H,A,C,02,W,08,F,,,Y,,A,Y,N,D,1,0,0,1,22107.0,1,37.74240486,-121.5316652,3
2011,2011-09-30,1620,9,3,16,5,N,A,N,A,H,A,A,01,N,08,F,,,,,A,Y,N,D,1,0,0,0,22107.0,1,37.84847042,-121.2369005,3
2011,2011-09-28,1428,9,3,14,3,N,A,Y,A,H,A,A,01,S,08,D,,,,,C,N,N,D,1,0,0,0,22107.0,2,37.9190899,-121.22849492,4
2011,2011-09-27,1040,9,3,10,2,Y,A,Y,A,H,A,A,08,,12,D,,,,,C,Y,N,A,1,0,0,0,21453.0,2,37.98707509,-121.25083301,4
2011,2011-09-25,1840,9,3,18,7,N,A,Y,A,H,A,A,01,E,04,C,,,,,C,N,N,A,3,0,0,0,21703.0,2,38.16433391,-121.14883868,4
2011,2011-09-22,1730,9,3,17,4,N,A,N,A,H,A,L,04,W,08,H,,Y,,,G,N,N,D,1,0,1,0,22107.0,2,37.82643413,-121.2592574,3
2011,2011-10-02,1455,10,3,14,7,N,A,Y,A,-,A,A,01,S,08,F,,,,,A,Y,N,D,1,0,0,0,22107.0,1,37.77778236,-121.31687217,3
2011,2011-08-29,1603,8,2,16,1,N,A,Y,A,H,A,A,01,W,03,C,,,,,C,Y,N,D,1,0,0,0,22350.0,2,37.76280506,-121.42546728,4
2011,2011-09-01,1750,9,3,17,4,N,A,N,A,H,A,C,02,W,08,E,,,Y,,I,Y,N,D,1,0,0,1,22107.0,1,37.80056543,-121.47282975,3
2011,2011-09-06,708,9,3,7,2,N,A,Y,A,H,A,A,01,E,03,C,,,,,D,Y,N,D,1,0,0,0,22350.0,2,37.74230005,-121.52735927,4
2011,2011-09-01,1830,9,3,18,4,N,A,N,A,B,A,A,01,E,08,F,,,,,A,Y,N,D,3,0,0,0,22107.0,1,37.65402849,-121.25856596,3
2011,2011-08-28,1355,8,2,13,7,N,A,Y,A,H,A,A,07,N,03,C,,,,,C,Y,N,D,2,0,0,0,22350.0,2,37.77225662,-121.32506345,4
2011,2011-10-07,1600,10,3,16,5,N,A,Y,A,H,A,A,01,N,07,B,,,,,C,Y,N,D,2,0,0,0,21658.0,2,38.02723489,-121.25813222,3
2011,2011-10-02,109,10,3,1,7,N,A,Y,A,H,D,D,22,N,08,E,,,,,I,Y,N,D,2,0,0,0,22107.0,2,38.07177621,-121.25969343,4
2011,2011-10-06,510,10,3,5,4,N,C,N,B,H,D,D,22,E,08,F,,,,,A,Y,N,D,1,0,0,0,22107.0,1,38.22297799,-121.49831751,4
2011,2011-10-08,834,10,3,8,6,N,A,Y,A,H,A,A,01,S,07,B,,,,Y,C,N,N,D,1,0,0,0,21658.0,2,37.75127508,-121.14006296,4
2011,2011-10-08,959,10,3,9,6,N,A,N,A,H,A,D,22,S,09,A,,,,,C,Y,N,D,5,0,0,0,21801.0,2,37.85695655,-121.2189281,4
2011,2011-09-02,1921,9,3,19,5,N,A,N,A,H,A,A,01,N,08,E,,,,,I,Y,N,D,1,0,0,0,22107.0,1,37.72232984,-121.43480546,4
2011,2011-09-02,1406,9,3,14,5,Y,A,N,A,H,A,A,07,,09,D,,,,,C,Y,N,A,2,0,0,0,21802.0,2,37.75088,-121.42991,3
2011,2011-09-07,1535,9,3,15,3,N,A,N,A,D,A,A,01,S,03,D,,,,,C,N,N,A,1,0,0,0,22350.0,2,37.734086,-121.476535,4
2011,2011-10-05,650,10,3,6,3,N,B,Y,A,H,B,A,01,S,03,C,,,,,C,Y,N,D,2,0,0,0,22350.0,2,37.87170747,-121.27790196,3
2011,2011-10-12,1910,10,3,19,3,Y,A,Y,A,H,C,D,22,,09,D,,,,,C,Y,N,A,1,0,0,0,21802.0,2,38.19127802,-121.08626068,4
2011,2011-10-12,1708,10,3,17,3,N,A,Y,A,H,A,D,22,S,09,D,,,Y,,C,Y,N,D,1,0,0,1,21801.0,2,38.15752097,-121.15428771,4
2011,2011-10-08,1344,10,3,13,6,N,A,Y,A,H,A,G,25,S,07,B,,,,Y,C,Y,N,D,1,0,0,0,21658.0,3,37.95636895,-121.32689544,3
2011,2011-10-10,1145,10,3,11,1,N,B,Y,B,D,A,D,22,W,03,C,,,,,C,N,N,D,1,0,0,0,22350.0,2,37.89135652,-121.49547506,4
2011,2011-10-10,1305,10,3,13,1,N,B,Y,A,H,A,A,01,W,03,C,,,,Y,C,Y,N,A,1,0,0,0,22350.0,2,37.72178505,-121.53809302,3
2011,2011-07-21,1308,7,2,13,4,Y,A,N,A,H,A,A,07,,03,C,Y,,,,C,N,N,A,2,1,0,0,22350.0,4,37.98904,-121.32204,4
2011,2011-07-01,1459,7,2,14,5,Y,A,N,A,H,A,A,01,,09,H,,,Y,,A,,N,-,1,0,0,1,21801.0,2,37.79742,-121.2165,4
2011,2011-07-03,1122,7,2,11,7,Y,A,N,A,H,A,A,01,,12,A,,,,,C,Y,F,A,1,0,0,0,22450.0,3,37.80105,-121.2052,4
2011,2011-07-24,23,7,2,0,7,N,A,N,A,H,C,-,99,,00,G,Y,,,,B,,F,D,1,1,0,0,20001.0,2,37.8047,-121.21402,4
2011,2011-07-15,1539,7,2,15,5,N,A,N,A,H,A,A,01,N,03,C,,,,,C,N,N,A,2,0,0,0,22350.0,3,38.03406698,-121.33754179,4
2011,2011-07-16,123,7,2,1,6,N,A,N,A,H,C,A,01,N,00,E,,,,,J,Y,M,D,1,0,0,0,20002.0,1,37.98887847,-121.33044011,3
2011,2011-07-15,58,7,2,0,5,N,A,N,A,H,C,C,02,N,01,E,,,Y,,I,Y,N,A,1,0,0,1,23152.0,1,38.03424709,-121.36587504,2
2011,2011-07-15,910,7,2,9,5,Y,A,N,A,H,A,-,- ,,09,D,,,,,C,Y,N,A,3,0,0,0,21802.0,2,37.95846,-121.32185,4
2011,2011-07-15,1235,7,2,12,5,N,A,Y,A,H,A,A,01,E,03,C,,,,,C,Y,N,A,1,0,0,0,22350.0,2,37.98728508,-121.34469302,4
2011,2011-07-19,1300,7,2,13,2,Y,A,N,A,H,A,-,- ,,12,D,,,,,C,N,N,A,1,0,0,0,22450.0,2,37.80473,-121.20141,4
2011,2011-07-14,2345,7,2,23,4,N,A,N,A,H,C,A,07,W,01,A,,,,,C,Y,N,D,1,0,0,0,23153.0,2,38.004307,-121.276166,4
2011,2011-07-14,1934,7,2,19,4,Y,A,N,A,H,A,A,01,,12,E,,,,,I,Y,N,A,1,0,0,0,21453.0,1,37.99411,-121.30874,4
2011,2011-07-14,1623,7,2,16,4,N,A,N,A,H,A,A,01,W,03,C,,,,,C,,N,A,1,0,0,0,22350.0,3,38.00699463,-121.3346787,4
2011,2011-07-05,546,7,2,5,2,Y,A,N,A,H,A,A,01,,09,D,,,,,C,,N,D,2,0,0,0,21802.0,2,37.90552004,-121.24406993,3
2011,2011-07-04,1125,7,2,11,1,N,A,N,A,H,A,-,- ,N,00,C,,,,,C,,F,D,2,0,0,0,,2,37.97071557,-121.27559527,4
2011,2011-07-09,404,7,2,4,6,N,A,N,A,H,C,A,01,S,01,E,,,,,I,Y,M,A,1,0,0,0,23152.0,2,38.00685191,-121.30183426,3
2011,2011-07-13,2013,7,2,20,3,Y,A,N,A,H,C,A,01,,12,D,,,,,C,,N,A,2,0,0,0,21453.0,2,38.05762,-121.31059,4
2011,2011-07-09,1312,7,2,13,6,N,A,N,A,H,A,L,04,S,17,H,,Y,,,G,,N,A,1,0,1,0,21657.0,2,37.96812397,-121.29405389,3
2011,2011-07-09,1500,7,2,15,6,Y,A,N,A,H,A,-,- ,,12,D,,,,,C,Y,N,A,2,0,0,0,21453.0,2,37.96473,-121.27397,4
2011,2011-07-13,1845,7,2,18,3,N,A,N,A,H,A,N,60,W,11,G,Y,,,,B,,N,D,1,1,0,0,21954.0,2,37.92382508,-121.31281685,4
2011,2011-07-02,1415,7,2,14,6,N,A,N,A,H,A,L,04,E,05,H,,Y,,,G,,N,A,1,0,1,0,21650.0,2,37.94584678,-121.26889282,4
2011,2011-07-07,753,7,2,7,4,N,A,N,A,H,A,A,01,S,- ,B,,,,,C,,N,D,1,0,0,0,,2,38.01001879,-121.29397959,4
2011,2011-07-12,1735,7,2,17,2,N,A,N,A,H,A,N,60,S,11,G,Y,,,,B,,N,D,1,1,0,0,21955.0,2,37.96819092,-121.29542894,3
2011,2011-07-02,1543,7,2,15,6,Y,A,N,A,H,A,L,04,,09,D,,Y,,,C,Y,F,A,1,0,1,0,21802.0,2,37.92038,-121.26092,2
2011,2011-07-31,1040,7,2,10,7,N,A,N,A,H,A,A,01,N,03,A,,Y,,,G,,F,D,1,0,1,0,22350.0,2,37.95706158,-121.28414309,3
2011,2011-07-08,1001,7,2,10,5,N,A,N,A,H,A,A,01,E,08,B,,Y,,,G,,N,D,1,0,1,0,22107.0,2,,,3
2011,2011-07-12,1338,7,2,13,2,Y,A,N,A,H,A,A,01,,12,D,,,,,C,Y,N,A,2,0,0,0,21453.0,2,37.95868,-121.29138,4