ACCIDENT_YEAR,COLLISION_DATE,COLLISION_TIME,MONTH,SEASON,24HOURS,DAY_OF_WEEK,INTERSECTION,WEATHER_1,STATE_HWY_IND,ROAD_SURFACE,ROAD_COND_1,LIGHTING,STWD_VEHTYPE_AT_FAULT,CHP_VEHTYPE_AT_FAULT,DIRECTION,PCF_VIOL_CATEGORY,TYPE_OF_COLLISION,PEDESTRIAN_ACCIDENT,BICYCLE_ACCIDENT,MOTORCYCLE_ACCIDENT,TRUCK_ACCIDENT,MVIW,TOW_AWAY,HIT_AND_RUN,CONTROL_DEVICE,NUMBER_INJURED,COUNT_PED_INJURED,COUNT_BICYCLIST_INJURED,COUNT_MC_INJURED,PCF_VIOLATION,PARTY_COUNT,POINT_Y,POINT_X,COLLISION_SEVERITY
2012,2012-09-24,901,9,3,9,1,N,A,Y,A,H,A,A,08,E,03,C,,,,,C,Y,N,A,1,0,0,0,22350.0,2,38.137607,-121.25153793,4
2012,2012-09-25,1315,9,3,13,2,N,A,N,A,H,A,A,01,N,03,C,,,,,C,N,N,A,2,0,0,0,22350.0,2,38.1016336,-121.26173797,4
2012,2012-09-13,1126,9,3,11,4,N,A,N,A,H,A,A,01,S,04,C,,,,,C,N,N,D,1,0,0,0,21703.0,2,38.12916747,-121.27545697,4
2012,2012-09-04,1259,9,3,12,2,N,A,N,A,H,A,-,- ,W,00,H,,,Y,,A,N,F,A,1,0,0,1,,2,38.12646757,-121.27298342,3
2012,2012-10-09,1249,10,3,12,2,N,A,N,A,H,A,C,02,E,03,F,,,Y,,I,N,N,D,1,0,0,1,22350.0,1,38.11051419,-121.26595016,3
2012,2012-10-06,1854,10,3,18,6,Y,A,N,A,H,B,A,01,,09,A,,,,,C,N,N,A,3,0,0,0,21801.0,3,38.13611499,-121.28842296,3
2012,2012-10-21,1343,10,3,13,7,N,B,N,A,H,A,L,04,E,09,D,,Y,,,G,N,N,D,1,0,1,0,21804.0,2,38.12878236,-121.26463987,4
2012,2012-10-09,1719,10,3,17,2,N,A,Y,A,H,A,A,07,S,09,D,,Y,,,G,N,N,D,1,0,1,0,21801.0,2,38.11537511,-121.28393001,3
2012,2012-10-15,755,10,3,7,1,N,A,N,A,H,A,A,01,E,12,D,,Y,,,G,N,N,A,2,0,2,0,22450.0,2,38.12693569,-121.26283268,3
2012,2012-10-09,1353,10,3,13,2,N,A,Y,A,H,A,A,01,W,03,C,,,,,C,N,N,A,2,0,0,0,22350.0,2,38.11554603,-121.27514545,4
2012,2012-10-10,1603,10,3,16,3,Y,A,N,A,H,A,A,01,,09,A,,,,,C,Y,N,A,2,0,0,0,21801.0,2,37.73969492,-121.42679302,4
2012,2012-10-09,741,10,3,7,2,Y,A,N,A,H,A,A,01,,09,A,,,,,C,N,N,A,2,0,0,0,21802.0,3,37.73852492,-121.43438297,4
2012,2012-10-03,1533,10,3,15,3,N,A,N,A,H,A,A,01,W,03,A,,,,,C,Y,N,A,1,0,0,0,22350.0,2,38.10826044,-121.28124654,3
2012,2012-10-01,942,10,3,9,1,Y,A,N,A,H,A,-,- ,,12,D,,,,,C,Y,N,A,2,0,0,0,22450.0,2,38.13855494,-121.29759295,3
2012,2012-10-13,1852,10,3,18,6,N,A,N,A,H,C,A,01,S,01,C,,,,,C,Y,N,A,3,0,0,0,23152.0,4,37.74694176,-121.45324268,4
2012,2012-10-01,1751,10,3,17,1,Y,A,N,A,H,A,A,01,,09,D,,,,,C,Y,N,D,3,0,0,0,21802.0,2,37.7199649,-121.44004293,4
2012,2012-10-16,1345,10,3,13,2,Y,A,N,A,H,A,A,01,,09,D,,,,,C,Y,N,A,2,0,0,0,21802.0,2,37.75424493,-121.41806292,3
2012,2012-10-12,751,10,3,7,5,N,A,N,A,H,A,A,01,E,08,D,,,,,C,Y,N,A,1,0,0,0,22107.0,2,37.67276913,-121.45649577,4
2012,2012-10-04,2320,10,3,23,4,N,A,Y,A,H,D,-,- ,W,18,F,,,Y,,A,Y,N,D,1,0,0,1,,1,37.73061842,-121.54792149,4
2012,2012-10-04,730,10,3,7,4,N,A,Y,A,H,A,A,01,E,03,C,,,,,C,N,N,D,1,0,0,0,22350.0,3,37.75639593,-121.45796417,4
2012,2012-10-05,2120,10,3,21,5,N,A,Y,A,H,C,A,01,W,21,C,,,,,C,N,N,D,2,0,0,0,22106.0,2,37.75201505,-121.46781302,4
2012,2012-10-07,645,10,3,6,7,N,A,N,A,H,B,A,01,E,08,E,,,,,I,Y,N,D,2,0,0,0,22107.0,1,37.7251696,-121.40997987,4
2012,2012-10-07,1015,10,3,10,7,N,A,Y,A,H,A,C,02,W,03,F,,,Y,,A,N,N,D,1,0,0,1,22350.0,1,37.74271505,-121.53667302,4
2012,2012-10-08,2158,10,3,21,1,Y,A,N,A,D,C,A,01,,21,B,,,,,C,N,N,D,1,0,0,0,22106.0,2,37.75314492,-121.35186296,4
2012,2012-10-07,1100,10,3,11,7,Y,A,Y,A,H,A,A,01,,09,D,,,,,D,Y,N,A,3,0,0,0,21802.0,2,37.99917108,-121.22770668,4
2012,2012-10-06,530,10,3,5,6,N,A,Y,A,H,D,A,01,S,08,F,,,,,A,Y,N,D,1,0,0,0,22107.0,1,37.77299508,-121.17699297,3
2012,2012-10-06,2210,10,3,22,6,N,A,Y,A,H,C,A,07,S,01,E,,,,,I,Y,N,D,1,0,0,0,23152.0,1,37.95625146,-121.32289613,3
2012,2012-10-03,1740,10,3,17,3,N,A,Y,A,H,A,A,07,W,03,C,,,,,C,Y,N,D,2,0,0,0,22350.0,4,37.95981555,-121.25271368,3
2012,2012-10-04,1135,10,3,11,4,N,A,Y,A,H,A,A,07,S,03,C,,,,,C,Y,N,D,3,0,0,0,22350.0,2,38.23098232,-121.27881754,3
2012,2012-10-05,555,10,3,5,5,N,A,Y,D,H,C,-,- ,S,18,F,,,Y,,A,Y,N,D,1,0,0,1,,1,37.79397508,-121.19048298,3
2012,2012-10-04,1620,10,3,16,4,N,A,Y,A,H,A,A,01,E,03,C,,,,,C,Y,N,D,3,0,0,0,22350.0,2,37.79807176,-121.09332269,3
2012,2012-10-03,1450,10,3,14,3,N,A,N,A,H,A,A,07,E,09,D,,,,,C,Y,N,D,2,0,0,0,21801.0,2,38.21819507,-121.24498264,3
2012,2012-10-03,1915,10,3,19,3,Y,A,Y,A,H,C,A,07,,09,D,,,Y,,C,Y,N,A,1,0,0,1,21801.0,2,,,3
2012,2012-10-03,1719,10,3,17,3,N,A,Y,A,H,A,A,07,E,08,F,,,,,A,Y,N,D,2,0,0,0,22107.0,1,38.05786083,-121.36552942,2
2012,2012-10-03,1120,10,3,11,3,N,A,Y,A,H,A,A,01,E,- ,B,,,,,C,Y,N,D,4,0,0,0,,3,37.95069038,-121.28764144,3
2012,2012-10-02,2105,10,3,21,2,N,A,N,A,H,C,A,01,S,08,A,,,,,C,Y,N,A,4,0,0,0,22107.0,2,37.99752749,-121.28900489,3
2012,2012-09-26,1045,9,3,10,3,N,A,N,A,H,A,A,01,W,03,C,Y,,,,E,N,N,D,1,1,0,0,22350.0,4,38.00068838,-121.33390472,3
2012,2012-09-21,1520,9,3,15,5,N,A,Y,A,H,A,A,01,W,08,A,,,,,C,Y,N,D,2,0,0,0,22107.0,2,38.08977652,-121.18203313,3
2012,2012-09-26,1900,9,3,19,3,N,A,Y,A,H,B,A,01,N,08,A,,,Y,,C,Y,M,D,1,0,0,1,22107.0,2,37.74921721,-121.47652837,2
2012,2012-04-12,1526,4,1,15,4,N,C,N,B,H,A,A,01,E,01,D,,,,,E,,N,D,1,0,0,0,23152.0,4,37.92854785,-121.25821693,3
2012,2012-04-23,1317,4,1,13,1,Y,A,N,A,H,A,-,- ,,00,H,,Y,,,G,,F,D,1,0,1,0,,2,37.95144503,-121.25907296,3
2012,2012-04-12,1213,4,1,12,4,Y,B,N,A,H,A,A,01,,09,D,,,,,C,,N,D,2,0,0,0,21802.0,3,37.95725495,-121.28147297,4
2012,2012-10-24,1520,10,3,15,3,N,A,Y,A,H,A,D,22,W,01,E,,,,,I,Y,M,D,1,0,0,0,23152.0,2,37.99611457,-121.23240315,4
2012,2012-10-28,1943,10,3,19,7,N,A,Y,A,H,D,-,99,E,08,D,,,,Y,C,Y,F,D,1,0,0,0,22107.0,3,38.11535511,-121.44728554,2
2012,2012-10-29,445,10,3,4,1,N,A,Y,A,H,D,A,07,S,07,F,,,,Y,C,Y,N,D,1,0,0,0,21658.0,2,38.09887539,-121.38752464,3
2012,2012-10-29,638,10,3,6,1,N,A,Y,A,H,D,D,22,N,03,C,,,,,C,Y,N,D,2,0,0,0,22350.0,2,38.11071509,-121.39438304,4
2012,2012-10-29,845,10,3,8,1,N,A,N,A,H,A,C,02,W,03,F,,,Y,Y,A,Y,N,A,1,0,0,1,22350.0,2,37.89014221,-121.27650105,3
2012,2012-10-29,1328,10,3,13,1,N,A,Y,A,H,A,G,25,N,03,E,,,,Y,I,Y,N,D,1,0,0,0,22350.0,1,37.95061343,-121.28807089,4
2012,2012-10-29,1605,10,3,16,1,N,A,Y,A,H,A,D,22,W,08,E,,,,,I,Y,N,D,1,0,0,0,22107.0,1,38.13813665,-121.18074376,3
2012,2012-10-30,538,10,3,5,2,N,A,Y,A,H,E,D,22,E,08,E,,,,,I,Y,N,D,1,0,0,0,22107.0,1,37.78866992,-121.28406585,4
2012,2012-10-16,1250,10,3,12,2,N,A,Y,A,H,A,D,22,N,07,E,,,,,I,Y,N,D,1,0,0,0,21658.0,2,37.91354072,-121.28994298,3
2012,2012-10-30,2102,10,3,21,2,N,A,Y,A,H,D,D,22,E,01,E,,,,,I,Y,N,D,2,0,0,0,23152.0,1,37.98163198,-121.20366115,3
2012,2012-10-31,2208,10,3,22,3,N,A,N,B,H,D,D,22,S,01,E,,,,,I,Y,N,D,2,0,0,0,23152.0,1,38.17036027,-121.3349485,2
2012,2012-10-25,1225,10,3,12,4,N,A,N,A,H,A,G,25,E,09,A,,,,Y,C,Y,N,D,1,0,0,0,21801.0,2,38.23509331,-121.12629211,3
2012,2012-10-07,152,10,3,1,7,N,A,Y,A,H,C,A,01,S,01,A,,,,,I,Y,N,A,1,0,0,0,23152.0,1,38.13799896,-121.26094171,3
2012,2012-11-05,1415,11,3,14,1,N,A,Y,A,H,A,-,- ,E,18,E,,,,,I,Y,N,D,2,0,0,0,,1,37.63799505,-121.31464272,4
2012,2012-04-10,859,4,1,8,2,Y,B,Y,A,H,A,A,07,,12,D,,,,,C,Y,N,A,3,0,0,0,21453.0,2,37.91657508,-121.29067301,3
2012,2012-09-24,1750,9,3,17,1,N,A,Y,A,H,B,C,02,W,03,F,,,Y,,A,N,N,D,1,0,0,1,22350.0,1,37.94896929,-121.20262702,3
2012,2012-09-26,1655,9,3,16,3,N,A,Y,A,H,A,A,01,S,04,C,,,,,C,N,N,D,1,0,0,0,21703.0,2,38.1559632,-121.26178974,4
2012,2012-04-22,1954,4,1,19,7,N,A,N,A,H,B,A,01,W,- ,A,,,,,C,Y,N,D,2,0,0,0,,3,37.80657201,-121.20247364,4
2012,2012-04-19,23,4,1,0,4,Y,A,N,A,H,C,A,01,,01,D,,,,,C,Y,N,A,1,0,0,0,23153.0,2,37.811985,-121.19878295,3
2012,2012-04-23,1027,4,1,10,1,Y,A,N,A,H,A,-,- ,,00,H,,,Y,,A,,N,-,1,0,0,1,,2,37.81923502,-121.21299298,3
2012,2012-04-15,1726,4,1,17,7,Y,A,N,A,H,A,A,01,,12,E,,,,,J,,N,A,2,0,0,0,22450.0,1,37.78150006,-121.19768992,3
2012,2012-04-09,1108,4,1,11,1,N,A,N,A,H,A,-,- ,N,11,G,Y,,,,B,,N,D,1,1,0,0,21954.0,2,37.80416806,-121.23291927,2
2012,2012-11-09,419,11,3,4,5,N,C,Y,B,H,D,-,- ,N,03,E,,,,,I,Y,N,D,1,0,0,0,22350.0,2,37.81698852,-121.29389484,4
2012,2012-11-09,605,11,3,6,5,N,B,Y,B,H,D,G,25,S,03,C,,,,Y,C,Y,N,D,1,0,0,0,22350.0,3,37.84374212,-121.28510876,4
2012,2012-11-09,1230,11,3,12,5,N,A,N,A,H,A,D,22,E,09,E,,,,,I,Y,M,A,1,0,0,0,21802.0,2,38.21828901,-121.26825503,3
2012,2012-11-08,1530,11,3,15,4,N,B,Y,B,H,A,F,26,S,07,B,,,,Y,C,Y,N,D,1,0,0,0,21658.0,2,37.91975563,-121.29215539,4
2012,2012-11-09,1840,11,3,18,5,N,B,Y,A,H,D,F,55,E,03,C,,,,Y,C,Y,N,D,2,0,0,0,22350.0,4,37.78324494,-121.20733019,4
2012,2012-11-08,915,11,3,9,4,N,A,Y,A,H,A,D,22,S,03,B,,,,Y,C,N,N,D,1,0,0,0,22350.0,3,37.89706328,-121.22027214,4
2012,2012-11-10,1004,11,3,10,6,Y,A,Y,A,H,A,G,25,,12,D,,,,Y,C,Y,N,A,1,0,0,0,21453.0,2,37.89006503,-121.27642293,4
2012,2012-11-12,955,11,3,9,1,Y,A,N,A,H,A,D,22,,09,D,,,,,C,Y,N,A,1,0,0,0,21802.0,2,38.23458498,-121.18988296,4
2012,2012-11-16,1127,11,3,11,5,N,B,N,A,H,A,D,22,E,03,C,,,,,C,Y,N,A,2,0,0,0,22350.0,2,37.73924501,-121.4531066,4
2012,2012-11-12,2130,11,3,21,1,N,A,Y,A,H,C,G,27,S,08,E,,,,Y,I,Y,N,B,1,0,0,0,22107.0,1,38.09509579,-121.38563588,2
2012,2012-11-08,1210,11,3,12,4,N,B,Y,A,H,A,-,- ,E,00,C,,,,,C,N,N,D,2,0,0,0,,2,37.95273404,-121.27377264,3
2012,2012-10-21,6,10,3,0,7,N,A,Y,A,D,D,-,- ,N,07,D,,,,Y,C,Y,N,D,1,0,0,0,21658.0,2,37.86349079,-121.21897485,4
2012,2012-10-17,1600,10,3,16,3,N,A,Y,A,H,A,D,72,S,03,C,,,,,C,N,N,A,1,0,0,0,22350.0,2,37.79733509,-120.99683294,4
2012,2012-11-01,1255,11,3,12,4,N,B,Y,A,H,A,D,22,S,08,B,,,,Y,C,Y,N,D,1,0,0,0,22107.0,2,38.22860657,-121.27730124,4
2012,2012-11-05,625,11,3,6,1,N,A,Y,A,H,A,A,01,S,08,B,,,,Y,C,Y,N,D,1,0,0,0,22107.0,2,37.77102798,-121.17471172,3
2012,2012-11-02,1630,11,3,16,5,N,A,Y,A,H,A,A,01,W,05,A,,,,,C,Y,N,D,1,0,0,0,21460.0,2,37.79804314,-121.09645676,4
2012,2012-11-02,1725,11,3,17,5,N,B,Y,A,D,B,D,22,S,03,C,,,,,C,Y,N,D,1,0,0,0,22350.0,6,37.85983323,-121.218836,4
2012,2012-11-03,1415,11,3,14,6,Y,A,N,A,H,A,A,07,,12,D,,,,,C,Y,N,A,2,0,0,0,22450.0,2,37.82768003,-120.99760995,4
2012,2012-11-02,630,11,3,6,5,N,A,Y,A,H,D,A,08,W,06,A,,,,,C,Y,N,D,3,0,0,0,21751.0,3,37.92689125,-121.38405432,2
2012,2012-11-03,845,11,3,8,6,N,A,Y,A,H,A,A,01,E,03,C,,,,,C,N,N,A,1,0,0,0,22350.0,2,38.02197509,-121.25826301,4
2012,2012-11-04,1722,11,3,17,7,N,A,Y,A,H,C,A,01,W,03,C,,,,,C,Y,N,D,1,0,0,0,22350.0,2,37.78323508,-121.19601506,4
2012,2012-11-05,705,11,3,7,1,N,A,Y,A,H,A,D,22,N,17,B,,,,,C,Y,N,A,1,0,0,0,21461.0,2,,,4
2012,2012-04-24,1505,4,1,15,2,N,A,N,A,H,A,A,01,N,09,A,,,,,C,N,N,D,1,0,0,0,21801.0,2,37.94999873,-121.29722258,4
2012,2012-04-18,1440,4,1,14,3,N,A,N,A,H,A,L,04,N,05,D,,Y,,,G,,N,A,1,0,1,0,21650.0,2,38.03173251,-121.33175323,3
2012,2012-04-05,1906,4,1,19,4,N,A,N,A,H,A,C,02,W,03,E,,,Y,,I,,N,D,1,0,0,1,22350.0,1,37.95600792,-121.34629011,3
2012,2012-04-30,1030,4,1,10,1,N,A,N,A,H,A,A,07,E,03,C,,,,,C,Y,N,D,1,0,0,0,22350.0,2,38.00229502,-121.28997318,4
2012,2012-04-19,1003,4,1,10,4,Y,A,N,A,H,A,A,01,,07,B,,,Y,,C,,N,D,1,0,0,1,21658.0,2,37.95651497,-121.29220292,4
2012,2012-04-13,1145,4,1,11,5,Y,B,N,B,H,A,A,07,,12,A,,,,,C,Y,N,A,3,0,0,0,21453.0,2,38.02132496,-121.34545307,2
2012,2012-04-28,1720,4,1,17,6,Y,A,N,A,H,A,A,01,,09,D,,,Y,,C,,N,D,1,0,0,1,21801.0,3,38.03435504,-121.29283301,3
2012,2012-04-22,1108,4,1,11,7,N,A,N,A,H,A,A,07,N,09,D,,,,,C,Y,N,A,3,0,0,0,21801.0,2,38.01639105,-121.31259193,4
2012,2012-04-30,1601,4,1,16,1,Y,A,N,A,H,A,-,- ,,09,D,,,,,C,Y,N,D,1,0,0,0,21800.0,2,37.947225,-121.285563,4
2012,2012-04-23,2245,4,1,22,1,Y,A,N,A,H,C,A,07,,12,D,,,,,C,N,N,A,1,0,0,0,21453.0,2,37.96038495,-121.27550306,4
2012,2012-04-06,1738,4,1,17,5,N,A,N,A,H,A,A,07,E,08,D,,,,,C,,N,A,1,0,0,0,22100.0,2,38.02098915,-121.31489131,4
2012,2012-04-06,1341,4,1,13,5,Y,A,N,A,H,A,A,08,,09,D,,,,,C,N,N,A,3,0,0,0,21802.0,2,37.97542498,-121.31754299,4
2012,2012-04-13,920,4,1,9,5,N,B,N,B,F,A,A,01,W,03,C,,,,,C,Y,N,A,1,0,0,0,22350.0,2,37.99429136,-121.29812821,4
2012,2012-04-05,1416,4,1,14,4,Y,A,Y,A,H,A,A,01,,08,D,,,Y,,C,N,N,A,1,0,0,1,22103.0,2,37.95624508,-121.32274302,4
2012,2012-04-28,2138,4,1,21,6,N,A,N,A,H,C,A,01,W,17,E,,,,,I,Y,N,D,1,0,0,0,21658.0,1,37.91148004,-121.29630989,3
2012,2012-04-06,1253,4,1,12,5,Y,A,N,A,H,A,A,01,,09,D,,,,,C,Y,N,A,1,0,0,0,21801.0,2,37.96620501,-121.30163293,4
2012,2012-04-03,1455,4,1,14,2,Y,A,N,A,H,A,A,08,,03,C,,,,,C,,N,A,2,0,0,0,22350.0,2,38.002095,-121.29080305,4
2012,2012-04-11,555,4,1,5,3,Y,C,N,B,H,B,A,01,,12,D,,,,,C,Y,N,A,2,0,0,0,21453.0,2,38.05772503,-121.35184305,3
2012,2012-04-22,926,4,1,9,7,N,A,N,A,H,A,A,01,W,08,D,,,Y,,C,Y,N,D,1,0,0,1,22103.0,2,37.9558333,-121.33752893,2
2012,2012-04-23,844,4,1,8,1,Y,A,N,A,H,A,A,07,,12,D,,,,,C,Y,N,A,2,0,0,0,21453.0,2,38.031476,-121.269611,4
2012,2012-04-03,206,4,1,2,2,N,A,N,A,H,C,A,07,E,03,E,,,,,I,Y,N,D,1,0,0,0,22350.0,1,38.00438036,-121.28125191,4
2012,2012-04-29,818,4,1,8,7,Y,A,N,A,H,A,A,01,,09,D,,,Y,,C,,N,A,1,0,0,1,21801.0,2,37.95482494,-121.27127302,2
2012,2012-04-06,1431,4,1,14,5,Y,A,N,A,H,A,L,04,,05,D,,Y,,,G,,N,D,1,0,1,0,21650.0,2,38.04058498,-121.33072297,3
2012,2012-04-16,1100,4,1,11,1,Y,A,N,A,H,A,A,01,,12,D,,,,,C,Y,N,A,3,0,0,0,21453.0,2,38.02102003,-121.29256988,3
2012,2012-04-10,1126,4,1,11,2,Y,B,N,A,H,A,A,08,,09,D,,,,,C,N,N,A,1,0,0,0,21802.0,4,37.96922492,-121.29899293,4
2012,2012-04-21,1542,4,1,15,6,N,A,N,A,H,A,A,01,S,08,D,,,,,D,,N,D,1,0,0,0,22103.0,2,37.93426123,-121.28203658,3
2012,2012-04-02,1709,4,1,17,1,Y,C,N,A,H,A,A,08,,09,D,,,,,C,,N,D,2,0,0,0,21801.0,2,37.97953498,-121.29273296,3
2012,2012-04-11,757,4,1,7,3,N,A,N,B,H,A,A,01,S,03,C,,,,,C,N,N,A,2,0,0,0,22350.0,2,37.95912534,-121.31193305,4
2012,2012-04-27,1811,4,1,18,5,N,A,N,A,H,A,A,01,W,21,D,,,,,C,Y,N,D,1,0,0,0,22106.0,2,37.90482395,-121.30681875,3
2012,2012-04-07,943,4,1,9,6,N,A,N,A,H,A,A,01,N,09,D,,,,,C,,N,D,3,0,0,0,21804.0,2,38.02132948,-121.29495186,4
2012,2012-04-13,1200,4,1,12,5,Y,B,N,A,H,A,A,01,,12,D,,,,,C,Y,N,A,1,0,0,0,21453.0,2,37.95453497,-121.24452294,4
2012,2012-04-17,1737,4,1,17,2,N,A,N,A,H,A,L,04,S,05,H,,Y,,,G,N,N,A,1,0,1,0,21650.0,2,38.02025846,-121.29494307,4
2012,2012-04-30,1305,4,1,13,1,N,A,N,A,H,A,-,- ,E,00,G,Y,,,,B,,N,A,1,1,0,0,,2,37.95592614,-121.28926627,4
2012,2012-04-11,1646,4,1,16,3,N,B,N,B,H,A,A,01,N,07,B,,,,,C,N,N,D,1,0,0,0,21658.0,3,37.9644226,-121.29434131,4
2012,2012-04-24,735,4,1,7,2,Y,A,N,A,H,A,A,01,,10,G,Y,,,,B,,M,A,1,1,0,0,21950.0,2,38.02132496,-121.34545307,3
2012,2012-04-11,500,4,1,5,3,Y,A,N,A,H,C,A,01,,03,D,,,,,C,,F,A,1,0,0,0,22350.0,2,38.00136503,-121.31307299,4
2012,2012-04-26,1909,4,1,19,4,Y,A,N,A,H,A,A,07,,12,D,,,,,C,Y,N,A,2,0,0,0,21453.0,2,37.92702502,-121.29299301,4
2012,2012-04-19,2158,4,1,21,4,N,A,N,A,H,C,A,01,N,03,C,,Y,,,G,,F,D,1,0,1,0,22350.0,2,38.01951104,-121.31561014,3
2012,2012-04-06,1948,4,1,19,5,Y,A,N,A,H,B,-,- ,,00,D,,,,,C,,N,D,1,0,0,0,,2,38.03241494,-121.31755304,4
2012,2012-04-02,1403,4,1,14,1,Y,B,N,A,H,A,A,01,,09,D,,,,,C,Y,N,D,3,0,0,0,21801.0,2,37.96850497,-121.27768297,4
2012,2012-04-12,1915,4,1,19,4,N,B,N,A,H,B,A,01,W,01,C,,,,,C,,F,A,1,0,0,0,23152.0,2,38.005539,-121.272,4
2012,2012-04-11,1116,4,1,11,3,Y,B,N,B,H,A,A,01,,09,D,,,,,C,Y,N,A,4,0,0,0,21802.0,2,37.97307494,-121.29616297,3
2012,2012-04-04,1055,4,1,10,3,N,A,N,A,H,A,A,01,N,03,E,,,,,I,,N,A,3,0,0,0,22350.0,1,37.93599607,-121.24762996,2
2012,2012-04-04,1207,4,1,12,3,N,A,N,A,H,A,A,01,S,03,C,,,,,C,N,N,A,2,0,0,0,22350.0,2,37.94562516,-121.26884162,3
2012,2012-04-12,1707,4,1,17,4,N,B,N,A,H,A,A,01,N,03,C,,,,,C,,N,A,1,0,0,0,22350.0,2,38.01667235,-121.29488561,3
2012,2012-04-17,1254,4,1,12,2,N,A,N,A,H,A,A,01,W,03,E,,,,,I,N,N,A,1,0,0,0,22350.0,1,38.01600759,-121.33394036,4
2012,2012-04-22,1647,4,1,16,7,N,A,N,A,H,A,A,01,W,03,C,,,,,C,N,N,D,2,0,0,0,22350.0,2,38.01935362,-121.28561006,4
2012,2012-04-22,1918,4,1,19,7,N,A,N,A,H,A,A,01,E,03,C,,,,,C,,F,A,3,0,0,0,22350.0,3,37.9846444,-121.34346998,4
2012,2012-04-02,759,4,1,7,1,N,A,N,A,H,A,A,01,E,03,C,,,,,C,N,N,D,1,0,0,0,22350.0,2,38.01937211,-121.28808043,3
2012,2012-04-20,1525,4,1,15,5,Y,A,N,A,H,A,A,01,,03,C,,,,,C,N,N,A,1,0,0,0,22350.0,3,37.98795493,-121.32153307,4
2012,2012-04-27,345,4,1,3,5,N,A,N,A,H,C,A,07,E,03,E,,,,,I,Y,M,D,1,0,0,0,22350.0,1,37.98407573,-121.33705925,3
2012,2012-04-15,1823,4,1,18,7,Y,A,N,A,H,A,A,01,,12,D,,,,,C,Y,N,A,2,0,0,0,21453.0,2,38.01087493,-121.29424297,4
2012,2012-04-27,859,4,1,8,5,Y,A,N,A,H,A,B,07,,12,D,,,,,C,Y,N,A,1,0,0,0,21453.0,2,37.93878006,-121.28738995,4
2012,2012-04-24,2220,4,1,22,2,N,A,N,A,H,C,-,- ,N,00,D,,Y,,,G,,F,D,1,0,1,0,,2,37.94456851,-121.27665643,2
2012,2012-04-11,1136,4,1,11,3,Y,B,N,B,H,A,A,01,,09,D,,,,,C,Y,N,A,2,0,0,0,21801.0,2,37.96800494,-121.29123305,4
2012,2012-04-10,1304,4,1,13,2,Y,B,N,A,H,A,A,01,,12,D,,,,,C,Y,N,A,1,0,0,0,21453.0,2,37.95803497,-121.29532293,4
2012,2012-04-27,1644,4,1,16,5,Y,B,N,A,H,A,A,01,,09,D,,,Y,,C,Y,N,D,1,0,0,1,21801.0,2,37.971595,-121.31598305,2
2012,2012-10-30,1105,10,3,11,2,Y,A,N,A,H,A,A,01,,09,A,,,,,C,Y,N,A,1,0,0,0,21802.0,2,37.96838496,-121.31928294,4
2012,2012-10-30,700,10,3,7,2,N,A,Y,A,D,B,A,07,N,03,C,,,,,C,Y,N,D,3,0,0,0,22350.0,3,37.98869505,-121.34485738,4
2012,2012-10-29,706,10,3,7,1,Y,A,N,A,H,B,N,60,,11,B,Y,,,,B,N,N,A,1,1,0,0,21950.0,2,37.96300501,-121.23578293,3
2012,2012-10-27,301,10,3,3,6,N,A,Y,A,D,C,-,- ,S,18,E,,,,,I,Y,N,D,4,0,0,0,,1,38.01518347,-121.35562406,2
2012,2012-10-26,1150,10,3,11,5,N,A,N,A,H,A,A,01,E,03,C,,,,,C,Y,N,A,1,0,0,0,22350.0,3,38.00891913,-121.32797931,4
2012,2012-10-26,1330,10,3,13,5,N,A,Y,A,H,A,A,01,N,08,E,,,,,I,Y,N,D,1,0,0,0,22107.0,1,37.83544923,-121.28668905,3
2012,2012-10-25,1848,10,3,18,4,N,B,Y,A,H,B,A,01,W,04,C,,,,,C,Y,N,D,4,0,0,0,21703.0,2,37.78312507,-121.23901699,3
2012,2012-10-25,252,10,3,2,4,N,B,Y,A,H,D,A,01,S,01,E,,,,,I,Y,N,D,1,0,0,0,23152.0,1,37.89755244,-121.22053186,4
2012,2012-10-23,1400,10,3,14,2,N,A,N,A,H,A,-,99,S,08,B,,Y,,,G,N,F,D,1,0,1,0,22107.0,2,37.86126603,-121.2800396,3
2012,2012-10-22,1010,10,3,10,1,N,C,Y,B,H,A,A,07,N,03,-,,,,,A,Y,N,A,1,0,0,0,22350.0,1,38.1420151,-121.26009303,3
2012,2012-10-20,214,10,3,2,6,N,A,N,A,H,C,A,08,E,01,E,,,,,I,Y,N,D,2,0,0,0,23152.0,5,37.95412005,-121.23387305,2
2012,2012-10-20,1445,10,3,14,6,N,A,N,A,H,A,A,01,S,01,E,,,,,I,Y,N,D,1,0,0,0,23152.0,1,37.98512502,-121.26154303,4
2012,2012-11-20,1110,11,3,11,2,N,A,Y,A,D,A,A,01,S,03,C,,,,,C,Y,N,D,1,0,0,0,22350.0,3,37.96222677,-121.33469822,4
2012,2012-11-13,1945,11,3,19,2,N,A,N,A,H,C,A,01,N,03,C,,,,,C,N,N,D,2,0,0,0,22350.0,2,38.00014997,-121.33641308,4
2012,2012-10-18,645,10,3,6,4,N,A,N,A,H,B,A,01,N,03,C,,,,,C,Y,N,D,1,0,0,0,22350.0,2,37.78647431,-121.07008404,2
2012,2012-11-14,743,11,3,7,3,N,A,Y,A,H,A,G,27,S,03,C,,,,Y,C,Y,N,D,1,0,0,0,22350.0,5,37.93277766,-121.29650571,4
2012,2012-11-14,640,11,3,6,3,N,A,Y,A,D,A,D,22,N,03,C,,,,,C,N,N,A,2,0,0,0,22350.0,3,37.85982131,-121.21858299,4
2012,2012-11-14,650,11,3,6,3,N,A,Y,A,D,A,A,01,S,04,C,,,,,C,Y,N,D,2,0,0,0,21703.0,3,37.85198345,-121.21828885,4