ACCIDENT_YEAR,COLLISION_DATE,COLLISION_TIME,MONTH,SEASON,24HOURS,DAY_OF_WEEK,INTERSECTION,WEATHER_1,STATE_HWY_IND,ROAD_SURFACE,ROAD_COND_1,LIGHTING,STWD_VEHTYPE_AT_FAULT,CHP_VEHTYPE_AT_FAULT,DIRECTION,PCF_VIOL_CATEGORY,TYPE_OF_COLLISION,PEDESTRIAN_ACCIDENT,BICYCLE_ACCIDENT,MOTORCYCLE_ACCIDENT,TRUCK_ACCIDENT,MVIW,TOW_AWAY,HIT_AND_RUN,CONTROL_DEVICE,NUMBER_INJURED,COUNT_PED_INJURED,COUNT_BICYCLIST_INJURED,COUNT_MC_INJURED,PCF_VIOLATION,PARTY_COUNT,POINT_Y,POINT_X,COLLISION_SEVERITY
2012,2012-09-30,1930,9,3,19,7,Y,A,N,A,H,C,A,01,,12,D,,,,,C,Y,N,A,4,0,0,0,21457.0,3,37.95064494,-121.28374302,4
2012,2012-09-26,1315,9,3,13,3,N,A,N,A,H,A,-,- ,S,03,C,,,,,C,N,N,A,1,0,0,0,22350.0,2,37.93348103,-121.23322427,4
2012,2012-09-05,1229,9,3,12,3,N,A,N,A,H,A,N,60,S,11,G,Y,,,,B,N,N,D,1,1,0,0,21955.0,2,37.95438652,-121.28886624,3
2012,2012-09-25,1523,9,3,15,2,Y,A,N,A,H,A,F,55,,03,C,,,,Y,C,Y,N,D,1,0,0,0,22350.0,3,37.98517004,-121.2791699,4
2012,2012-09-19,1418,9,3,14,3,N,A,N,A,H,A,A,01,W,03,C,,,,,C,Y,N,D,6,0,0,0,22350.0,3,38.00682322,-121.33527199,4
2012,2012-09-10,1420,9,3,14,1,N,A,N,A,H,A,D,22,S,03,C,,,,,C,N,N,A,5,0,0,0,22350.0,3,37.96871559,-121.25762928,4
2012,2012-09-19,950,9,3,9,3,N,A,N,A,H,A,A,01,W,03,C,,,,,C,Y,N,D,4,0,0,0,22350.0,5,37.98484399,-121.34008341,4
2012,2012-09-17,1238,9,3,12,1,N,A,N,A,H,A,-,- ,N,00,C,,,,,C,Y,N,A,1,0,0,0,,2,38.01881526,-121.29493344,4
2012,2012-09-13,953,9,3,9,4,N,A,N,A,H,A,D,22,E,03,C,,,,,C,N,N,D,2,0,0,0,22350.0,2,37.9520039,-121.28790061,4
2012,2012-09-08,1626,9,3,16,6,Y,A,N,A,H,A,A,01,,21,C,,,,,C,N,N,A,1,0,0,0,22106.0,2,,,4
2012,2012-09-04,1752,9,3,17,2,Y,A,N,A,H,A,D,22,,12,H,,Y,,,G,N,N,A,1,0,1,0,22450.0,2,37.95751497,-121.27335301,3
2012,2012-09-05,1356,9,3,13,3,Y,A,N,A,H,A,A,08,,09,D,,,,Y,C,N,N,A,1,0,0,0,21802.0,3,37.93387499,-121.28473301,4
2012,2012-09-12,1223,9,3,12,3,Y,A,N,A,H,A,E,22,,09,B,,,,,C,Y,N,D,1,0,0,0,21801.0,2,37.97436496,-121.32195297,3
2012,2012-09-20,738,9,3,7,4,Y,A,N,A,H,A,E,22,,09,H,,Y,,,G,N,N,A,1,0,1,0,21800.0,2,37.98587495,-121.30174305,4
2012,2012-09-25,1102,9,3,11,2,N,A,N,A,H,A,D,22,W,03,C,,,,,C,Y,N,D,1,0,0,0,22350.0,2,38.02087505,-121.30234872,4
2012,2012-09-10,1146,9,3,11,1,Y,A,N,A,H,A,-,- ,,00,D,,,,,C,Y,N,A,5,0,0,0,,2,37.95803497,-121.29532293,4
2012,2012-09-27,844,9,3,8,4,N,A,N,A,H,A,D,22,W,01,C,,,,,C,Y,N,A,2,0,0,0,23152.0,2,37.95377911,-121.29026121,4
2012,2012-09-21,1422,9,3,14,5,Y,A,N,A,H,A,D,22,,08,D,,,,,C,N,N,A,1,0,0,0,22107.0,2,37.98059493,-121.30727294,4
2012,2012-09-03,1241,9,3,12,1,Y,A,N,A,H,A,D,22,,17,D,,,,,C,Y,N,A,1,0,0,0,21451.0,2,38.03708005,-121.26415992,4
2012,2012-09-12,1530,9,3,15,3,Y,A,N,A,H,A,D,22,,09,D,,,,,C,Y,N,D,1,0,0,0,21801.0,2,37.96803495,-121.27179299,4
2012,2012-09-22,1644,9,3,16,6,Y,A,N,A,H,A,D,22,,12,D,,,,,C,Y,N,A,1,0,0,0,21453.0,2,37.95165494,-121.283983,4
2012,2012-11-27,2210,11,3,22,2,Y,A,N,A,H,C,-,- ,,17,D,,,,,C,Y,N,A,1,0,0,0,21462.0,2,38.01189493,-121.30884296,4
2012,2012-11-12,1041,11,3,10,1,N,A,N,A,H,A,D,22,W,03,G,Y,,,,B,N,N,A,1,1,0,0,22350.0,2,38.02094505,-121.31950474,3
2012,2012-11-28,1848,11,3,18,3,N,B,N,B,H,C,A,07,N,03,C,,,,,C,N,N,A,1,0,0,0,22350.0,3,37.95275908,-121.28431076,4
2012,2012-11-26,1055,11,3,10,1,N,A,N,A,H,A,D,22,S,03,C,,,,,C,Y,N,A,4,0,0,0,22350.0,6,37.9699049,-121.27810837,4
2012,2012-11-08,2353,11,3,23,4,N,A,N,A,H,E,D,22,N,03,E,,,,,I,N,N,A,1,0,0,0,22350.0,1,38.05555742,-121.35172258,3
2012,2012-11-27,945,11,3,9,2,Y,B,N,A,H,A,A,08,,12,D,,,,,C,Y,N,A,1,0,0,0,21453.0,2,37.99803494,-121.32543304,4
2012,2012-11-26,1927,11,3,19,1,N,A,N,A,H,C,A,01,N,03,B,,,,,E,Y,N,D,1,0,0,0,22350.0,3,37.90493334,-121.29455516,3
2012,2012-11-29,745,11,3,7,4,Y,A,N,A,H,B,D,22,,09,D,,,,,C,Y,N,D,1,0,0,0,21802.0,2,37.92663494,-121.265263,4
2012,2012-11-01,2019,11,3,20,4,Y,B,N,A,H,C,A,01,,09,B,,,,,C,N,N,A,1,0,0,0,21801.0,2,38.02092495,-121.283313,4
2012,2012-11-04,101,11,3,1,7,Y,A,N,A,H,C,D,22,,01,A,,,,,C,Y,N,A,3,0,0,0,23153.0,2,37.96729498,-121.29512296,4
2012,2012-11-29,659,11,3,6,4,Y,A,N,A,H,A,-,- ,,12,D,,,,,C,Y,N,A,2,0,0,0,21453.0,2,37.90528497,-121.20221298,2
2012,2012-11-02,1135,11,3,11,5,Y,A,N,A,H,A,A,01,,09,D,,,,,D,N,M,A,2,0,0,0,21803.0,3,38.015055,-121.31368301,4
2012,2012-11-02,1130,11,3,11,5,Y,A,N,A,H,A,A,01,,09,A,,,,,C,Y,N,A,1,0,0,0,21801.0,2,37.95489503,-121.28355302,4
2012,2012-11-17,2120,11,3,21,6,N,B,N,B,H,C,A,08,N,01,A,,,,,E,Y,N,D,1,0,0,0,23152.0,2,37.95266584,-121.24969694,4
2012,2012-11-05,1120,11,3,11,1,N,A,N,A,H,A,D,22,W,09,D,,,,,C,N,N,A,1,0,0,0,21801.0,2,37.98023784,-121.29302837,4
2012,2012-11-02,929,11,3,9,5,N,A,N,A,H,A,A,01,E,12,D,,,,,C,Y,N,A,1,0,0,0,21453.0,2,,,4
2012,2012-11-16,800,11,3,8,5,N,C,N,B,H,A,D,22,S,03,G,Y,,,,B,N,F,A,1,1,0,0,22350.0,2,38.02824766,-121.31634196,2
2012,2012-11-21,1545,11,3,15,3,N,A,N,A,H,A,D,22,W,03,C,,,,,C,Y,N,A,1,0,0,0,22350.0,2,37.93621626,-121.29997054,4
2013,2013-02-22,1500,2,4,15,5,N,A,N,A,H,A,F,21,S,- ,C,,,,Y,D,N,N,A,1,0,0,0,,2,37.7466149,-121.4532413,4
2013,2013-02-06,1356,2,4,13,3,N,A,Y,A,H,A,D,22,N,08,B,,,Y,,C,Y,N,A,1,0,0,1,22107.0,2,37.7369151,-121.117973,3
2012,2012-07-03,1515,7,2,15,2,Y,A,N,A,H,A,A,08,,12,D,,,,,C,Y,N,A,3,0,0,0,21453.0,2,37.95064494,-121.28374302,3
2012,2012-07-03,1015,7,2,10,2,N,A,N,A,H,A,L,04,N,05,D,,Y,,Y,G,,N,A,1,0,1,0,21650.0,2,37.96251653,-121.28699887,3
2012,2012-07-14,824,7,2,8,6,N,A,Y,A,H,A,A,01,W,- ,C,,,,,C,Y,N,A,5,0,0,0,,2,37.91269461,-121.18416834,4
2012,2012-07-05,1717,7,2,17,4,Y,A,N,A,H,A,D,22,,08,D,,Y,,,G,,F,A,1,0,1,0,22107.0,2,37.91337494,-121.31250298,3
2012,2012-10-05,1549,10,3,15,5,N,A,N,A,H,A,A,07,W,06,D,,,,Y,D,,N,D,2,0,0,0,21755.0,2,37.90788979,-121.25021223,4
2012,2012-10-10,1500,10,3,15,3,Y,B,N,A,H,A,-,- ,,00,B,,Y,,,G,Y,N,A,1,0,1,0,,2,37.980005,-121.29933297,4
2012,2012-10-15,1120,10,3,11,1,N,A,N,A,H,A,D,22,S,01,E,,,,,I,Y,N,D,1,0,0,0,23152.0,1,37.94156005,-121.27057996,4
2012,2012-07-07,1536,7,2,15,6,Y,A,N,A,H,A,L,04,,12,D,,Y,,,G,,N,A,1,0,1,0,21453.0,2,38.002095,-121.29080305,4
2012,2012-10-03,1020,10,3,10,3,N,A,N,A,H,A,D,22,E,08,D,,,,,C,,N,D,1,0,0,0,22100.0,2,38.021024,-121.291543,4
2012,2012-10-13,1633,10,3,16,6,Y,A,N,A,H,A,-,- ,,09,D,,,,,C,Y,N,D,1,0,0,0,21800.0,2,37.90914501,-121.29350295,4
2012,2012-10-17,1258,10,3,12,3,N,A,N,A,H,A,D,22,W,03,C,,,,,C,,N,A,3,0,0,0,22350.0,2,37.9694582,-121.31516945,4
2012,2012-10-08,1136,10,3,11,1,N,A,N,A,H,A,D,22,N,03,C,,,,,C,Y,N,D,1,0,0,0,22350.0,2,37.96777703,-121.27479934,4
2012,2012-10-01,2240,10,3,22,1,Y,A,N,A,H,C,D,22,,09,A,,,,,C,Y,N,A,1,0,0,0,21801.0,2,37.96606498,-121.26429292,3
2012,2012-08-14,1808,8,2,18,2,N,A,N,A,H,A,D,22,W,03,C,,,,,C,Y,N,A,1,0,0,0,22350.0,2,37.94005579,-121.2796694,4
2012,2012-10-28,1936,10,3,19,7,N,A,N,A,H,C,D,22,N,09,D,,,Y,,C,,N,D,1,0,0,1,21804.0,2,38.02172409,-121.35618659,4
2012,2012-08-14,1502,8,2,15,2,Y,A,N,A,H,A,F,27,,08,D,,,,Y,C,Y,N,A,2,0,0,0,22100.0,2,37.96137498,-121.27578299,3
2012,2012-10-01,726,10,3,7,1,Y,A,N,A,H,A,-,- ,,12,D,,,,,B,,N,A,1,0,0,0,22450.0,2,37.93488498,-121.251623,3
2012,2012-08-04,1535,8,2,15,6,Y,B,N,A,H,A,D,22,,09,D,,,,,C,,N,A,1,0,0,0,21802.0,2,37.96733502,-121.27467297,4
2012,2012-08-23,1639,8,2,16,4,N,A,N,A,H,A,D,22,S,03,C,,,,,C,,M,A,1,0,0,0,22350.0,2,37.97176634,-121.26900762,4
2012,2012-10-26,1427,10,3,14,5,N,A,N,A,H,A,A,01,E,03,C,,,,,C,N,N,D,3,0,0,0,22350.0,3,38.02097506,-121.30555785,4
2012,2012-10-31,1508,10,3,15,3,N,B,N,A,H,A,A,01,N,03,C,,,,,C,,N,A,2,0,0,0,22350.0,2,38.03405043,-121.33752351,4
2012,2012-08-20,1130,8,2,11,1,N,A,N,A,H,A,A,01,S,03,C,,,,,C,Y,N,D,4,0,0,0,22350.0,3,37.96882944,-121.27508257,4
2012,2012-10-19,1109,10,3,11,5,N,A,N,A,H,A,N,60,E,11,G,Y,,,,B,,N,A,1,1,0,0,21954.0,2,37.96393146,-121.33729184,4
2012,2012-08-02,1750,8,2,17,4,N,A,N,A,H,A,A,01,W,03,C,,,,,C,,N,D,1,0,0,0,22350.0,3,38.00134815,-121.31313912,4
2012,2012-10-09,1003,10,3,10,2,N,A,N,A,H,A,A,01,E,05,B,,,,Y,C,Y,N,D,1,0,0,0,21460.0,2,37.9068393,-121.27312647,3
2012,2012-08-02,901,8,2,9,4,Y,A,N,A,H,A,A,01,,12,D,,,,,C,Y,N,A,2,0,0,0,22450.0,2,37.95603501,-121.30705302,4
2012,2012-08-16,755,8,2,7,4,Y,A,N,A,H,A,D,22,,12,D,,,,,C,Y,F,A,1,0,0,0,21453.0,2,37.95513501,-121.28223302,4
2012,2012-10-19,1436,10,3,14,5,Y,A,N,A,H,A,D,22,,12,D,,,,,C,Y,N,A,1,0,0,0,21453.0,2,37.96081498,-121.27292304,3
2012,2012-10-30,1343,10,3,13,2,N,A,N,A,H,A,D,22,N,03,C,,,,,C,,N,A,2,0,0,0,22350.0,2,37.98670717,-121.3209018,4
2012,2012-10-04,812,10,3,8,4,Y,A,N,A,H,A,A,01,,06,B,,,,Y,C,,N,A,1,0,0,0,21754.0,2,37.901965,-121.25486301,4
2012,2012-10-12,1805,10,3,18,5,Y,A,N,A,H,C,D,22,,09,D,,,,,C,Y,N,D,3,0,0,0,21802.0,2,38.02497502,-121.32294304,3
2012,2012-08-13,2001,8,2,20,1,N,A,N,A,H,A,D,22,S,09,C,,,,,C,Y,M,A,1,0,0,0,21802.0,3,37.96323933,-121.29401324,4
2012,2012-08-28,1512,8,2,15,2,Y,A,N,A,H,A,D,22,,09,D,,,,,C,Y,N,A,1,0,0,0,21801.0,2,37.94051004,-121.27692992,4
2012,2012-10-18,1842,10,3,18,4,Y,A,N,A,H,B,D,22,,10,G,Y,,,,B,,N,A,1,1,0,0,21950.0,2,37.96347005,-121.26106993,3
2012,2012-08-13,1400,8,2,14,1,N,A,N,A,H,A,F,27,E,07,B,,,,Y,C,Y,N,D,2,0,0,0,21658.0,2,37.98582675,-121.33477989,4
2012,2012-08-28,1246,8,2,12,2,N,A,N,A,H,A,A,01,S,07,B,,,,,C,Y,N,D,5,0,0,0,21658.0,3,37.97511664,-121.27592889,3
2012,2012-10-11,1750,10,3,17,4,N,A,N,A,H,B,A,08,S,01,B,,,,,C,,N,D,1,0,0,0,23152.0,2,37.90969004,-121.32345988,4
2012,2012-10-17,1947,10,3,19,3,N,A,N,A,H,C,D,22,N,09,D,,,,,C,Y,N,A,1,0,0,0,21453.0,2,37.99766063,-121.28905982,4
2012,2012-08-11,1940,8,2,19,6,N,A,N,A,H,A,D,22,N,09,D,,,,,C,,N,A,1,0,0,0,21801.0,2,38.04884002,-121.33834991,3
2012,2012-08-28,811,8,2,8,2,Y,A,N,A,H,A,L,04,,05,H,,Y,,,G,,N,A,1,0,1,0,21650.0,2,37.93822003,-121.28998993,3
2012,2012-10-31,1425,10,3,14,3,N,B,N,A,H,A,D,22,W,01,E,,,,,I,Y,N,D,1,0,0,0,23152.0,1,37.96429751,-121.24962885,3
2012,2012-08-11,1337,8,2,13,6,N,A,N,A,H,A,D,22,S,03,C,,,,,C,,N,A,4,0,0,0,22350.0,3,38.02086916,-121.28987307,4
2012,2012-08-28,716,8,2,7,2,Y,A,N,A,H,A,N,60,,11,G,Y,,,,B,,N,A,1,1,0,0,21954.0,2,37.95021498,-121.28639303,3
2012,2012-10-19,711,10,3,7,5,Y,A,N,A,H,A,D,22,,12,D,,,,,C,Y,N,A,1,0,0,0,21453.0,2,37.97352495,-121.27951294,4
2012,2012-08-10,1703,8,2,17,5,N,A,N,A,H,A,D,23,W,12,A,,,,,C,Y,N,A,2,0,0,0,21453.0,2,38.010256,-121.273059,4
2012,2012-10-11,747,10,3,7,4,N,B,N,A,H,A,A,01,S,03,C,,,,,E,Y,N,D,2,0,0,0,22350.0,2,38.05716884,-121.38406634,4
2012,2012-10-11,1735,10,3,17,4,N,A,N,A,H,B,L,04,N,05,A,,Y,,,G,,N,D,1,0,1,0,21202.0,2,37.93428628,-121.31213117,4
2012,2012-08-26,2044,8,2,20,7,Y,A,N,A,H,C,A,01,,12,D,,,,,C,Y,F,A,1,0,0,0,21453.0,2,37.96057494,-121.28646302,4
2012,2012-10-15,813,10,3,8,1,N,A,N,A,H,A,N,60,E,11,G,Y,,,,B,,N,A,1,1,0,0,21453.0,2,37.98395139,-121.28380449,3
2012,2012-10-29,1257,10,3,12,1,Y,A,N,A,H,A,D,22,,12,D,,,,,C,Y,F,A,2,0,0,0,22450.0,2,37.927645,-121.29011296,3
2012,2012-08-07,1504,8,2,15,2,N,A,N,A,H,A,F,24,S,08,B,,Y,,Y,G,,F,A,1,0,1,0,22107.0,2,38.00359618,-121.2847758,4
2012,2012-08-25,1924,8,2,19,6,N,A,N,A,H,A,N,60,S,11,G,Y,,,,B,,N,D,1,1,0,0,21955.0,2,37.93290532,-121.2802871,4
2012,2012-10-05,1320,10,3,13,5,Y,A,N,A,H,A,G,25,,09,B,,,,Y,C,N,N,A,1,0,0,0,21804.0,4,37.97844497,-121.30551297,4
2012,2012-08-24,1620,8,2,16,5,N,A,N,A,H,A,D,22,S,03,C,,,,,C,Y,N,D,1,0,0,0,22350.0,2,38.02810578,-121.30056267,4
2012,2012-10-31,1606,10,3,16,3,Y,A,Y,A,H,A,D,22,,09,D,,,,,C,,N,A,1,0,0,0,21806.0,2,37.93291508,-121.31208301,4
2012,2012-08-24,1327,8,2,13,5,Y,A,N,A,H,A,D,22,,09,D,,,,,C,Y,N,A,1,0,0,0,21801.0,2,37.95601501,-121.277053,4
2012,2012-10-02,834,10,3,8,2,Y,A,N,A,H,A,A,08,,01,C,,,,,C,Y,N,A,2,0,0,0,23152.0,2,37.95485502,-121.25189302,3
2012,2012-08-05,1029,8,2,10,7,N,A,N,A,H,A,D,22,W,03,C,,,,,C,,N,A,1,0,0,0,22350.0,2,38.02085566,-121.30066514,4
2012,2012-08-24,820,8,2,8,5,N,A,N,A,H,A,-,- ,E,03,C,,,,,C,Y,N,A,1,0,0,0,22350.0,2,37.8599312,-121.21880153,4
2012,2012-08-31,925,8,2,9,5,N,A,N,A,H,A,L,04,W,05,H,,Y,,,G,,N,A,1,0,1,0,21650.0,2,38.04928834,-121.35116041,3
2012,2012-08-31,912,8,2,9,5,N,A,N,A,H,A,D,22,W,03,C,,,,,C,,N,D,1,0,0,0,22350.0,2,38.02087505,-121.302682,4
2012,2012-08-29,1453,8,2,14,3,N,A,N,A,H,A,A,07,W,07,B,,,,,C,Y,N,D,3,0,0,0,21658.0,4,38.02094198,-121.29530757,4
2012,2012-08-29,1434,8,2,14,3,Y,A,N,A,H,A,D,22,,12,D,,,,,C,Y,N,A,1,0,0,0,21453.0,2,37.97012495,-121.278183,4
2012,2012-08-29,707,8,2,7,3,Y,A,N,A,H,A,D,22,,10,G,Y,,,,B,,N,A,1,1,0,0,21950.0,2,37.99858501,-121.30636296,4
2012,2012-08-03,1359,8,2,13,5,N,A,Y,A,H,A,D,22,W,03,D,,,,,C,Y,N,D,2,0,0,0,22350.0,4,,,4
2012,2012-07-30,1646,7,2,16,1,N,A,N,A,H,A,L,04,N,05,H,,Y,,,G,,N,A,1,0,1,0,21650.0,2,37.95902189,-121.29557039,3
2012,2012-07-29,1853,7,2,18,7,N,A,N,A,H,B,A,01,N,01,B,,,,,E,Y,N,A,1,0,0,0,23152.0,2,37.9694349,-121.3048499,4
2012,2012-07-29,1547,7,2,15,7,Y,A,N,A,H,A,L,04,,12,H,,Y,,,G,,N,A,1,0,1,0,21453.0,2,37.94584499,-121.26890298,4
2012,2012-07-28,2354,7,2,23,6,N,A,N,A,H,C,A,01,E,01,C,,,,,C,,N,A,2,0,0,0,23152.0,2,38.02132144,-121.34510594,3
2012,2012-07-28,1958,7,2,19,6,N,A,N,A,H,A,C,02,W,03,E,,,Y,,I,,N,D,1,0,0,1,22350.0,1,37.92769005,-121.29342995,2
2012,2012-07-22,1820,7,2,18,7,Y,A,N,A,H,A,A,07,,09,D,,,,,D,Y,M,D,1,0,0,0,21802.0,2,37.93967501,-121.28213299,4
2012,2012-07-16,1432,7,2,14,1,N,A,Y,A,H,A,A,08,E,03,C,,,,,C,,N,A,3,0,0,0,22350.0,2,37.98098508,-121.34219302,4
2012,2012-07-28,1520,7,2,15,6,Y,A,N,A,H,A,A,01,,12,G,Y,,,,B,,F,A,1,1,0,0,21453.0,2,37.95383502,-121.27107303,4
2012,2012-07-22,40,7,2,0,7,Y,A,N,A,H,C,A,07,,03,D,,,,,E,Y,N,D,1,0,0,0,22350.0,2,37.92664503,-121.29986305,4
2012,2012-07-15,1255,7,2,12,7,Y,A,N,A,H,A,A,07,,08,D,,,,,C,,M,A,1,0,0,0,22100.0,3,37.96044502,-121.29324304,4
2012,2012-07-28,1406,7,2,14,6,Y,A,N,A,H,A,A,07,,09,D,,,,,C,Y,F,D,3,0,0,0,21802.0,2,37.95670496,-121.303133,4
2012,2012-07-21,1413,7,2,14,6,Y,A,N,A,H,A,A,01,,12,D,,,,,C,Y,N,A,1,0,0,0,22450.0,2,37.95670496,-121.303133,3
2012,2012-07-14,1621,7,2,16,6,N,A,N,A,H,A,L,04,W,05,D,,Y,,,G,,N,D,1,0,1,0,21650.0,2,38.02095006,-121.32015737,3
2012,2012-07-27,2305,7,2,23,5,Y,A,N,A,H,C,A,01,,03,G,Y,,,,B,,N,D,1,1,0,0,22350.0,2,37.96650493,-121.29353296,3
2012,2012-07-21,327,7,2,3,6,Y,A,N,A,H,C,A,01,,01,E,,,,,I,Y,N,D,1,0,0,0,23152.0,1,38.04252003,-121.26615993,4
2012,2012-07-14,912,7,2,9,6,Y,A,N,A,H,A,A,07,,09,D,,,,,C,N,N,A,1,0,0,0,21801.0,2,37.95350493,-121.29137305,4
2012,2012-07-27,2226,7,2,22,5,Y,A,N,A,H,C,A,01,,09,D,,,,,C,,N,A,3,0,0,0,21801.0,2,38.02132499,-121.36155297,4
2012,2012-07-13,1338,7,2,13,5,N,A,N,A,H,A,A,07,E,05,A,,,,,C,,F,D,1,0,0,0,21650.0,2,37.95029228,-121.26698964,3
2012,2012-07-27,1720,7,2,17,5,N,A,N,A,H,A,A,01,N,03,E,,,,,I,Y,N,A,1,0,0,0,22350.0,1,37.96144169,-121.27580389,4
2012,2012-07-20,2055,7,2,20,5,N,A,N,A,H,C,A,07,E,- ,G,Y,,,,B,,F,D,1,1,0,0,,2,37.96393904,-121.33726213,4
2012,2012-07-12,1726,7,2,17,4,N,A,N,A,H,A,A,01,N,03,C,,,,,E,,N,D,2,0,0,0,22350.0,3,38.03326513,-121.28138809,3
2012,2012-07-27,1605,7,2,16,5,N,A,N,A,H,A,A,01,S,03,D,,,,,E,,N,A,1,0,0,0,22350.0,2,38.01323357,-121.31743859,3
2012,2012-07-20,1808,7,2,18,5,N,A,N,A,H,A,A,01,S,03,C,,,,,C,Y,N,D,1,0,0,0,22350.0,2,37.94840527,-121.26961159,4
2012,2012-07-12,1559,7,2,15,4,N,A,N,A,H,A,A,07,E,03,E,,,,,I,,N,A,1,0,0,0,22350.0,1,38.03706021,-121.26303434,4
2012,2012-07-27,1023,7,2,10,5,Y,A,N,A,H,A,-,- ,,09,D,,,,,C,,N,D,3,0,0,0,21800.0,2,37.99745003,-121.27910988,4
2012,2012-07-20,1353,7,2,13,5,Y,A,N,A,H,A,L,04,,09,H,,Y,,,G,,N,A,1,0,1,0,21802.0,2,37.920131,-121.261854,3
2012,2012-07-11,1632,7,2,16,3,Y,A,N,A,H,A,A,08,,09,D,,,,,C,Y,N,A,1,0,0,0,21802.0,2,37.97042496,-121.29634295,4
2012,2012-07-26,1958,7,2,19,4,Y,A,N,A,H,A,A,01,,17,D,,,,,C,Y,N,A,2,0,0,0,21657.0,2,37.93901006,-121.28604993,3
2012,2012-07-20,1237,7,2,12,5,N,A,N,A,H,A,A,01,,09,D,,,,,C,,N,A,1,0,0,0,21802.0,2,38.00378504,-121.32123304,4
2012,2012-07-11,950,7,2,9,3,N,A,Y,A,H,A,A,01,E,12,D,,,,,C,Y,N,B,3,0,0,0,21453.0,2,38.00162508,-121.35036302,4
2012,2012-07-25,1722,7,2,17,3,Y,A,N,A,H,A,L,04,,12,D,,Y,,,G,,N,A,1,0,1,0,22450.0,2,37.93661501,-121.28400298,3
2012,2012-07-20,510,7,2,5,5,Y,A,N,A,H,A,A,01,,12,A,,,,,C,Y,N,A,1,0,0,0,21453.0,2,38.02094495,-121.294943,4
2012,2012-07-11,801,7,2,8,3,N,A,N,A,H,A,A,01,S,03,E,,,,,I,Y,N,D,1,0,0,0,22350.0,1,38.05537787,-121.33798599,4
2012,2012-07-25,1715,7,2,17,3,N,A,N,A,H,A,A,01,E,03,C,,,,,C,Y,N,A,2,0,0,0,22350.0,3,38.02133538,-121.35083434,4
2012,2012-07-19,1346,7,2,13,4,Y,A,N,A,H,A,A,01,,12,D,,,,,C,Y,N,A,1,0,0,0,21453.0,2,37.95803497,-121.29532293,4
2012,2012-07-10,2016,7,2,20,2,N,A,N,A,H,B,A,01,E,01,C,,,,,C,Y,M,A,1,0,0,0,23152.0,2,37.93877388,-121.28729761,3
2012,2012-07-25,1246,7,2,12,3,N,A,N,A,H,A,A,01,S,03,C,,,,,C,Y,N,A,5,0,0,0,22350.0,3,38.01027873,-121.32026207,3
2012,2012-07-19,916,7,2,9,4,Y,B,N,A,H,A,A,07,,12,D,,,,,C,Y,N,A,2,0,0,0,21453.0,3,37.96137498,-121.27578299,4
2012,2012-07-10,1227,7,2,12,2,N,A,N,A,H,A,A,01,S,09,D,,,Y,,C,Y,N,D,1,0,0,1,21804.0,2,37.92532989,-121.29527482,3
2012,2012-07-25,1233,7,2,12,3,N,A,N,A,H,A,C,02,S,03,E,,,Y,,I,Y,N,D,1,0,0,1,22350.0,1,38.00651867,-121.28598124,3
2012,2012-07-18,1701,7,2,17,3,N,A,N,A,H,A,C,02,N,03,E,,,Y,,I,Y,N,D,1,0,0,1,22350.0,1,37.92835951,-121.29418557,3
2012,2012-07-09,1616,7,2,16,1,Y,A,N,A,H,A,A,01,,09,D,,,,,C,,N,A,1,0,0,0,21801.0,2,37.94584499,-121.26890298,4
2012,2012-07-25,800,7,2,8,3,N,A,N,A,H,A,-,- ,S,00,D,Y,,,,B,,M,A,1,1,0,0,,2,38.03548841,-121.33919493,4
2012,2012-07-18,1637,7,2,16,3,Y,A,N,A,H,A,A,01,,09,D,,,,,C,,N,A,1,0,0,0,21802.0,2,37.97208493,-121.27733294,4
2012,2012-07-09,1553,7,2,15,1,Y,A,N,A,H,A,A,07,,12,D,,,,,C,Y,N,A,2,0,0,0,21453.0,2,37.95305504,-121.281673,4
2012,2012-07-24,1802,7,2,18,2,Y,A,N,A,H,A,A,01,,10,G,Y,,,,B,,N,D,1,1,0,0,21950.0,2,37.91310494,-121.27640306,3
2012,2012-07-18,1039,7,2,10,3,N,A,N,A,H,A,A,01,W,03,C,,,,,C,,N,A,3,0,0,0,22350.0,2,38.05759123,-121.33853853,4
2012,2012-07-08,1842,7,2,18,7,Y,A,N,A,H,A,A,01,,08,B,,,,,C,Y,N,D,1,0,0,0,22107.0,2,37.95981498,-121.28489293,4
2012,2012-07-23,1839,7,2,18,1,N,A,N,A,H,A,A,01,S,03,E,,,,,I,Y,N,D,1,0,0,0,22350.0,1,37.90752156,-121.27570773,3
2012,2012-07-18,1023,7,2,10,3,Y,A,N,A,H,A,C,02,,12,D,,,Y,,C,,N,A,1,0,0,1,21453.0,2,37.93809002,-121.2900999,4
2012,2012-07-23,1831,7,2,18,1,N,A,N,A,H,A,A,07,W,08,D,,,,,C,,N,D,1,0,0,0,22103.0,2,37.92664167,-121.3038076,4
2012,2012-07-18,1022,7,2,10,3,Y,A,N,A,H,A,A,07,,07,B,,,,,C,,N,D,1,0,0,0,21658.0,2,37.96141498,-121.28126292,4
2012,2012-07-23,1548,7,2,15,1,Y,A,N,A,H,A,A,01,,09,D,,,,,C,Y,N,A,3,0,0,0,21802.0,2,37.94759496,-121.28972306,3
2012,2012-07-18,950,7,2,9,3,Y,A,N,A,H,A,A,07,,03,E,,,,,I,Y,N,A,2,0,0,0,22350.0,1,37.98904494,-121.32205305,4
2012,2012-07-23,1400,7,2,14,1,N,A,N,A,H,A,A,01,S,03,C,,,,,C,Y,N,A,1,0,0,0,22350.0,2,38.001679,-121.270958,3
2012,2012-07-17,2111,7,2,21,2,N,A,N,A,H,C,N,60,S,11,G,Y,,,,B,,F,D,2,2,0,0,21954.0,3,37.94939487,-121.28887502,3