ACCIDENT_YEAR,COLLISION_DATE,COLLISION_TIME,MONTH,SEASON,24HOURS,DAY_OF_WEEK,INTERSECTION,WEATHER_1,STATE_HWY_IND,ROAD_SURFACE,ROAD_COND_1,LIGHTING,STWD_VEHTYPE_AT_FAULT,CHP_VEHTYPE_AT_FAULT,DIRECTION,PCF_VIOL_CATEGORY,TYPE_OF_COLLISION,PEDESTRIAN_ACCIDENT,BICYCLE_ACCIDENT,MOTORCYCLE_ACCIDENT,TRUCK_ACCIDENT,MVIW,TOW_AWAY,HIT_AND_RUN,CONTROL_DEVICE,NUMBER_INJURED,COUNT_PED_INJURED,COUNT_BICYCLIST_INJURED,COUNT_MC_INJURED,PCF_VIOLATION,PARTY_COUNT,POINT_Y,POINT_X,COLLISION_SEVERITY
2014,2014-07-23,2130,7,2,21,3,N,A,Y,A,H,D,A,08,W,03,C,,,,,C,Y,N,D,3,0,0,0,22350.0,3,37.76512442,-121.35112705,4
2014,2014-07-16,1420,7,2,14,3,N,A,Y,A,H,A,A,01,W,03,E,,,,,J,Y,N,D,2,0,0,0,22350.0,1,37.64482846,-121.4123145,4
2014,2014-07-23,1035,7,2,10,3,N,A,Y,A,H,A,A,01,W,03,C,,,,,C,Y,N,D,2,0,0,0,22350.0,2,37.74268721,-121.53309829,4
2014,2014-07-11,2023,7,2,20,5,N,A,N,A,H,A,C,02,S,08,E,,,Y,,I,N,N,D,2,0,0,2,22107.0,1,37.7706487,-121.35512062,3
2014,2014-07-20,1030,7,2,10,7,N,A,Y,A,H,A,A,01,W,03,C,,,,,C,Y,N,D,2,0,0,0,22350.0,2,37.76474236,-121.39069008,4
2014,2014-07-11,1308,7,2,13,5,Y,A,N,A,H,A,-,,,12,B,,,,,D,Y,N,A,2,0,0,0,21453.0,2,37.9543899,-121.27392986,4
2014,2014-07-05,1400,7,2,14,6,N,A,Y,A,H,A,A,07,N,08,F,,,,,J,Y,N,D,1,0,0,0,22107.0,1,37.75569965,-121.14850855,3
2014,2014-07-05,318,7,2,3,6,N,A,N,A,H,C,A,01,N,01,C,,,,,E,Y,N,D,1,0,0,0,23152.0,3,38.0245281,-121.32837066,3
2014,2014-07-04,640,7,2,6,5,N,A,Y,A,H,A,A,01,W,09,D,,,Y,,C,Y,N,D,2,0,0,1,21804.0,2,37.98741861,-121.24570241,2
2014,2014-07-03,1010,7,2,10,4,N,A,N,A,H,A,A,01,E,08,F,,,,,A,Y,N,D,1,0,0,0,22107.0,1,37.96518997,-121.17861512,4
2014,2014-07-01,1216,7,2,12,2,N,A,Y,A,H,A,A,07,N,03,C,,,,,C,Y,N,D,1,0,0,0,22350.0,3,38.11627822,-121.25800267,3
2014,2014-07-16,1740,7,2,17,3,N,A,N,A,H,A,A,01,S,03,C,,,,,B,Y,N,D,3,0,0,0,22350.0,3,37.75784013,-121.53170952,3
2014,2014-07-07,1600,7,2,16,1,N,A,Y,A,H,A,D,22,W,03,C,,,,,C,N,N,D,1,0,0,0,22350.0,2,37.76279939,-121.42731045,4
2014,2014-07-22,628,7,2,6,2,N,B,Y,A,H,B,A,01,W,07,B,,,,,C,Y,N,D,1,0,0,0,21658.0,2,37.74267591,-121.53291741,4
2014,2014-07-18,1355,7,2,13,5,Y,A,Y,A,H,A,D,22,,09,D,,,,,C,Y,N,A,1,0,0,0,21802.0,2,37.63855921,-121.39985206,4
2014,2014-07-16,1445,7,2,14,3,Y,A,Y,A,H,A,A,01,,09,D,,,,,C,Y,N,D,3,0,0,0,21802.0,2,37.63425917,-121.39490428,4
2014,2014-06-18,1704,6,2,17,3,N,A,N,A,H,A,A,07,N,03,C,,,,,C,N,N,A,1,0,0,0,22350.0,2,37.79451653,-120.99661,4
2014,2014-06-04,1111,6,2,11,3,Y,A,Y,A,H,A,A,01,,12,D,,,,,C,Y,N,A,3,0,0,0,21453.0,2,37.79743579,-120.99682992,3
2014,2014-05-19,721,5,1,7,1,N,A,N,A,H,A,A,07,E,03,C,,,,,C,Y,N,D,4,0,0,0,22350.0,7,38.10103,-121.28091574,2
2014,2014-07-19,1452,7,2,14,6,N,A,N,A,H,A,L,04,W,01,D,,Y,,,G,N,N,A,1,0,1,0,21200.0,2,38.13018041,-121.27561402,3
2014,2014-07-03,1746,7,2,17,4,N,A,N,A,H,A,D,22,W,01,C,,,,,C,Y,N,D,2,0,0,0,23152.0,3,38.10136373,-121.26828185,4
2014,2014-07-10,2016,7,2,20,4,Y,A,Y,A,D,B,-,- ,,00,D,,,,,C,Y,N,A,1,0,0,0,,2,38.1159124,-121.26965013,4
2014,2014-07-20,1300,7,2,13,7,N,A,N,A,H,A,A,01,S,08,C,,,,,E,Y,N,D,1,0,0,0,22107.0,4,38.14749614,-121.30679048,4
2014,2014-07-17,2137,7,2,21,4,Y,A,N,A,H,C,A,01,,12,D,,,,,C,Y,N,A,3,0,0,0,21453.0,2,38.13019996,-121.2753299,3
2014,2014-07-16,1609,7,2,16,3,Y,A,N,A,H,A,A,07,,09,D,,,,,C,Y,N,A,1,0,0,0,21801.0,2,38.13395989,-121.26800993,4
2014,2014-07-13,722,7,2,7,7,Y,A,N,A,H,A,L,04,,05,H,,Y,,,G,N,N,A,1,0,1,0,21650.0,2,38.13049997,-121.26971993,2
2014,2014-07-15,2330,7,2,23,2,N,A,Y,A,H,C,D,22,W,08,E,,,,,I,Y,N,D,1,0,0,0,22107.0,1,37.79765567,-121.14679272,3
2014,2014-07-21,1800,7,2,18,1,N,A,Y,A,H,A,A,01,E,03,C,,,,,C,Y,N,D,1,0,0,0,22350.0,3,37.92689954,-121.42492571,3
2014,2014-07-07,2317,7,2,23,1,Y,A,Y,A,D,C,A,01,,03,C,,,,,E,Y,N,D,2,0,0,0,22350.0,2,37.95610122,-121.32488795,2
2014,2014-07-15,1245,7,2,12,2,N,A,Y,A,H,A,D,22,E,21,B,,,,,C,Y,N,D,1,0,0,0,22106.0,2,38.02127094,-121.08332734,4
2014,2014-07-15,1625,7,2,16,2,N,A,Y,A,D,A,A,01,S,03,C,,,,,C,Y,N,D,1,0,0,0,22350.0,2,38.01920924,-121.35759851,4
2014,2014-07-15,1458,7,2,14,2,N,A,Y,A,H,A,A,01,W,08,E,,,,,I,Y,N,D,1,0,0,0,22107.0,1,37.96082607,-121.24695031,4
2014,2014-07-15,845,7,2,8,2,Y,A,Y,A,H,A,A,01,,09,D,,,,,C,N,N,A,2,0,0,0,21802.0,2,38.02025527,-121.08656641,4
2014,2014-07-11,2349,7,2,23,5,N,A,N,A,H,C,A,01,W,08,B,,,,,C,N,N,D,2,0,0,0,22107.0,2,38.00691397,-121.32347127,3
2014,2014-07-20,2023,7,2,20,7,N,A,Y,A,H,B,A,01,W,07,C,,,,,C,Y,N,D,1,0,0,0,21658.0,2,37.78356182,-121.21626581,3
2014,2014-07-10,1635,7,2,16,4,N,A,N,A,H,A,A,01,E,01,C,,,,,C,,N,A,1,0,0,0,23152.0,3,37.96216563,-121.22471472,4
2014,2014-07-07,725,7,2,7,1,N,B,N,A,H,A,A,07,W,01,F,,,,,I,Y,N,D,1,0,0,0,23152.0,1,38.23443638,-121.19649475,4
2014,2014-07-12,1355,7,2,13,6,Y,A,N,A,H,A,A,01,,09,D,,,,,C,N,N,A,1,0,0,0,21801.0,2,38.10160995,-121.26024986,4
2014,2014-06-15,503,6,2,5,7,N,A,N,A,H,B,-,99,N,03,G,Y,,,,B,N,F,D,1,1,0,0,22350.0,2,38.05766,-121.35183,3
2014,2014-07-04,1555,7,2,15,5,N,A,Y,A,H,A,A,01,S,08,E,,,,,I,Y,N,D,1,0,0,0,22107.0,1,38.09492434,-121.26000188,4
2014,2014-07-14,530,7,2,5,1,N,A,N,A,H,A,A,01,W,08,E,,,,,I,Y,N,D,1,0,0,0,22107.0,1,37.91296998,-121.2904159,4
2014,2014-06-27,1452,6,2,14,5,N,A,Y,A,H,A,A,01,W,01,C,,,,,C,N,N,A,1,0,0,0,23152.0,2,38.11550223,-121.29794221,4
2014,2014-07-24,1157,7,2,11,4,N,A,N,A,H,A,A,01,S,08,E,,,,,I,Y,N,D,1,0,0,0,22107.0,1,37.8337,-121.450907,4
2014,2014-07-18,1630,7,2,16,5,N,A,N,A,H,A,A,01,W,03,C,,,,,C,Y,N,D,1,0,0,0,22350.0,2,37.75396,-121.48486,4
2014,2014-07-23,420,7,2,4,3,N,A,Y,A,H,D,A,01,E,04,C,,,,,C,Y,N,D,1,0,0,0,21703.0,3,37.76499619,-121.40929671,4
2014,2014-07-18,2315,7,2,23,5,N,A,Y,A,H,-,A,01,N,01,E,,,,,I,Y,N,D,1,0,0,0,23152.0,1,37.7783882,-121.31610602,3
2014,2014-07-25,1810,7,2,18,5,N,A,Y,A,H,A,A,01,W,08,E,,,,,I,Y,N,D,1,0,0,0,22107.0,1,37.76278959,-121.43840271,4
2014,2014-07-28,700,7,2,7,1,Y,A,N,A,H,A,A,01,,09,C,,,,,C,Y,N,D,2,0,0,0,21801.0,2,37.75821991,-121.51323989,4
2014,2014-07-28,800,7,2,8,1,N,A,Y,A,H,A,A,01,E,03,C,,,,,C,Y,N,D,4,0,0,0,22350.0,3,37.76309746,-121.43114463,4
2014,2014-07-29,1720,7,2,17,2,N,A,Y,A,H,A,A,01,E,04,C,,,,,C,N,N,D,1,0,0,0,21703.0,2,37.74118477,-121.51249635,3
2014,2014-07-26,407,7,2,4,6,N,A,Y,A,H,C,A,01,W,03,B,,,,,C,Y,N,D,1,0,0,0,22350.0,2,37.74257462,-121.53128943,4
2014,2014-07-29,1010,7,2,10,2,N,A,N,A,H,A,C,02,N,03,F,,,Y,,J,Y,N,D,1,0,0,1,22350.0,1,37.69635106,-121.37979,4
2014,2014-07-30,625,7,2,6,3,Y,A,N,A,H,A,A,07,,03,C,,,,,C,Y,N,A,1,0,0,0,22350.0,2,37.78216005,-121.53079991,4
2014,2014-07-30,1540,7,2,15,3,N,A,Y,A,H,A,A,01,E,03,C,,,,,C,Y,N,D,1,0,0,0,22350.0,3,37.76477147,-121.37025744,3
2014,2014-07-27,1320,7,2,13,7,N,A,N,A,H,A,A,08,S,21,D,,,,,C,Y,N,D,1,0,0,0,22106.0,2,38.11779326,-121.27899741,4
2014,2014-07-22,1625,7,2,16,2,N,A,N,A,H,A,A,07,N,03,C,,,,,C,Y,N,D,3,0,0,0,22350.0,3,38.12627949,-121.26059,3
2014,2014-07-25,1700,7,2,17,5,Y,A,N,A,H,A,-,- ,,00,D,,,,,C,N,N,A,1,0,0,0,,2,38.13001995,-121.28305987,4
2014,2014-07-30,1755,7,2,17,3,N,A,Y,A,H,A,D,22,E,21,C,,,,,C,N,N,A,1,0,0,0,22106.0,2,38.11639306,-121.25994799,4
2014,2014-08-01,1434,8,2,14,5,N,A,N,A,H,A,D,22,W,01,D,,,,,C,Y,F,A,2,0,0,0,23152.0,3,38.10772914,-121.27900603,4
2014,2014-07-23,1612,7,2,16,3,Y,A,N,A,H,A,A,01,,09,D,,,,Y,C,Y,N,A,1,0,0,0,21801.0,2,38.12276995,-121.28821986,4
2014,2014-07-28,855,7,2,8,1,N,A,N,A,H,A,D,22,E,03,C,,,,,C,Y,N,D,2,0,0,0,22350.0,3,38.13768823,-121.24244229,4
2014,2014-07-25,1137,7,2,11,5,Y,A,N,A,H,A,A,01,,09,D,,,,,C,Y,N,A,2,0,0,0,21802.0,2,37.73753997,-121.12627997,4
2014,2014-07-25,638,7,2,6,5,Y,A,Y,A,H,A,A,01,,10,H,,Y,,,G,N,N,A,1,0,1,0,21950.0,2,37.75130742,-121.13987996,3
2014,2014-08-06,1432,8,2,14,3,N,A,N,A,H,A,D,22,W,09,D,,,,,C,Y,N,A,2,0,0,0,21801.0,2,38.13006566,-121.2979002,3
2014,2014-08-03,1905,8,2,19,7,N,A,N,A,H,A,A,01,S,12,D,,,,,C,Y,N,A,2,0,0,0,22450.0,3,38.12178352,-121.27906,4
2014,2014-08-01,655,8,2,6,5,N,A,Y,A,H,A,A,01,E,08,B,,,,,C,Y,N,D,3,0,0,0,22107.0,2,37.7409979,-121.50620333,3
2014,2014-07-31,450,7,2,4,4,N,A,Y,A,H,D,F,26,N,03,C,,,,Y,C,Y,N,D,1,0,0,0,22350.0,2,37.77205794,-121.32537025,4
2014,2014-08-03,820,8,2,8,7,N,A,Y,A,H,A,G,27,E,08,E,,,,Y,I,Y,N,D,1,0,0,0,22107.0,1,37.70178526,-121.50567338,3
2014,2014-07-29,1403,7,2,14,2,N,A,N,A,H,A,-,- ,E,18,D,,,,,C,Y,N,D,1,0,0,0,,2,37.81175,-121.29897,4
2014,2014-05-27,102,5,1,1,2,N,A,N,A,H,C,A,01,E,05,E,,,,,I,Y,N,A,1,0,0,0,21650.0,1,37.81187009,-121.26303873,2
2014,2014-07-26,1425,7,2,14,6,N,A,Y,A,H,A,A,08,S,07,B,,,,Y,D,Y,N,A,1,0,0,0,21658.0,2,37.79765904,-121.14316302,4
2014,2014-07-29,2030,7,2,20,2,N,A,Y,A,H,B,A,07,S,03,G,,,,,C,Y,N,D,1,0,0,0,22350.0,2,37.79332566,-121.30094465,3
2014,2014-07-11,1610,7,2,16,5,N,A,Y,A,H,A,D,22,S,03,C,,,,,C,Y,N,D,1,0,0,0,22350.0,2,38.1146869,-121.25815288,4
2014,2014-07-31,1317,7,2,13,4,N,A,Y,A,H,A,G,27,E,03,C,,,,Y,C,Y,N,D,1,0,0,0,22350.0,2,37.78320918,-121.21370666,4
2014,2014-07-30,1750,7,2,17,3,N,A,Y,A,H,A,A,01,S,03,C,,,,,C,N,N,D,1,0,0,0,22350.0,2,37.93603134,-121.29728443,4
2014,2014-07-24,1812,7,2,18,4,N,A,Y,A,H,A,C,02,W,04,C,,,Y,,C,Y,N,D,1,0,0,1,21703.0,2,37.7832023,-121.20275114,3
2014,2014-07-29,1520,7,2,15,2,N,A,Y,A,H,A,A,01,W,09,D,,,,,C,Y,N,D,1,0,0,0,21804.0,2,37.97756578,-121.21874847,4
2014,2014-07-24,1435,7,2,14,4,N,A,Y,A,H,A,D,22,E,03,C,,,,,C,Y,N,D,2,0,0,0,22350.0,5,37.7832047,-121.19966486,4
2014,2014-08-04,1749,8,2,17,1,N,B,Y,A,H,A,A,01,E,03,B,,,,,C,N,N,A,1,0,0,0,22350.0,2,38.11555074,-121.29535676,4
2014,2014-08-02,1610,8,2,16,6,Y,A,Y,A,H,A,-,,,04,C,,,,,C,N,M,A,1,0,0,0,21703.0,2,38.1163917,-121.26038956,3
2014,2014-08-08,1504,8,2,15,5,N,A,N,A,H,A,A,01,S,09,D,,,,,C,N,N,D,1,0,0,0,21804.0,2,38.12591806,-121.28825314,4
2014,2014-08-01,2113,8,2,21,5,Y,A,N,A,H,C,D,22,,12,D,,,,,C,Y,N,A,1,0,0,0,22450.0,2,37.74779993,-121.42990988,4
2014,2014-08-05,653,8,2,6,2,N,B,N,A,H,A,A,07,E,03,C,,,,,C,Y,N,A,1,0,0,0,22350.0,2,37.75431,-121.38949,4
2014,2014-08-02,1113,8,2,11,6,N,A,N,A,H,A,C,02,E,04,C,,,Y,,C,N,N,A,1,0,0,1,21703.0,2,37.73967,-121.44156165,3
2014,2014-08-02,1832,8,2,18,6,Y,A,N,A,H,A,A,01,,08,A,,,,,I,Y,N,D,1,0,0,0,22107.0,1,37.74021989,-121.47673994,3
2014,2014-07-27,1034,7,2,10,7,N,A,N,A,H,A,A,07,N,08,E,,,,,I,Y,N,A,1,0,0,0,22107.0,1,37.71240286,-121.43908214,3
2014,2014-07-25,553,7,2,5,5,N,A,N,A,H,A,-,,E,04,C,,,,,C,Y,N,D,1,0,0,0,21703.0,2,37.69590444,-121.45032714,3
2014,2014-07-20,213,7,2,2,7,N,B,Y,A,H,D,A,01,N,01,C,,,,,C,Y,N,D,4,0,0,0,23153.0,3,37.75870954,-121.1536427,2
2014,2014-07-23,2213,7,2,22,3,N,A,Y,A,H,C,D,22,S,01,C,,,,,C,N,N,D,1,0,0,0,23152.0,2,37.98175439,-121.249932,4
2014,2014-07-22,1704,7,2,17,2,N,A,Y,A,H,A,A,08,N,03,C,,,,,C,Y,N,D,2,0,0,0,22350.0,4,37.79881572,-121.19173337,4
2014,2014-07-21,2002,7,2,20,1,N,B,Y,A,D,B,M,47,S,07,B,,,,,C,Y,N,D,1,0,0,0,21658.0,2,37.9733586,-121.33881259,2
2014,2014-07-21,1130,7,2,11,1,N,A,Y,A,H,A,D,22,S,07,C,,,,,C,Y,M,D,1,0,0,0,21658.0,2,38.22950375,-121.2778797,4
2014,2014-07-18,1222,7,2,12,5,N,A,Y,A,H,A,A,07,E,03,C,,,,,C,Y,N,D,3,0,0,0,22350.0,2,37.78319939,-121.20895928,4
2014,2014-07-11,1815,7,2,18,5,Y,A,Y,A,H,A,C,02,,03,D,,,Y,,C,Y,N,D,2,0,0,1,22350.0,2,37.949174,-121.20188975,3
2014,2014-07-08,1204,7,2,12,2,N,A,Y,A,D,A,A,08,S,07,B,,,,,C,Y,N,D,1,0,0,0,21658.0,3,37.94071589,-121.2347809,3
2014,2014-07-30,2120,7,2,21,3,Y,A,N,A,H,E,A,01,,09,A,,,,,C,Y,N,A,1,0,0,0,21453.0,2,38.11631996,-121.26045995,4
2014,2014-07-27,1149,7,2,11,7,N,B,N,A,H,A,A,01,N,01,C,,,,,I,N,N,D,1,0,0,0,23152.0,1,38.13063881,-121.30589286,3
2014,2014-07-31,1629,7,2,16,4,N,A,N,A,H,A,I,19,S,12,B,,,,,C,Y,N,A,1,0,0,0,21453.0,2,38.10105255,-121.30639119,4
2014,2014-07-29,917,7,2,9,2,N,A,N,A,H,A,A,01,N,08,B,,,,,C,N,N,A,3,0,0,0,22107.0,2,38.12519887,-121.26283,4
2014,2014-08-10,2021,8,2,20,7,N,A,Y,A,H,C,A,01,W,03,C,,,,,C,N,N,A,1,0,0,0,22350.0,2,37.80873605,-121.29688834,4
2014,2014-07-25,1940,7,2,19,5,N,A,Y,A,H,A,C,02,N,08,F,,,Y,,J,N,N,D,1,0,0,1,22107.0,1,37.77925012,-121.18504438,3
2014,2014-07-25,1805,7,2,18,5,N,A,Y,A,H,A,A,08,S,03,C,,,,,C,,N,D,1,0,0,0,22350.0,2,38.11558986,-121.17378301,4
2014,2014-07-20,1140,7,2,11,7,N,-,Y,A,H,A,A,07,N,04,C,,,,,C,N,N,D,2,0,0,0,21703.0,2,37.95592325,-121.3197736,4
2014,2014-07-28,420,7,2,4,1,N,A,Y,A,H,D,A,01,W,06,A,,,Y,,C,Y,N,D,2,0,0,1,21751.0,2,37.92688714,-121.40833083,2
2014,2014-07-26,1503,7,2,15,6,N,A,N,A,H,A,A,01,E,01,C,,,,,C,Y,N,D,1,0,0,0,23152.0,2,38.00772158,-121.33225041,3
2014,2014-07-31,1120,7,2,11,4,N,A,Y,A,H,A,A,01,W,03,C,,,,,D,Y,N,A,1,0,0,0,22350.0,2,38.16316528,-121.15032889,4
2014,2014-07-30,820,7,2,8,3,N,A,Y,A,H,A,A,08,S,03,C,,,,,C,N,N,D,1,0,0,0,22350.0,2,37.98336895,-121.25001112,4
2014,2014-07-30,1723,7,2,17,3,N,A,Y,A,H,A,A,01,W,08,D,,,,,C,N,N,D,1,0,0,0,22107.0,2,37.95028834,-121.28965874,4
2014,2014-08-11,1634,8,2,16,1,N,A,N,A,H,A,A,01,W,03,E,,,,,I,Y,N,D,1,0,0,0,22350.0,1,37.75068906,-121.45329533,4
2014,2014-08-09,2140,8,2,21,6,Y,A,N,A,H,C,A,01,,03,C,,,,,C,N,N,D,1,0,0,0,22350.0,2,37.71059999,-121.42324985,4
2014,2014-08-09,1624,8,2,16,6,N,A,Y,A,H,A,A,01,N,08,D,,,,,C,N,N,D,1,0,0,0,22107.0,2,37.67329088,-121.45867158,4
2014,2014-08-12,1907,8,2,19,2,N,A,N,A,H,A,L,04,N,05,D,,Y,,,G,N,N,A,1,0,1,0,21650.0,2,37.74059029,-121.45324134,4
2014,2014-08-14,1655,8,2,16,4,Y,A,N,A,H,A,A,01,,12,D,,,,,D,Y,N,D,2,0,0,0,22450.0,3,37.75406998,-121.47673991,4
2014,2014-08-12,2050,8,2,20,2,N,A,Y,A,H,D,D,22,S,08,E,,,,,I,Y,N,D,1,0,0,0,22107.0,1,37.73397556,-121.3438164,4
2014,2014-08-11,1505,8,2,15,1,Y,A,N,A,H,A,A,01,,09,D,,,,,C,Y,N,D,1,0,0,0,21801.0,2,37.77540005,-121.5414399,3
2014,2014-08-12,1934,8,2,19,2,N,A,Y,A,H,A,A,01,W,08,E,,,,,I,Y,N,D,4,0,0,0,22107.0,1,37.61500884,-121.36464249,2
2014,2014-07-10,1620,7,2,16,4,N,A,Y,A,H,A,C,02,E,03,B,,,Y,,C,Y,N,D,1,0,0,1,22350.0,3,37.78313704,-121.23229528,3
2014,2014-07-29,1058,7,2,10,2,N,A,Y,A,H,A,A,08,S,03,C,,,,,C,Y,N,D,1,0,0,0,22350.0,2,37.8944761,-121.2826893,4
2014,2014-07-05,642,7,2,6,6,N,A,Y,A,H,A,A,01,N,01,E,,,,,I,Y,N,D,1,0,0,0,23152.0,1,37.94133564,-121.29817866,4
2014,2014-07-06,1445,7,2,14,7,N,A,Y,A,H,A,A,07,E,03,C,,,,,C,N,N,D,1,0,0,0,22350.0,2,37.78353074,-121.20041638,4
2014,2014-07-05,2220,7,2,22,6,Y,A,N,A,H,C,-,- ,,12,D,,,,,C,Y,N,A,2,0,0,0,21453.0,2,37.95395994,-121.23426996,4
2014,2014-07-13,1040,7,2,10,7,N,A,Y,A,H,A,A,01,E,08,E,,,,,I,Y,N,D,1,0,0,0,22107.0,1,38.09804207,-121.17936863,2
2014,2014-07-15,235,7,2,2,2,N,A,Y,A,D,A,A,01,S,01,E,,,,,I,Y,N,D,1,0,0,0,23152.0,1,37.95799905,-121.33080323,4
2014,2014-07-16,615,7,2,6,3,N,B,Y,A,H,A,A,01,S,08,E,,,,,I,Y,N,D,1,0,0,0,22107.0,1,37.74963948,-121.13804402,3
2014,2014-07-22,1733,7,2,17,2,N,A,N,A,H,A,A,01,W,05,E,,,,,I,Y,N,D,1,0,0,0,21460.0,1,38.03961275,-121.16937141,3
2014,2014-07-20,800,7,2,8,7,N,A,N,A,H,A,A,01,E,01,E,,,,,I,Y,N,D,1,0,0,0,23152.0,1,37.81206335,-121.17685447,3
2014,2014-08-05,1130,8,2,11,2,Y,A,N,A,H,A,A,01,,12,D,,,,,C,Y,M,A,1,0,0,0,21453.0,4,37.73920997,-121.46426985,4
2014,2014-08-18,1609,8,2,16,1,Y,A,N,A,H,A,A,01,,12,B,,,,,C,Y,N,A,1,0,0,0,21453.0,2,37.74776989,-121.43502999,3
2014,2014-08-06,912,8,2,9,3,N,A,N,A,H,A,A,01,E,03,C,,,,,C,Y,N,A,1,0,0,0,22350.0,2,37.7397098,-121.41562627,4
2014,2014-08-09,1630,8,2,16,6,Y,A,N,A,H,A,A,01,,12,D,,,,,C,Y,N,A,1,0,0,0,21453.0,2,38.10107989,-121.30638994,4
2014,2014-08-16,1141,8,2,11,6,Y,A,Y,A,H,A,A,01,,09,C,,,,,C,N,N,A,2,0,0,0,21453.0,3,38.11550205,-121.27606116,4
2014,2014-08-16,308,8,2,3,6,N,A,N,A,H,C,A,01,S,01,C,,,,,E,Y,N,D,1,0,0,0,23152.0,2,38.10323539,-121.28653518,4
2014,2014-08-14,1717,8,2,17,4,N,A,N,A,H,A,L,04,S,17,D,,Y,,,G,N,N,D,1,0,1,0,21208.0,2,38.1137192,-121.27901861,4
2014,2014-08-10,1048,8,2,10,7,N,A,N,A,H,A,A,01,E,04,C,,,,,C,Y,N,D,2,0,0,0,21703.0,2,38.13930049,-121.30950644,3
2014,2014-08-09,1026,8,2,10,6,N,A,N,A,G,A,A,01,S,22,G,Y,,,,B,N,N,A,1,1,0,0,,2,38.13240549,-121.27382898,3
2014,2014-08-31,1859,8,2,18,7,N,A,N,A,H,A,A,01,W,03,C,,,,,C,N,N,A,1,0,0,0,22350.0,3,37.75402288,-121.45692359,4
2014,2014-08-31,1037,8,2,10,7,N,A,N,A,H,A,D,22,W,04,C,,,,,C,N,N,D,1,0,0,0,21703.0,2,37.75411748,-121.46843837,4
2014,2014-07-30,1452,7,2,14,3,N,A,Y,A,H,A,A,01,N,07,B,,,,,A,Y,F,D,1,0,0,0,21658.0,3,37.77799584,-121.31664307,3
2014,2014-08-15,2235,8,2,22,5,N,A,N,A,H,D,A,01,S,08,D,,,,,C,Y,N,D,2,0,0,0,22105.0,2,37.75332269,-121.48390841,3
2014,2014-08-20,1608,8,2,16,3,N,A,N,A,H,A,D,22,E,09,D,,,,,C,Y,N,D,1,0,0,0,21804.0,2,37.7614191,-121.43469674,4
2014,2014-08-16,300,8,2,3,6,N,A,N,A,H,C,A,01,W,01,E,,,,,I,Y,N,D,3,0,0,0,23153.0,1,37.71569903,-121.42860773,2
2014,2014-08-23,1748,8,2,17,6,N,A,N,A,H,A,A,01,S,04,C,,,,,C,Y,N,A,3,0,0,0,21703.0,2,37.74457803,-121.45323015,4
2013,2013-12-15,157,12,4,1,7,Y,A,N,A,H,C,A,07,,01,D,,,,Y,C,Y,N,A,0,0,0,0,23152.0,2,37.9108549,-121.275393,1
2014,2014-05-06,832,5,1,8,2,N,A,Y,A,H,A,A,07,S,08,B,,,,,C,Y,N,D,2,0,0,0,22107.0,2,37.99911248,-121.25544869,1
2014,2014-05-09,140,5,1,1,5,N,A,Y,A,H,C,A,08,N,01,A,,,,Y,C,Y,N,D,2,0,0,0,23152.0,3,38.1604754,-121.39937594,1
2014,2014-05-10,230,5,1,2,6,N,A,Y,A,H,D,D,22,N,01,E,,,,,I,Y,N,D,0,0,0,0,23152.0,1,38.09129995,-121.26017291,1
2014,2014-05-14,1424,5,1,14,3,Y,A,Y,A,H,A,A,01,,12,D,,,,,C,Y,N,A,1,0,0,0,22450.0,2,38.03184107,-121.05014703,1
2014,2014-05-17,1610,5,1,16,6,Y,A,N,A,H,A,A,01,,09,D,,,,,C,Y,N,A,1,0,0,0,21802.0,2,37.83464,-120.99834,1
2014,2014-05-25,1325,5,1,13,7,N,A,N,A,A,A,D,22,W,01,E,,,,,I,Y,N,D,3,0,0,0,23152.0,1,37.90662903,-121.15240585,1
2014,2014-05-24,545,5,1,5,6,N,A,Y,A,H,B,A,01,E,08,E,,,,,I,Y,N,D,0,0,0,0,22107.0,1,37.8900734,-121.53220855,1
2014,2014-05-23,2128,5,1,21,5,N,A,N,A,H,D,A,01,N,01,E,,,,,I,Y,N,D,0,0,0,0,23152.0,1,38.00302312,-121.09525187,1
2014,2014-05-02,2050,5,1,20,5,N,A,Y,A,D,D,N,60,S,11,G,Y,,,,B,Y,N,D,0,0,0,0,21954.0,2,37.910572,-121.28849231,1
2014,2014-06-08,230,6,2,2,7,N,A,Y,A,H,D,A,07,E,08,E,,,,,I,Y,N,D,0,0,0,0,22107.0,1,37.89007498,-121.52892543,1
2014,2014-06-26,355,6,2,3,4,N,B,Y,A,H,D,A,01,E,08,E,,,,,I,Y,N,D,0,0,0,0,22107.0,1,37.60279334,-121.34928249,1
2014,2014-09-02,1002,9,3,10,2,Y,A,N,A,H,A,D,22,,09,D,,,Y,,C,Y,N,A,2,0,0,1,21801.0,2,38.14572994,-121.26855995,3
2014,2014-08-22,1708,8,2,17,5,Y,A,N,A,H,A,A,07,,09,D,,,,,C,N,N,A,2,0,0,0,21801.0,2,38.13001995,-121.28305987,4
2014,2014-08-30,2045,8,2,20,6,N,A,N,A,H,C,A,01,E,08,E,,,,,I,Y,N,D,1,0,0,0,22107.0,1,38.10571745,-121.28743872,4
2014,2014-08-25,1831,8,2,18,1,N,A,N,A,H,A,A,07,N,04,C,,,,,C,N,N,A,1,0,0,0,21703.0,3,38.12659829,-121.30673824,4
2014,2014-08-22,1436,8,2,14,5,N,A,N,A,H,A,A,01,E,03,C,,,,,C,Y,N,D,1,0,0,0,22350.0,3,38.10114522,-121.27439829,4
2014,2014-08-22,1600,8,2,16,5,Y,A,N,A,H,A,A,01,,08,D,,,,,C,Y,M,D,1,0,0,0,22103.0,2,38.14221989,-121.27631988,4
2014,2014-08-29,1849,8,2,18,5,N,A,N,A,H,A,A,01,S,05,D,,,,,C,N,N,D,1,0,0,0,21460.0,2,37.712751,-121.546565,4