ACCIDENT_YEAR,COLLISION_DATE,COLLISION_TIME,MONTH,SEASON,24HOURS,DAY_OF_WEEK,INTERSECTION,WEATHER_1,STATE_HWY_IND,ROAD_SURFACE,ROAD_COND_1,LIGHTING,STWD_VEHTYPE_AT_FAULT,CHP_VEHTYPE_AT_FAULT,DIRECTION,PCF_VIOL_CATEGORY,TYPE_OF_COLLISION,PEDESTRIAN_ACCIDENT,BICYCLE_ACCIDENT,MOTORCYCLE_ACCIDENT,TRUCK_ACCIDENT,MVIW,TOW_AWAY,HIT_AND_RUN,CONTROL_DEVICE,NUMBER_INJURED,COUNT_PED_INJURED,COUNT_BICYCLIST_INJURED,COUNT_MC_INJURED,PCF_VIOLATION,PARTY_COUNT,POINT_Y,POINT_X,COLLISION_SEVERITY
2015,2015-02-10,1312,2,4,13,2,N,A,N,A,H,A,A,01,E,03,C,,,,,C,Y,N,A,1,0,0,0,22350.0,4,37.75406424,-121.47610708,4
2015,2015-02-06,1012,2,4,10,5,N,B,N,A,H,A,L,04,N,05,D,,Y,,,G,N,N,A,1,0,1,0,21650.0,2,37.73084222,-121.43482166,4
2014,2014-12-25,825,12,4,8,4,N,A,Y,A,H,A,D,22,W,08,E,,,,,I,Y,N,D,1,0,0,0,22107.0,1,37.92691834,-121.36369136,3
2014,2014-12-31,700,12,4,7,3,N,A,Y,A,H,B,D,22,W,03,C,,,,,C,Y,N,D,3,0,0,0,22350.0,3,38.11548291,-121.43019842,2
2015,2015-01-13,1410,1,4,14,2,Y,A,Y,A,H,A,D,22,,12,A,,,,,C,Y,N,A,1,0,0,0,21453.0,2,38.11554605,-121.33407209,3
2015,2015-01-13,1823,1,4,18,2,N,A,Y,A,H,B,A,01,W,08,E,,,,,I,Y,N,D,1,0,0,0,22107.0,2,37.95094426,-121.28449713,4
2015,2015-01-13,2330,1,4,23,2,N,A,Y,A,D,D,A,01,S,07,B,,,,Y,C,Y,F,D,1,0,0,0,21658.0,3,37.97891531,-121.3410093,3
2015,2015-01-10,1533,1,4,15,6,Y,A,N,A,H,A,A,01,,12,D,,,,,C,Y,N,A,1,0,0,0,22450.0,2,37.82760988,-120.96090988,4
2015,2015-01-03,1045,1,4,10,6,N,A,Y,A,H,A,A,01,N,03,C,,,,,C,N,N,D,2,0,0,0,22350.0,2,38.22753665,-121.43164104,4
2015,2015-01-10,1530,1,4,15,6,N,B,Y,A,C,A,A,01,S,08,E,,,,Y,I,Y,N,D,2,0,0,0,22107.0,2,38.11057661,-121.25923362,3
2015,2015-01-10,900,1,4,9,6,Y,E,Y,A,H,A,A,01,,12,D,,,,Y,C,N,N,D,1,0,0,0,22450.0,2,37.97569483,-121.22584907,3
2015,2015-01-23,1720,1,4,17,5,N,A,Y,A,H,D,A,07,S,03,C,,,,,C,Y,N,D,1,0,0,0,22350.0,3,37.97884693,-121.24964979,4
2015,2015-01-22,1700,1,4,17,4,N,A,Y,A,H,B,A,01,N,03,C,,,,,C,Y,N,D,1,0,0,0,22350.0,2,37.74063214,-121.12297801,4
2015,2015-01-22,713,1,4,7,4,N,B,Y,A,D,A,D,22,S,03,C,,,,,C,Y,N,D,1,0,0,0,22350.0,5,37.85682195,-121.21849709,4
2015,2015-01-08,1238,1,4,12,4,N,A,Y,A,H,A,A,01,E,03,C,,,,,C,Y,N,A,1,0,0,0,22350.0,2,37.99378039,-121.23605081,3
2015,2015-01-06,1725,1,4,17,2,N,A,N,A,H,C,D,22,N,03,C,,,,,C,Y,N,D,2,0,0,0,22350.0,2,38.01878343,-121.32995286,4
2015,2015-01-21,1324,1,4,13,3,N,A,Y,A,H,A,A,01,W,01,D,,,,,C,Y,N,D,3,0,0,0,23152.0,2,37.9268849,-121.40095905,2
2015,2015-01-20,836,1,4,8,2,N,B,Y,B,H,A,D,22,S,03,E,,,,,I,Y,N,D,1,0,0,0,22350.0,1,38.21694886,-121.26961297,4
2015,2015-01-06,1010,1,4,10,2,N,A,Y,A,H,A,A,01,N,07,B,,,,Y,C,Y,N,D,1,0,0,0,21658.0,2,37.7937631,-121.30094496,4
2015,2015-01-04,1931,1,4,19,7,N,A,N,A,H,D,-,- ,E,18,H,,,,,H,Y,N,D,1,0,0,0,,1,37.87107021,-121.0471969,4
2015,2015-01-19,2041,1,4,20,1,Y,A,N,A,H,D,A,01,,09,D,,,,,C,Y,N,A,1,0,0,0,21802.0,2,38.23403989,-121.22673987,2
2015,2015-01-18,2045,1,4,20,7,N,A,Y,A,H,D,D,22,E,01,F,,,,,A,Y,N,D,1,0,0,0,23152.0,1,38.00327238,-121.14016185,4
2015,2015-01-15,1210,1,4,12,4,N,B,Y,A,H,A,-,- ,N,18,E,,,,,I,Y,N,D,1,0,0,0,,1,38.03930004,-121.36669135,3
2015,2015-01-14,1555,1,4,15,3,Y,B,N,A,H,A,-,- ,,18,H,,,,,A,N,N,A,1,0,0,0,,1,37.9824499,-121.32737993,4
2015,2015-01-12,540,1,4,5,1,N,E,N,B,H,D,A,01,W,08,E,,,,,I,Y,N,D,1,0,0,0,22107.0,3,37.75620814,-121.01753046,4
2015,2015-01-10,520,1,4,5,6,N,A,Y,A,H,D,A,01,N,03,C,,,,Y,C,Y,N,D,1,0,0,0,22350.0,2,37.89840664,-121.28445143,3
2015,2015-01-15,800,1,4,8,4,N,B,N,A,H,A,D,22,E,03,C,,,,,C,N,N,D,2,0,0,0,22350.0,2,37.73944851,-121.17141606,4
2015,2015-01-16,1920,1,4,19,5,N,A,Y,A,H,D,D,22,W,03,C,,,,,C,Y,N,D,1,0,0,0,22350.0,3,37.78320047,-121.19669615,4
2015,2015-01-16,1500,1,4,15,5,Y,A,N,A,H,A,A,01,,09,D,,,,,C,Y,N,A,1,0,0,0,21802.0,2,38.0448499,-121.09614994,3
2015,2015-01-14,1445,1,4,14,3,N,B,Y,A,H,A,A,01,W,03,C,,,,,C,Y,N,D,1,0,0,0,22350.0,2,37.7832053,-121.2000889,4
2015,2015-01-15,1150,1,4,11,4,N,B,Y,A,H,A,C,02,N,08,H,,,Y,,A,Y,N,D,1,0,0,1,22107.0,1,37.94864978,-121.30117332,2
2015,2015-01-19,1845,1,4,18,1,N,A,Y,A,H,D,A,01,S,07,E,,,,,I,Y,N,D,2,0,0,0,21658.0,2,38.21321027,-121.26749983,4
2015,2015-01-18,2120,1,4,21,7,N,E,N,B,H,D,A,01,N,01,E,,,,,I,Y,N,D,1,0,0,0,23152.0,1,,,4
2015,2015-01-23,705,1,4,7,5,N,B,Y,A,H,B,A,01,N,08,E,,,,,I,Y,N,D,1,0,0,0,22107.0,1,38.03649421,-121.36578701,4
2015,2015-01-24,108,1,4,1,6,N,B,Y,A,H,C,A,07,N,01,F,,,,,A,Y,N,D,2,0,0,0,23152.0,1,37.7913567,-121.30079241,2
2015,2015-01-24,550,1,4,5,6,N,B,Y,A,H,C,-,- ,S,18,G,Y,,,,B,N,N,D,1,1,0,0,,2,38.10137635,-121.2600818,4
2015,2015-01-02,1930,1,4,19,5,N,A,Y,A,H,D,A,07,N,01,E,,,,,I,Y,N,D,1,0,0,0,23152.0,1,38.15134808,-121.26125971,4
2015,2015-01-03,310,1,4,3,6,N,A,Y,A,H,C,A,01,S,01,E,,,,,I,Y,N,D,1,0,0,0,23152.0,1,38.24583178,-121.44423777,3
2015,2015-01-03,1246,1,4,12,6,N,A,Y,A,H,A,C,02,S,03,C,,,Y,,C,Y,N,D,1,0,0,1,22350.0,2,37.85521148,-121.282325,3
2015,2015-01-04,1620,1,4,16,7,N,A,Y,A,H,A,A,01,S,04,C,,,,,C,Y,N,D,1,0,0,0,21703.0,2,38.21455749,-121.42285177,4
2015,2015-01-05,1849,1,4,18,1,N,A,Y,A,H,C,A,01,N,09,D,,,Y,,C,Y,N,D,1,0,0,1,21801.0,2,38.03830542,-121.2583137,2
2015,2015-01-06,1735,1,4,17,2,N,A,Y,A,D,B,A,01,N,03,C,,,,,C,Y,N,D,1,0,0,0,22350.0,2,37.93990757,-121.29792031,3
2015,2015-01-07,2310,1,4,23,3,N,A,Y,A,D,C,A,01,S,01,E,,,,,I,Y,N,D,1,0,0,0,23152.0,1,38.01559972,-121.35618393,4
2015,2015-01-07,1003,1,4,10,3,N,A,Y,A,H,A,A,01,S,03,C,,,,,C,Y,N,D,2,0,0,0,22350.0,2,37.85134193,-121.28327172,4
2015,2015-01-08,1535,1,4,15,4,N,A,Y,A,H,A,A,01,W,03,C,,,,,C,Y,N,D,1,0,0,0,22350.0,2,37.96081861,-121.24731327,4
2015,2015-01-10,1844,1,4,18,6,N,A,N,A,H,D,A,01,N,01,F,,,,,A,Y,N,D,1,0,0,0,23152.0,1,38.19047658,-121.26284905,3
2015,2015-01-11,1318,1,4,13,7,N,A,Y,A,H,A,A,07,W,03,C,,,Y,,C,Y,N,D,1,0,0,1,22350.0,3,38.11412422,-121.5040541,4
2015,2015-01-01,730,1,4,7,4,N,A,Y,C,D,A,-,- ,S,18,E,,,,,I,Y,N,D,1,0,0,0,,1,37.95331086,-121.30896087,4
2015,2015-01-01,628,1,4,6,4,N,A,Y,A,H,D,A,01,N,07,C,,,,,C,Y,N,D,1,0,0,0,21658.0,2,37.82995523,-121.28852106,4
2015,2015-01-02,733,1,4,7,5,Y,A,Y,A,H,A,A,01,,09,D,,,,,C,Y,N,A,1,0,0,0,21802.0,2,38.03023086,-121.05525885,4
2015,2015-01-02,1730,1,4,17,5,N,A,Y,A,H,D,A,01,S,08,E,,,,,I,Y,N,D,1,0,0,0,22107.0,1,37.76802171,-121.16946497,3
2015,2015-01-14,1336,1,4,13,3,N,A,Y,A,D,A,A,01,S,03,C,,,,,C,N,N,D,2,0,0,0,22350.0,2,38.17378127,-121.26215797,4
2015,2015-01-20,1615,1,4,16,2,N,A,N,A,H,B,A,01,E,03,C,,,,,C,Y,N,D,2,0,0,0,22350.0,2,38.15180946,-121.16734067,3
2015,2015-01-21,750,1,4,7,3,Y,B,N,A,H,A,A,01,,09,D,,,,,C,Y,N,A,2,0,0,0,21802.0,2,38.18935006,-121.37223995,4
2015,2015-01-02,205,1,4,2,5,N,A,N,A,D,C,A,01,E,08,E,,,,,I,Y,N,D,2,0,0,0,22107.0,1,37.94124,-121.2348,4
2015,2015-01-16,646,1,4,6,5,N,E,N,A,H,B,A,01,N,09,D,,,,,C,Y,F,A,4,0,0,0,21801.0,3,38.1089906,-121.35241463,4
2015,2015-01-19,1805,1,4,18,1,Y,A,N,A,H,C,A,01,,08,F,,,,,A,Y,N,A,1,0,0,0,22107.0,1,37.86537996,-121.23736987,4
2015,2015-01-22,829,1,4,8,4,N,A,N,A,H,A,-,99,S,08,B,,Y,,,G,N,F,D,1,0,1,0,22107.0,2,37.92899919,-121.24483724,3
2015,2015-01-23,1420,1,4,14,5,N,B,N,A,H,A,A,01,N,01,C,,,,,C,Y,N,D,2,0,0,0,23152.0,4,37.99046687,-121.26730169,2
2015,2015-01-02,2020,1,4,20,5,N,A,N,A,H,C,A,01,S,03,F,,Y,,,G,Y,N,D,2,0,1,0,22350.0,3,38.04809275,-121.31723998,4
2015,2015-01-08,1235,1,4,12,4,N,A,N,A,H,A,A,01,N,03,C,,,,,C,N,N,D,1,0,0,0,22350.0,2,37.99583343,-121.25822815,4
2015,2015-01-11,1615,1,4,16,7,N,A,N,A,H,A,A,01,W,21,C,,,,,C,N,M,A,2,0,0,0,22106.0,2,38.02103097,-121.33005678,4
2014,2014-12-25,1530,12,4,15,4,N,A,Y,A,H,A,A,07,N,08,F,,,,,A,Y,N,D,1,0,0,0,22107.0,1,37.83037234,-121.28835932,3
2014,2014-12-23,2305,12,4,23,2,N,A,Y,A,D,D,A,07,N,03,C,,,,,C,Y,F,D,2,0,0,0,22350.0,2,37.83461586,-121.21751359,3
2015,2015-01-29,1420,1,4,14,4,N,A,Y,A,H,A,C,02,S,08,F,,,Y,,A,N,N,D,1,0,0,1,22107.0,1,38.08007944,-121.26002613,3
2015,2015-01-29,815,1,4,8,4,N,E,Y,A,H,A,A,01,N,08,E,,,,,I,Y,N,D,1,0,0,0,22107.0,1,37.9303635,-121.29563604,4
2015,2015-01-29,255,1,4,2,4,N,E,Y,A,H,D,A,01,N,08,E,,,,,I,Y,N,D,1,0,0,0,22107.0,1,37.86302289,-121.27986668,3
2015,2015-01-28,1533,1,4,15,3,Y,A,N,A,H,A,A,07,,03,C,,,,,C,Y,N,A,1,0,0,0,22350.0,3,38.08658995,-121.33371997,3
2015,2015-01-28,845,1,4,8,3,Y,E,N,A,H,A,A,01,,09,D,,,,,C,Y,N,A,1,0,0,0,21802.0,2,37.834454,-120.998125,4
2015,2015-01-31,655,1,4,6,6,N,A,N,A,H,B,A,01,N,08,F,,,,,A,Y,N,D,1,0,0,0,22107.0,1,37.8774,-121.3424,4
2015,2015-01-30,1640,1,4,16,5,N,A,Y,A,H,A,A,01,S,08,E,,,,,I,Y,N,D,1,0,0,0,22107.0,1,37.94322558,-121.29846908,4
2015,2015-01-18,700,1,4,7,7,N,B,Y,B,H,A,A,01,S,07,C,,,,,C,Y,N,D,3,0,0,0,21658.0,2,37.9349453,-121.2973893,4
2015,2015-01-05,745,1,4,7,1,Y,A,N,A,H,A,A,01,,09,D,,,,,C,Y,N,D,2,0,0,0,21801.0,2,37.98115,-121.25545993,4
2015,2015-02-06,643,2,4,6,5,N,B,Y,A,H,A,A,01,S,08,E,Y,,,,I,Y,N,D,2,1,0,0,22107.0,2,37.8257902,-121.29013241,3
2015,2015-02-07,845,2,4,8,6,N,A,Y,A,H,A,A,07,W,08,F,,,,,A,Y,N,A,1,0,0,0,22107.0,1,38.09071317,-120.94941959,2
2015,2015-02-07,1220,2,4,12,6,Y,B,N,A,H,A,A,07,,09,D,,,,,C,Y,N,A,2,0,0,0,21802.0,2,37.76203997,-120.95034986,4
2015,2015-02-05,30,2,4,0,4,N,-,N,A,H,D,A,07,N,08,E,,,,,J,N,M,D,1,0,0,0,22107.0,1,38.20822835,-121.22618117,3
2015,2015-02-06,1510,2,4,15,5,N,B,N,A,H,A,A,01,S,08,E,,,,,J,Y,N,D,1,0,0,0,22107.0,1,37.85986565,-121.21886151,3
2015,2015-02-06,1445,2,4,14,5,N,B,Y,B,H,A,A,01,E,08,F,,,,,A,Y,N,D,1,0,0,0,22107.0,1,38.02758936,-121.0636044,3
2015,2015-02-01,2500,2,4,25,7,N,A,Y,A,D,D,A,01,S,01,E,,,,,I,Y,N,D,1,0,0,0,23152.0,1,37.82305282,-121.21658636,2
2015,2015-02-01,510,2,4,5,7,N,B,N,A,H,D,A,01,W,08,E,,,,,I,Y,N,D,1,0,0,0,22107.0,1,38.05972,-121.10448687,3
2015,2015-02-03,1115,2,4,11,2,N,A,Y,A,H,A,A,01,N,04,C,,,,,C,Y,N,D,1,0,0,0,21703.0,2,38.17566647,-121.26246354,4
2015,2015-02-03,1050,2,4,10,2,N,A,Y,A,H,A,A,01,N,07,B,,,,,C,Y,N,D,1,0,0,0,21658.0,2,37.81260651,-121.29552376,4
2015,2015-02-04,805,2,4,8,3,Y,B,N,A,H,A,L,04,,05,D,,Y,,,G,N,N,A,1,0,1,0,21650.0,2,38.00018996,-121.34667996,3
2015,2015-02-05,735,2,4,7,4,N,B,Y,A,H,A,A,01,W,07,C,,,,,C,Y,N,D,2,0,0,0,21658.0,2,37.78320393,-121.20165538,4
2015,2015-02-05,1205,2,4,12,4,N,B,N,A,H,A,A,01,E,08,D,,,,,C,Y,N,A,4,0,0,0,22107.0,2,38.10128,-121.35227829,3
2015,2015-02-05,1630,2,4,16,4,N,B,N,A,H,A,A,01,E,08,F,,,,,A,N,N,D,1,0,0,0,22107.0,1,37.81206998,-121.1750267,4
2015,2015-02-14,1756,2,4,17,6,Y,A,N,A,H,A,A,07,,09,D,,,,,C,Y,N,A,3,0,0,0,21802.0,2,37.76118999,-121.13353996,4
2015,2015-02-14,2145,2,4,21,6,N,A,Y,A,H,D,A,01,E,01,A,,,,,C,Y,N,D,2,0,0,0,23152.0,2,37.63809584,-121.30658833,2
2015,2015-02-18,955,2,4,9,3,N,A,Y,A,H,A,A,01,W,08,C,,,,Y,C,Y,N,D,1,0,0,0,22107.0,2,37.65379993,-121.42712841,3
2015,2015-02-18,1730,2,4,17,3,Y,A,N,A,H,B,D,22,,09,A,,,,,C,Y,N,D,1,0,0,0,21801.0,2,37.75395999,-121.48485992,4
2015,2015-02-21,433,2,4,4,6,N,E,Y,A,H,D,A,01,E,08,E,,,,,I,Y,N,D,1,0,0,0,22107.0,1,37.89006136,-121.54333295,3
2015,2015-02-26,1635,2,4,16,4,N,A,Y,A,H,A,A,01,W,03,C,,,,,C,Y,N,D,1,0,0,0,22350.0,2,37.76472087,-121.39880792,4
2015,2015-02-13,1905,2,4,19,5,N,A,Y,A,H,D,A,01,W,03,C,,,,,C,Y,N,D,1,0,0,0,22350.0,2,37.76473621,-121.3930346,4
2014,2014-12-18,1458,12,4,14,4,Y,A,N,A,H,A,A,01,,10,G,Y,,,,B,N,N,A,1,1,0,0,21950.0,2,38.00745991,-121.32226999,4
2015,2015-02-15,2147,2,4,21,7,-,A,N,A,H,C,F,26,,01,C,,,,Y,E,Y,N,D,1,0,0,0,23152.0,2,37.75062947,-121.44351482,3
2015,2015-02-18,535,2,4,5,3,Y,A,N,A,H,D,D,22,,09,D,,,,,C,Y,N,D,2,0,0,0,21801.0,2,37.69841995,-121.36121989,4
2015,2015-02-13,700,2,4,7,5,N,A,N,A,H,A,D,22,S,05,A,,,,,C,Y,N,A,2,0,0,0,21460.0,2,37.66092222,-121.47154778,2
2015,2015-02-08,1745,2,4,17,7,N,B,Y,A,H,D,-,- ,W,18,F,,,,Y,J,Y,N,D,1,0,0,0,,1,37.59969606,-121.34472152,4
2015,2015-02-17,522,2,4,5,2,N,E,Y,A,H,D,D,22,W,03,C,,,,,C,Y,N,D,1,0,0,0,22350.0,2,37.74860142,-121.47700353,4
2015,2015-02-08,2230,2,4,22,7,N,A,Y,A,H,D,-,- ,E,18,F,,,,Y,I,Y,N,D,1,0,0,0,,1,37.70161592,-121.50538906,4
2015,2015-02-23,1629,2,4,16,1,Y,A,N,A,H,A,A,01,,09,A,,,,,C,Y,N,A,1,0,0,0,21801.0,2,37.74065993,-121.43619993,4
2015,2015-01-29,521,1,4,5,4,N,E,Y,A,D,D,A,01,S,03,E,,,,Y,C,Y,N,D,1,0,0,0,22350.0,2,37.89018221,-121.22046761,3
2015,2015-01-31,400,1,4,4,6,N,E,Y,A,H,D,A,01,S,01,C,,,,,C,Y,N,D,1,0,0,0,23152.0,2,37.76715932,-121.16800041,4
2014,2014-08-16,1215,8,2,12,6,N,A,Y,A,H,A,-,- ,N,18,E,,,,,I,Y,N,D,1,0,0,0,,1,37.99241795,-121.25275405,3
2015,2015-01-27,750,1,4,7,2,N,A,Y,A,D,A,D,22,S,03,C,,,,,C,Y,N,D,2,0,0,0,22350.0,4,37.9444367,-121.23527612,4
2015,2015-01-26,1555,1,4,15,1,N,B,Y,A,H,B,A,01,S,08,C,,,,Y,E,Y,N,D,1,0,0,0,22107.0,3,38.11390817,-121.25852936,3
2015,2015-01-29,440,1,4,4,4,Y,A,N,A,H,C,A,01,,03,D,,,,,C,Y,N,A,1,0,0,0,22350.0,2,38.03289996,-121.33643988,4
2015,2015-02-20,850,2,4,8,5,N,A,N,A,H,A,D,22,S,03,D,,,,,J,N,N,D,2,0,0,0,22350.0,2,37.79363824,-121.30161022,4
2015,2015-03-05,1600,3,1,16,4,N,A,Y,A,H,A,A,01,W,08,C,,,,Y,E,Y,N,D,2,0,0,0,22107.0,2,37.76687538,-121.33329539,3
2015,2015-02-02,639,2,4,6,1,N,E,Y,A,H,B,D,22,W,03,C,,,,,C,Y,N,A,2,0,0,0,22350.0,3,38.0161567,-121.20740927,4
2015,2015-02-03,755,2,4,7,2,N,A,Y,A,H,A,G,25,N,03,C,,,,Y,C,N,N,D,1,0,0,0,22350.0,2,37.8985815,-121.2841711,4
2015,2015-02-04,1556,2,4,15,3,N,A,Y,A,H,A,D,22,N,08,B,,,,,C,N,M,D,1,0,0,0,22107.0,2,38.1920557,-121.4064734,4
2015,2015-02-04,1810,2,4,18,3,Y,A,Y,A,H,D,D,23,,09,D,,,,,C,N,N,D,2,0,0,0,21801.0,2,37.98919203,-121.19106981,3
2015,2015-02-04,1354,2,4,13,3,N,A,Y,A,H,A,A,01,E,03,B,,,,,C,Y,N,D,1,0,0,0,22350.0,2,38.03189324,-121.04998407,4
2015,2015-02-25,2026,2,4,20,3,N,A,N,A,H,C,A,01,S,01,B,,,,,E,Y,N,D,1,0,0,0,23152.0,2,37.75059556,-121.42119975,3
2015,2015-02-17,1518,2,4,15,2,N,A,N,A,H,A,N,60,E,11,G,Y,,,,B,N,N,A,1,1,0,0,21954.0,2,37.72891885,-121.43422608,4
2015,2015-02-20,1544,2,4,15,5,N,A,N,A,H,A,A,01,N,09,H,,,Y,,A,N,N,D,1,0,0,1,21804.0,2,37.72301342,-121.43482116,4
2015,2015-02-26,827,2,4,8,4,N,A,N,A,H,A,A,07,W,21,B,,,,,C,Y,N,D,2,0,0,0,22106.0,2,37.70184128,-121.44570091,3
2015,2015-02-15,645,2,4,6,7,N,A,N,A,H,A,A,01,N,08,F,,,,,A,Y,N,D,1,0,0,0,22107.0,1,37.75777897,-121.34490252,4
2015,2015-02-01,1630,2,4,16,7,N,A,N,A,H,A,A,01,S,01,E,,,,,J,Y,N,D,1,0,0,0,23152.0,1,37.71234922,-121.54384144,4
2015,2015-02-10,200,2,4,2,2,N,A,N,A,H,D,A,01,W,08,F,,,,,A,Y,N,D,1,0,0,0,22107.0,1,37.72098443,-121.48064539,4
2015,2015-02-14,2010,2,4,20,6,N,A,N,A,H,C,A,01,W,08,E,,,,,I,Y,N,D,1,0,0,0,22107.0,1,37.77080312,-121.53919561,4
2015,2015-02-14,128,2,4,1,6,N,A,N,A,H,C,A,01,W,01,E,,,,,I,Y,N,D,3,0,0,0,23152.0,1,37.75084087,-121.42592647,3
2015,2015-02-15,1117,2,4,11,7,Y,A,N,A,H,A,A,01,,12,D,,,,,C,Y,N,A,3,0,0,0,21453.0,2,37.75639997,-121.46333997,4
2015,2015-02-18,10,2,4,0,3,Y,A,N,A,H,C,A,01,,03,C,,,,,E,Y,N,D,2,0,0,0,22350.0,4,37.74491993,-121.44355989,3
2015,2015-02-12,1243,2,4,12,4,N,A,N,A,H,A,A,01,N,08,A,,,,,C,N,N,A,1,0,0,0,22107.0,2,37.73852192,-121.42593183,4
2015,2015-02-26,1810,2,4,18,4,N,A,N,A,H,B,A,07,S,01,F,,,,,A,Y,N,D,1,0,0,0,23152.0,1,37.83487,-121.451279,3
2015,2015-02-20,1700,2,4,17,5,N,A,N,A,H,A,A,07,S,03,C,,,,,C,Y,N,D,2,0,0,0,22350.0,2,37.75053018,-121.47924598,4
2015,2015-03-06,1600,3,1,16,5,Y,A,N,A,H,A,A,01,,09,D,,,,,C,N,N,D,1,0,0,0,21801.0,3,37.76552995,-121.45334994,3
2015,2015-03-06,1455,3,1,14,5,N,A,N,A,H,A,A,01,S,08,E,,,,,I,Y,N,D,1,0,0,0,22107.0,1,37.69106117,-121.29342023,4
2015,2015-03-07,1610,3,1,16,6,Y,A,Y,A,H,A,A,01,,12,D,,,,,C,Y,N,A,1,0,0,0,21453.0,2,37.74261484,-121.53494138,4
2015,2015-03-07,1213,3,1,12,6,Y,A,N,A,H,A,N,60,,11,G,Y,,,,B,N,N,D,1,1,0,0,21954.0,2,37.81376995,-121.29198997,4
2015,2015-02-20,2229,2,4,22,5,N,A,N,A,H,C,-,- ,S,09,D,,,,,C,Y,N,A,1,0,0,0,21453.0,2,37.75427638,-121.14241991,4
2015,2015-02-19,1746,2,4,17,4,N,A,N,A,H,B,A,01,N,03,G,Y,,,,B,N,N,A,1,1,0,0,22350.0,2,37.73949938,-121.11815634,3
2015,2015-03-06,1318,3,1,13,5,N,A,N,A,H,A,A,01,W,04,B,,,,,C,Y,N,D,1,0,0,0,21706.0,2,37.72510336,-121.41854675,4
2015,2015-02-14,1132,2,4,11,6,N,A,Y,A,H,A,A,01,S,03,C,,,,,A,Y,N,D,1,0,0,0,22350.0,3,38.17436028,-121.26218351,4
2015,2015-02-14,1130,2,4,11,6,N,A,Y,A,H,A,A,07,N,03,C,,,,,C,Y,N,D,3,0,0,0,22350.0,4,38.17682289,-121.26224123,4
2015,2015-02-08,1400,2,4,14,7,N,B,N,B,H,A,A,01,W,03,C,,,,,E,Y,N,D,2,0,0,0,22350.0,2,38.00500182,-121.34795644,4
2015,2015-02-08,1345,2,4,13,7,N,C,Y,B,H,A,D,22,S,03,E,,,,,I,Y,N,D,1,0,0,0,22350.0,1,38.17378338,-121.26239697,4
2015,2015-02-08,905,2,4,9,7,N,C,Y,B,D,A,D,22,N,03,E,,,,,I,Y,N,D,4,0,0,0,22350.0,1,37.9433988,-121.29849854,3
2015,2015-02-13,1233,2,4,12,5,Y,A,Y,A,H,A,A,01,,09,D,,,,Y,C,Y,N,A,1,0,0,0,21802.0,2,37.86222318,-121.21868055,4
2015,2015-02-10,1435,2,4,14,2,N,A,Y,A,H,A,D,22,W,03,C,,,,,C,N,N,A,2,0,0,0,22350.0,2,38.11540085,-121.28991156,4
2015,2015-02-06,1927,2,4,19,5,N,C,N,B,H,C,D,22,E,01,E,,,,,I,Y,N,A,1,0,0,0,23152.0,1,38.1456201,-121.30663914,4
2015,2015-02-17,1422,2,4,14,2,N,A,N,A,H,A,D,22,N,09,D,,,,,C,Y,N,D,2,0,0,0,21804.0,2,38.1158863,-121.27895914,4
2015,2015-02-14,1127,2,4,11,6,N,A,Y,A,H,A,D,22,N,03,C,,,,,C,Y,N,D,1,0,0,0,22350.0,2,38.19174154,-121.26261458,4
2015,2015-02-13,1213,2,4,12,5,N,A,N,A,H,A,D,22,E,03,C,,,,,C,N,N,D,1,0,0,0,22350.0,2,38.1158549,-121.26912953,4
2015,2015-02-13,1730,2,4,17,5,N,A,Y,A,H,B,D,22,N,03,C,,,,,C,Y,N,D,3,0,0,0,22350.0,3,37.96577007,-121.24388513,4
2015,2015-02-13,1610,2,4,16,5,Y,B,N,A,H,A,C,02,,05,D,,,Y,,C,,N,A,1,0,0,1,21752.0,2,38.17506991,-121.2068399,3
2015,2015-02-20,1421,2,4,14,5,N,A,N,A,H,A,A,07,W,03,C,,,,,C,N,N,A,2,0,0,0,22350.0,3,38.13623,-121.29062248,4
2015,2015-02-26,1502,2,4,15,4,N,A,N,A,H,A,A,01,S,03,C,,,,,C,N,N,A,1,0,0,0,22350.0,2,38.10373254,-121.29706038,4
2015,2015-02-15,2120,2,4,21,7,N,A,N,A,H,C,A,01,S,01,C,,,,,E,Y,N,D,1,0,0,0,23152.0,2,38.11893397,-121.26963187,4
2015,2015-02-21,2230,2,4,22,6,N,A,N,A,H,C,A,01,W,22,G,Y,,,,B,N,M,D,1,1,0,0,,2,38.13001565,-121.28076966,4
2015,2015-02-21,2052,2,4,20,6,Y,A,N,A,H,C,L,04,,05,H,,Y,,,G,N,F,A,1,0,1,0,21650.0,2,38.13519989,-121.26082991,3
2015,2015-02-13,1610,2,4,16,5,N,A,Y,A,H,A,A,01,W,06,D,,,,,C,Y,N,D,1,0,0,0,21754.0,2,38.11549356,-121.28085518,4
2015,2015-02-01,328,2,4,3,7,N,E,N,A,H,C,C,02,E,01,E,,,Y,,I,Y,N,D,1,0,0,1,23152.0,1,38.14479,-121.24808,2
2015,2015-02-14,1155,2,4,11,6,N,A,N,A,H,A,A,01,E,08,C,,,,,E,N,M,D,3,0,0,0,22107.0,2,38.13393652,-121.26522807,3
2015,2015-02-05,635,2,4,6,4,N,B,N,A,H,C,D,22,S,08,G,Y,,,,B,N,F,D,1,1,0,0,22107.0,2,38.11135022,-121.27867872,3
2015,2015-02-17,1524,2,4,15,2,N,A,N,A,H,A,D,22,N,01,C,,,,,C,Y,N,A,1,0,0,0,23152.0,4,38.13023299,-121.30678412,4
2015,2015-01-28,1454,1,4,14,3,N,A,N,A,H,A,N,60,W,11,G,Y,,,,B,N,N,D,1,1,0,0,21954.0,2,38.13878631,-121.27367924,4
2015,2015-02-03,1530,2,4,15,2,N,A,N,A,H,A,A,01,S,07,B,,,,,C,N,N,A,1,0,0,0,21658.0,2,38.12622221,-121.26971696,4