ACCIDENT_YEAR,COLLISION_DATE,COLLISION_TIME,MONTH,SEASON,24HOURS,DAY_OF_WEEK,INTERSECTION,WEATHER_1,STATE_HWY_IND,ROAD_SURFACE,ROAD_COND_1,LIGHTING,STWD_VEHTYPE_AT_FAULT,CHP_VEHTYPE_AT_FAULT,DIRECTION,PCF_VIOL_CATEGORY,TYPE_OF_COLLISION,PEDESTRIAN_ACCIDENT,BICYCLE_ACCIDENT,MOTORCYCLE_ACCIDENT,TRUCK_ACCIDENT,MVIW,TOW_AWAY,HIT_AND_RUN,CONTROL_DEVICE,NUMBER_INJURED,COUNT_PED_INJURED,COUNT_BICYCLIST_INJURED,COUNT_MC_INJURED,PCF_VIOLATION,PARTY_COUNT,POINT_Y,POINT_X,COLLISION_SEVERITY
2015,2015-12-29,1142,12,4,11,2,N,A,N,A,H,A,L,04,S,05,H,,Y,,,G,N,N,D,1,0,1,0,21202.0,2,37.79305444,-120.99657854,4
2015,2015-12-02,1405,12,4,14,3,N,A,N,A,H,A,D,22,E,03,C,,,,,C,N,N,D,1,0,0,0,22350.0,2,37.99227716,-121.31146963,4
2015,2015-12-20,1649,12,4,16,7,Y,B,N,A,H,A,A,01,,03,H,,,,,E,Y,N,D,1,0,0,0,22350.0,3,37.90576996,-121.31015999,4
2015,2015-12-28,1715,12,4,17,1,Y,A,N,B,H,A,A,01,,03,C,,,,Y,C,N,N,A,2,0,0,0,22350.0,2,37.96035999,-121.27553999,4
2015,2015-12-10,1437,12,4,14,4,N,A,N,A,H,A,A,01,N,09,D,,,,,C,Y,N,D,1,0,0,0,21804.0,2,38.02181339,-121.29501537,4
2015,2015-12-04,1301,12,4,13,5,N,A,N,A,H,A,A,07,W,03,B,,,,,C,N,N,A,1,0,0,0,22350.0,2,37.97313537,-121.26777253,4
2015,2015-12-28,1552,12,4,15,1,Y,A,N,A,H,A,A,01,,09,D,,,,,C,Y,N,A,2,0,0,0,21801.0,2,37.96468989,-121.27397996,4
2015,2015-12-21,1438,12,4,14,1,Y,C,N,B,H,A,A,07,,12,D,,,,,C,Y,N,A,2,0,0,0,21453.0,2,37.95481991,-121.27129997,4
2015,2015-12-23,1401,12,4,14,3,N,B,N,A,H,A,L,04,N,05,H,,Y,,,G,N,N,D,1,0,1,0,21650.0,2,38.02135565,-121.32547475,3
2015,2015-12-14,1538,12,4,15,1,Y,A,N,A,H,A,L,04,,09,D,,Y,,,G,N,N,A,1,0,1,0,21802.0,2,37.9704899,-121.29963,3
2015,2015-12-11,905,12,4,9,5,Y,B,N,B,H,A,A,08,,12,D,,,,,D,N,N,A,1,0,0,0,21453.0,2,37.95535995,-121.27417,3
2015,2015-12-29,906,12,4,9,2,Y,A,N,A,H,A,A,01,,12,D,,,,,C,Y,N,A,1,0,0,0,21453.0,2,38.03704992,-121.26981986,4
2015,2015-12-23,913,12,4,9,3,N,B,N,A,H,A,A,01,W,08,D,,,,,C,Y,N,D,1,0,0,0,22100.0,2,37.8047,-121.21019,4
2015,2015-12-11,1820,12,4,18,5,N,A,N,A,H,C,A,01,N,09,D,,,Y,,C,N,N,A,1,0,0,1,21801.0,2,37.98900034,-121.28575846,4
2015,2015-12-04,1423,12,4,14,5,Y,A,N,A,H,A,-,- ,,00,E,,,,,I,Y,N,D,1,0,0,0,,1,38.00749995,-121.30749994,2
2015,2015-12-11,933,12,4,9,5,Y,A,N,A,H,A,L,04,,12,H,,Y,,,G,N,N,D,1,0,1,0,22450.0,2,37.9626999,-121.29795986,4
2015,2015-12-05,913,12,4,9,6,Y,B,N,A,H,A,A,07,,09,D,,,,,C,Y,N,D,4,0,0,0,21801.0,2,37.94942991,-121.27257997,3
2015,2015-12-22,1503,12,4,15,2,N,B,N,A,H,A,L,04,E,05,D,,Y,,,G,N,N,A,1,0,1,0,21650.0,2,38.00365849,-121.28478699,3
2015,2015-12-11,1250,12,4,12,5,Y,A,N,A,H,A,A,01,,10,G,Y,,,,B,N,N,A,1,1,0,0,21950.0,2,37.97421997,-121.30234993,4
2015,2015-12-04,1424,12,4,14,5,N,A,N,A,H,A,A,01,N,21,C,,,,,C,N,N,D,2,0,0,0,22106.0,2,37.96882628,-121.28667893,4
2015,2015-12-04,741,12,4,7,5,N,A,N,A,H,A,A,08,S,03,C,,,,,C,Y,N,A,2,0,0,0,22350.0,3,37.98297801,-121.31936291,4
2015,2015-12-14,1352,12,4,13,1,Y,A,N,A,H,A,A,01,,03,C,,,,,C,N,M,A,1,0,0,0,22350.0,2,37.96444992,-121.28755,4
2015,2015-12-07,1445,12,4,14,1,N,B,N,A,H,A,A,07,E,03,C,,,,,C,N,N,A,1,0,0,0,22350.0,2,37.99147134,-121.31271732,4
2015,2015-12-03,1726,12,4,17,4,Y,A,N,B,H,C,A,01,,12,D,,,,,C,Y,N,A,1,0,0,0,21453.0,2,38.02098997,-121.30943,4
2015,2015-12-23,1636,12,4,16,3,N,B,N,A,H,C,A,08,E,07,B,,,,,C,N,N,D,1,0,0,0,21658.0,2,37.99164344,-121.31238269,4
2015,2015-12-01,748,12,4,7,2,N,A,N,A,H,A,A,01,N,03,G,Y,,,,B,N,N,D,1,1,0,0,22350.0,2,38.0238993,-121.2931947,4
2015,2015-12-08,1802,12,4,18,2,Y,A,N,A,H,C,A,01,,12,D,,,,,C,Y,N,D,1,0,0,0,22450.0,2,37.95552994,-121.28511987,3
2015,2015-12-31,1739,12,4,17,4,Y,A,N,A,H,C,A,01,,03,C,,,,,C,N,N,D,1,0,0,0,22350.0,2,38.02531991,-121.32908986,4
2015,2015-12-31,1420,12,4,14,4,Y,A,N,A,H,A,A,01,,12,D,,,,,C,Y,N,A,3,0,0,0,21453.0,3,37.9543899,-121.27392986,4
2015,2015-12-02,1842,12,4,18,3,Y,A,N,A,H,C,A,01,,09,D,,,Y,,C,Y,N,A,1,0,0,1,21802.0,2,38.0038199,-121.32121987,4
2015,2015-12-23,1805,12,4,18,3,Y,A,Y,A,H,C,A,01,,01,D,,,,,C,Y,N,A,3,0,0,0,23152.0,3,37.93663133,-121.29835863,4
2015,2015-12-04,1514,12,4,15,5,Y,A,N,A,H,A,A,01,,08,D,,,,,C,N,N,D,3,0,0,0,22107.0,3,38.01879997,-121.30050993,4
2015,2015-12-18,1136,12,4,11,5,N,A,N,A,H,A,A,01,N,03,C,,,,,C,Y,N,D,4,0,0,0,22350.0,4,38.02169674,-121.32307422,4
2015,2015-11-15,1229,11,3,12,7,N,B,N,A,H,A,A,01,W,09,D,,,,,D,N,N,D,1,0,0,0,21804.0,2,37.99648554,-121.33380475,4
2015,2015-11-24,2338,11,3,23,2,N,A,N,A,H,C,N,60,N,11,G,Y,,,,B,N,N,A,1,1,0,0,21955.0,3,38.00383967,-121.28485858,3
2015,2015-11-02,1716,11,3,17,1,N,B,N,B,H,C,A,01,N,03,C,,,,,C,N,F,A,2,0,0,0,22350.0,4,37.95890232,-121.27239857,4
2015,2015-11-02,1620,11,3,16,1,Y,C,N,B,H,C,A,07,,10,G,Y,,,,B,N,N,A,1,1,0,0,21950.0,2,37.99411994,-121.30880993,3
2016,2016-01-03,1759,1,4,17,7,Y,A,N,A,H,C,A,07,,09,D,,,,,C,Y,N,A,2,0,0,0,21802.0,2,37.74655999,-121.12850993,4
2016,2016-01-12,651,1,4,6,2,N,A,N,A,H,B,A,01,E,09,D,,,,,C,Y,N,D,1,0,0,0,21804.0,2,38.1373932,-121.25944298,4
2016,2016-01-03,1518,1,4,15,7,N,A,N,A,H,A,A,01,W,04,D,,,,,C,N,N,D,1,0,0,0,21703.0,2,38.13670208,-121.30456322,4
2015,2015-12-30,2042,12,4,20,3,Y,A,N,A,H,C,D,22,,09,D,,,,,C,Y,F,D,1,0,0,0,21802.0,2,38.11770998,-121.26504998,4
2016,2016-01-07,1930,1,4,19,4,N,B,N,A,H,C,A,01,N,03,C,,,,,C,N,N,A,1,0,0,0,22350.0,2,37.76155001,-121.43500428,4
2016,2016-01-18,1009,1,4,10,1,Y,A,N,A,H,A,A,07,,10,G,Y,,,,B,N,N,A,1,1,0,0,21950.0,2,37.74330996,-121.43305987,4
2016,2016-01-16,1545,1,4,15,6,Y,B,N,A,H,A,A,07,,09,D,,,,,C,Y,N,D,1,0,0,0,21802.0,2,37.75039992,-121.39824989,4
2016,2016-01-14,1757,1,4,17,4,N,B,N,B,H,A,A,01,W,08,D,,,,,C,Y,M,A,2,0,0,0,22107.0,3,37.7397,-121.42392338,4
2016,2016-01-08,2022,1,4,20,5,Y,A,N,A,H,C,A,01,,08,-,,,,,C,Y,N,D,1,0,0,0,22107.0,3,37.82635993,-121.28268991,4
2016,2016-01-05,1847,1,4,18,2,Y,C,N,B,H,C,L,04,,08,H,,Y,,,G,N,N,A,1,0,1,0,22107.0,2,38.13019996,-121.2753299,2
2016,2016-01-11,710,1,4,7,1,Y,B,N,A,H,B,A,01,,09,D,,,,,C,Y,N,A,1,0,0,0,21802.0,2,38.11927994,-121.26962986,4
2016,2016-01-08,638,1,4,6,5,Y,E,N,A,H,E,A,07,,09,D,,,,,C,Y,N,D,4,0,0,0,21802.0,2,38.12355993,-121.25677998,3
2016,2016-01-05,1435,1,4,14,2,N,C,N,B,H,A,A,01,S,04,C,,,,,C,Y,N,D,1,0,0,0,21703.0,2,38.11271725,-121.30638996,4
2016,2016-01-04,1604,1,4,16,1,Y,A,N,A,H,A,-,- ,,00,H,,Y,,,G,N,N,D,1,0,1,0,,2,38.13098992,-121.25696993,4
2016,2016-01-15,722,1,4,7,5,Y,A,N,A,H,A,A,01,,09,D,,,,,C,Y,N,D,1,0,0,0,21802.0,3,38.13622988,-121.29023994,4
2016,2016-01-11,1550,1,4,15,1,N,B,N,A,H,A,A,07,S,03,C,,,,,C,N,N,A,2,0,0,0,22350.0,3,38.12905143,-121.28830233,4
2016,2016-01-11,739,1,4,7,1,N,A,N,A,H,A,A,01,S,09,D,,,,,C,Y,N,D,1,0,0,0,21804.0,2,38.12022461,-121.2881965,4
2015,2015-12-25,1200,12,4,12,5,N,A,N,A,H,A,A,01,E,08,D,,,,,C,Y,N,D,1,0,0,0,22103.0,3,38.11865,-121.29282488,3
2015,2015-12-30,2015,12,4,20,3,Y,A,N,A,H,C,A,07,,12,D,,,,,C,Y,M,A,1,0,0,0,22450.0,2,38.13775999,-121.27052987,4
2015,2015-12-31,1020,12,4,10,4,N,A,N,A,H,A,A,07,S,08,E,,,,,I,Y,N,D,2,0,0,0,22107.0,1,38.10495635,-121.28701326,4
2015,2015-12-25,2051,12,4,20,5,Y,A,Y,A,H,C,A,01,,09,A,,,,,C,N,N,A,2,0,0,0,21801.0,2,38.11550205,-121.27606116,4
2016,2016-01-21,752,1,4,7,4,Y,A,N,A,H,A,A,01,,08,D,,,,,C,Y,N,D,2,0,0,0,22107.0,2,37.72692997,-121.43489988,4
2016,2016-01-26,1002,1,4,10,2,Y,A,N,A,H,A,A,08,,09,C,,,,,C,Y,N,A,1,0,0,0,21802.0,4,37.73172997,-121.43025994,4
2015,2015-12-13,226,12,4,2,7,N,A,N,A,H,C,J,48,S,03,E,,,,,I,Y,N,A,2,0,0,0,22350.0,2,37.79600625,-121.25221,4
2015,2015-12-12,1318,12,4,13,6,Y,A,N,A,H,A,J,41,,03,C,,,,,C,Y,N,A,1,0,0,0,22350.0,2,38.01104996,-121.32068989,4
2015,2015-11-18,1850,11,3,18,3,Y,A,N,A,H,C,D,22,,09,D,,,,,C,N,N,A,1,0,0,0,21802.0,2,37.95982998,-121.27264986,4
2015,2015-11-13,1208,11,3,12,5,Y,A,N,A,H,A,D,22,,12,D,,,,,C,Y,N,A,2,0,0,0,21453.0,2,38.05376992,-121.37540986,4
2015,2015-11-03,1307,11,3,13,2,N,A,N,A,H,A,A,01,E,03,C,,,,,C,Y,N,D,2,0,0,0,22350.0,4,37.9859577,-121.33437134,4
2015,2015-11-23,1020,11,3,10,1,N,A,N,A,H,A,A,01,N,07,D,,,,,C,N,N,D,4,0,0,0,21658.0,2,37.98694211,-121.3209698,4
2015,2015-11-27,851,11,3,8,5,Y,A,N,A,H,A,C,02,,12,D,,,Y,,C,N,N,A,1,0,0,1,21453.0,2,37.9504699,-121.29053999,4
2015,2015-11-06,1627,11,3,16,5,N,A,N,A,H,A,D,22,E,07,B,,,,,C,Y,N,D,1,0,0,0,21658.0,2,38.0210593,-121.3381249,4
2015,2015-11-04,650,11,3,6,3,N,A,N,A,H,A,A,01,W,05,A,,,,,C,N,N,D,2,0,0,0,21650.0,2,37.95608505,-121.30077202,3
2015,2015-11-25,1110,11,3,11,3,N,A,N,A,H,A,D,22,E,10,G,Y,,,,B,N,F,A,1,1,0,0,21954.0,2,38.03882188,-121.26504097,4
2015,2015-11-21,1545,11,3,15,6,N,A,N,A,H,A,D,22,N,03,C,,,,,C,Y,M,A,2,0,0,0,22350.0,3,37.96288359,-121.27346769,4
2015,2015-11-19,1140,11,3,11,4,Y,A,N,A,H,A,A,07,,03,D,,,,,C,Y,N,A,1,0,0,0,22350.0,2,38.04059991,-121.33190987,4
2015,2015-11-12,719,11,3,7,4,N,E,N,A,H,A,D,22,S,07,B,,,,Y,C,Y,M,D,1,0,0,0,21658.0,2,37.89945654,-121.25373643,4
2015,2015-11-28,1656,11,3,16,6,Y,A,N,A,H,C,D,22,,12,D,,,,,C,Y,N,A,1,0,0,0,21453.0,2,37.95752994,-121.29246996,4
2015,2015-11-05,456,11,3,4,4,Y,A,N,A,H,C,A,01,,09,A,,,,,C,Y,N,A,3,0,0,0,21801.0,2,37.9543899,-121.27392986,4
2015,2015-11-25,721,11,3,7,3,Y,B,N,A,H,B,D,22,,21,G,Y,,,,B,N,N,A,1,1,0,0,22106.0,2,37.96356992,-121.29276995,3
2015,2015-11-21,1104,11,3,11,6,N,B,N,-,H,A,A,07,N,03,E,,,,,I,Y,N,D,1,0,0,0,22350.0,4,37.9673442,-121.29515296,4
2015,2015-11-14,1440,11,3,14,6,Y,A,N,A,H,A,A,01,,03,D,,,,,C,Y,N,A,1,0,0,0,22350.0,2,37.90527995,-121.20831993,4
2015,2015-11-10,1543,11,3,15,2,N,B,N,A,H,A,A,01,N,03,C,,,,,C,N,N,A,2,0,0,0,22350.0,3,38.00882738,-121.31980116,4
2015,2015-11-04,1941,11,3,19,3,Y,A,N,A,H,C,D,22,,03,C,,,,,C,N,N,D,1,0,0,0,22350.0,2,37.96023995,-121.31228987,4
2015,2015-11-14,918,11,3,9,6,Y,A,N,A,H,A,D,22,,09,D,,,,,C,Y,N,A,2,0,0,0,21802.0,2,38.03170988,-121.33180997,3
2015,2015-11-08,1226,11,3,12,7,N,C,N,B,H,A,D,22,E,08,D,,,,,C,Y,N,A,1,0,0,0,22107.0,2,37.91240197,-121.29428001,4
2015,2015-11-07,1902,11,3,19,6,N,A,N,A,H,D,D,22,S,03,C,,,,,C,N,N,D,1,0,0,0,22350.0,2,37.97215474,-121.25904414,4
2015,2015-11-03,1426,11,3,14,2,N,A,N,A,H,A,D,22,N,21,H,,,,,E,N,N,D,1,0,0,0,22106.0,2,37.97409672,-121.29267828,3
2015,2015-11-27,1839,11,3,18,5,Y,A,N,A,H,C,A,01,,09,D,,,,,C,N,N,A,4,0,0,0,21801.0,2,37.95403999,-121.28195999,3
2015,2015-11-16,818,11,3,8,1,N,A,N,A,H,A,A,01,E,09,D,,,,,C,N,M,D,1,0,0,0,21804.0,2,37.97381438,-121.2963282,4
2015,2015-11-20,814,11,3,8,5,Y,A,N,A,H,A,A,01,,10,G,Y,,,,B,N,N,A,1,1,0,0,21950.0,2,38.00566995,-121.27628997,3
2015,2015-11-20,930,11,3,9,5,Y,A,N,A,H,A,-,- ,,12,D,,,,,C,Y,N,A,2,0,0,0,21453.0,2,37.95847998,-121.29271997,4
2015,2015-11-06,1545,11,3,15,5,N,A,N,A,H,A,A,01,N,03,D,,Y,,,G,N,N,A,1,0,1,0,22350.0,2,37.97246489,-121.30105992,3
2015,2015-11-21,1812,11,3,18,6,N,A,N,A,H,B,A,01,W,03,C,,,,,C,Y,N,A,2,0,0,0,22350.0,2,38.05759229,-121.33447535,4
2015,2015-11-06,1702,11,3,17,5,N,A,N,A,H,B,A,01,S,08,D,,,Y,,C,N,N,A,1,0,0,1,22101.0,2,37.98861545,-121.28561496,3
2015,2015-11-19,727,11,3,7,4,N,A,N,A,H,A,A,01,S,03,C,,,,,C,Y,N,D,1,0,0,0,22350.0,2,37.95084672,-121.27020764,4
2015,2015-11-16,1534,11,3,15,1,Y,A,N,A,H,A,A,07,,12,D,,,,,C,Y,N,A,3,0,0,0,22450.0,2,37.92289997,-121.2509599,3
2015,2015-11-25,1218,11,3,12,3,N,A,N,A,H,A,L,04,N,05,D,,Y,,,G,N,N,D,1,0,1,0,21650.0,2,37.9504017,-121.29326707,2
2015,2015-11-19,1620,11,3,16,4,Y,A,N,A,H,B,A,01,,09,D,,,,,C,N,N,A,1,0,0,0,21802.0,2,37.95582992,-121.25210986,3
2015,2015-11-08,1220,11,3,12,7,N,B,N,B,H,A,A,01,N,03,C,,,,,C,Y,N,D,2,0,0,0,22350.0,2,37.97278643,-121.27618627,3
2015,2015-11-18,1935,11,3,19,3,N,A,N,A,H,C,A,01,W,03,E,,,,,I,Y,N,D,1,0,0,0,22350.0,1,37.90534069,-121.19432375,4
2015,2015-11-19,1427,11,3,14,4,Y,A,N,A,H,A,A,08,,12,D,,,,,C,N,M,A,1,0,0,0,21453.0,2,37.95120991,-121.28662991,4
2015,2015-11-08,1746,11,3,17,7,N,C,N,B,H,C,A,01,E,03,C,,,,,C,N,N,A,1,0,0,0,22350.0,2,37.99391,-121.30495,4
2015,2015-11-13,1350,11,3,13,5,Y,A,N,A,H,A,L,04,,05,D,,Y,,,G,N,N,A,1,0,1,0,21650.0,2,37.98879992,-121.31182986,4
2015,2015-11-07,2337,11,3,23,6,Y,A,N,A,H,D,A,01,,12,B,,,,,C,Y,F,A,4,0,0,0,22450.0,2,37.90866003,-121.28587995,4
2015,2015-11-19,1623,11,3,16,4,N,A,N,A,H,A,A,01,N,01,E,,,,,I,Y,N,B,2,0,0,0,23152.0,1,37.89998095,-121.29740829,4
2015,2015-11-23,1405,11,3,14,1,Y,A,N,A,H,A,A,08,,09,B,,Y,,,G,N,N,A,1,0,1,0,21802.0,2,37.96865991,-121.30570998,3
2015,2015-11-20,1715,11,3,17,5,N,A,N,A,H,C,A,01,N,03,C,,,,,C,Y,N,A,1,0,0,0,22350.0,2,37.96269405,-121.3129376,4
2015,2015-11-21,1736,11,3,17,6,N,A,N,A,H,C,A,01,N,09,D,,,,,C,N,M,D,1,0,0,0,21804.0,2,37.93867844,-121.24373272,4
2015,2015-11-03,718,11,3,7,2,N,B,N,A,H,A,N,60,E,11,G,Y,,,,B,N,N,D,1,1,0,0,21955.0,2,37.98218165,-121.32490793,3
2015,2015-11-01,1801,11,3,18,7,Y,A,N,A,H,C,A,01,,12,D,,,,,C,Y,M,A,1,0,0,0,22450.0,3,37.95789995,-121.30210993,4
2015,2015-11-20,1225,11,3,12,5,Y,A,N,A,H,A,A,07,,12,D,,,,,D,Y,N,A,1,0,0,0,21453.0,2,37.96730993,-121.29513988,4
2015,2015-11-07,2244,11,3,22,6,Y,A,N,A,H,C,A,07,,01,C,,,,,C,N,F,A,1,0,0,0,23152.0,3,37.99764993,-121.28902988,4
2015,2015-11-03,1605,11,3,16,2,Y,A,N,A,H,A,A,07,,09,D,,,,,C,N,N,A,1,0,0,0,21801.0,2,37.95161989,-121.28404986,4
2015,2015-11-13,733,11,3,7,5,N,A,N,A,H,A,A,01,E,03,C,,,,,C,N,N,A,1,0,0,0,22350.0,2,37.9115013,-121.2962461,4
2015,2015-11-18,815,11,3,8,3,N,A,N,A,H,A,A,01,E,09,D,,Y,,,G,N,N,D,1,0,1,0,21804.0,2,38.04106913,-121.3495134,3
2015,2015-11-15,935,11,3,9,7,N,B,N,B,H,A,A,01,W,03,E,,,,,I,N,N,D,1,0,0,0,22350.0,1,37.96664888,-121.2439975,3
2015,2015-11-24,1547,11,3,15,2,Y,A,N,A,H,A,A,07,,10,G,Y,,,,B,N,N,D,1,1,0,0,21950.0,2,37.97831997,-121.30613993,3
2015,2015-11-09,801,11,3,8,1,Y,B,N,B,H,A,A,01,,09,B,,,,,C,Y,M,A,1,0,0,0,21801.0,2,37.97004996,-121.28904986,4
2015,2015-11-14,1457,11,3,14,6,Y,A,N,A,H,A,A,01,,03,C,,,,,C,Y,N,A,1,0,0,0,22350.0,2,38.02098991,-121.32326991,4
2015,2015-11-07,1447,11,3,14,6,Y,A,N,A,H,A,A,01,,12,D,,,,,C,Y,N,A,2,0,0,0,21453.0,2,37.93900992,-121.28604986,4
2015,2015-11-01,1020,11,3,10,7,Y,A,N,A,H,A,A,01,,12,D,,,,,C,N,M,A,1,0,0,0,22450.0,2,37.94160992,-121.28812992,3
2015,2015-11-02,1502,11,3,15,1,Y,B,N,A,H,A,-,- ,,00,D,,Y,,,G,N,N,A,1,0,1,0,,2,37.94922996,-121.28610993,4
2015,2015-11-12,1735,11,3,17,4,Y,A,N,A,H,C,A,01,,12,D,,,,,C,Y,N,A,1,0,0,0,21453.0,2,37.95958992,-121.2862199,4
2015,2015-11-12,1703,11,3,17,4,Y,A,N,A,H,B,A,01,,03,C,,,,,C,N,N,A,3,0,0,0,22350.0,2,37.95831995,-121.3117499,3
2015,2015-11-12,2226,11,3,22,4,Y,A,Y,A,H,C,A,01,,03,C,,,,,C,Y,F,A,2,0,0,0,22350.0,2,37.93863335,-121.29799088,2
2015,2015-11-11,1524,11,3,15,3,Y,A,N,A,H,A,A,01,,12,D,,,,,C,Y,M,A,1,0,0,0,21453.0,2,37.99952997,-121.28506986,4
2015,2015-11-29,1211,11,3,12,7,Y,A,N,A,H,A,A,01,,12,D,,,,,C,Y,N,A,2,0,0,0,21453.0,2,38.01632995,-121.32272992,3
2015,2015-11-15,2141,11,3,21,7,Y,A,N,A,H,C,A,07,,01,D,,,,,C,Y,N,D,2,0,0,0,23153.0,2,38.03710997,-121.34151994,3
2015,2015-12-14,1603,12,4,16,1,Y,A,N,A,H,A,D,22,,09,D,,,,,C,Y,N,A,1,0,0,0,21802.0,2,37.94834994,-121.27227996,4
2015,2015-12-22,1254,12,4,12,2,N,A,N,A,H,A,L,04,W,05,D,,Y,,,G,Y,N,D,1,0,1,0,21650.0,2,38.00010726,-121.29934534,3
2015,2015-12-01,830,12,4,8,2,Y,A,N,A,H,A,D,22,,10,G,Y,,,,B,N,N,A,1,1,0,0,21950.0,2,37.93944999,-121.28344,4
2015,2015-12-02,1700,12,4,17,3,N,A,N,A,H,C,N,60,S,11,G,Y,,,,B,N,N,A,1,1,0,0,21954.0,2,37.94832325,-121.27227212,2
2015,2015-12-14,1533,12,4,15,1,N,A,N,A,H,B,D,22,N,03,C,,,,,C,N,N,A,1,0,0,0,22350.0,2,37.95949685,-121.29299727,4
2015,2015-12-16,1225,12,4,12,3,N,A,N,A,H,A,D,22,N,03,C,Y,,,,E,N,N,D,1,1,0,0,22350.0,4,37.9717037,-121.30049752,4
2015,2015-12-04,1640,12,4,16,5,Y,A,N,A,H,B,D,22,,07,B,,,,,C,N,N,A,3,0,0,0,21658.0,2,37.95305989,-121.28171999,4
2015,2015-12-17,1500,12,4,15,4,N,A,N,A,H,A,A,01,W,08,D,,,,,C,N,N,D,1,0,0,0,22103.0,2,37.98693215,-121.30314397,4
2015,2015-12-21,1229,12,4,12,1,N,B,N,B,-,A,A,07,S,03,C,,,,,C,N,N,D,2,0,0,0,22350.0,2,37.99624,-121.30579,4
2015,2015-12-16,1354,12,4,13,3,Y,A,N,A,H,A,A,01,,09,D,,,,,C,Y,N,D,1,0,0,0,21803.0,2,37.9552599,-121.25438995,4
2015,2015-12-14,1631,12,4,16,1,N,A,N,A,H,A,D,22,W,12,D,,,,,E,N,F,A,1,0,0,0,22450.0,4,37.95788093,-121.30222899,4
2015,2015-12-19,1357,12,4,13,6,N,B,N,A,H,A,D,22,S,01,A,,,,,E,Y,N,D,1,0,0,0,23152.0,2,37.98947157,-121.29882537,3
2015,2015-12-22,756,12,4,7,2,Y,B,N,B,H,A,D,22,,09,D,,,,,C,Y,N,D,2,0,0,0,21802.0,2,37.95033998,-121.29324999,3
2015,2015-12-10,1300,12,4,13,4,N,B,N,A,H,A,D,22,N,03,C,,,,,C,N,N,D,1,0,0,0,22350.0,2,37.98028373,-121.29941859,4
2015,2015-12-29,1900,12,4,19,2,N,A,N,A,H,C,A,01,S,01,D,,,,,C,Y,N,D,2,0,0,0,23152.0,2,38.01243517,-121.29015594,4
2015,2015-12-30,1557,12,4,15,3,Y,A,N,A,H,A,-,- ,,12,D,,,,,C,Y,N,A,1,0,0,0,21453.0,2,37.97101999,-121.27324991,4
2015,2015-12-28,2000,12,4,20,1,N,A,N,A,H,C,A,01,E,03,B,,,,,E,N,N,D,1,0,0,0,22350.0,2,38.03498103,-121.34261522,4
2015,2015-12-14,1639,12,4,16,1,Y,A,N,A,H,A,-,- ,,09,D,,,,,C,N,N,A,1,0,0,0,21802.0,2,37.96971995,-121.29102989,4
2015,2015-12-26,1629,12,4,16,6,N,A,N,A,H,A,A,01,S,03,C,,,,,C,N,N,A,1,0,0,0,22350.0,2,38.05488524,-121.35156459,4
2015,2015-12-04,849,12,4,8,5,Y,A,N,A,H,A,A,01,,12,D,,,,,C,Y,N,A,1,0,0,0,21453.0,2,37.95624991,-121.31210993,4
2015,2015-12-14,1456,12,4,14,1,N,A,N,A,H,A,A,01,S,03,C,,,,,C,Y,N,D,1,0,0,0,22350.0,2,37.97638695,-121.31789461,4
2015,2015-12-09,1800,12,4,18,3,Y,A,N,A,H,C,A,01,,03,C,,,,,C,N,N,D,1,0,0,0,22350.0,2,37.97592997,-121.3036,4
2015,2015-12-22,1737,12,4,17,2,N,B,N,-,H,D,A,01,W,03,C,,,,,C,Y,N,D,3,0,0,0,22350.0,4,38.05742227,-121.26136065,4
2015,2015-12-31,1402,12,4,14,4,N,A,N,A,H,A,A,01,E,09,D,,,,,C,N,N,D,1,0,0,0,21804.0,2,38.00076312,-121.3156989,4
2015,2015-12-12,1830,12,4,18,6,Y,A,N,A,H,C,A,01,,12,D,,,,,C,Y,N,A,1,0,0,0,21453.0,2,37.93877991,-121.28738995,4
2015,2015-12-24,2222,12,4,22,4,Y,A,N,A,H,C,A,07,,01,E,,,,,I,Y,N,D,1,0,0,0,23152.0,1,37.99372992,-121.34240991,3
2015,2015-12-06,1746,12,4,17,7,N,A,N,A,H,C,A,01,N,03,C,,,,,C,Y,N,D,2,0,0,0,22350.0,2,37.91837524,-121.26158616,4
2015,2015-12-02,845,12,4,8,3,Y,A,N,A,H,A,A,01,,12,D,,,,,C,Y,N,A,2,0,0,0,22450.0,2,37.9619499,-121.29639998,4
2015,2015-12-28,2029,12,4,20,1,Y,A,N,A,H,C,A,01,,12,D,,,,,C,Y,N,A,3,0,0,0,21457.0,4,37.94050993,-121.27692995,4
2015,2015-12-16,1530,12,4,15,3,Y,A,N,A,H,A,A,01,,09,D,,,,,C,Y,F,D,1,0,0,0,21801.0,2,37.98660995,-121.31094988,4
2015,2015-12-07,114,12,4,1,1,Y,A,N,A,H,C,A,08,,01,E,,,,,I,Y,N,A,1,0,0,0,23152.0,1,37.97176994,-121.26890992,4
2015,2015-12-25,822,12,4,8,5,N,A,N,A,H,A,N,60,S,11,G,Y,,,,B,N,F,D,1,1,0,0,21954.0,2,37.94692227,-121.29777024,3
2015,2015-12-21,2203,12,4,22,1,Y,C,N,B,H,C,A,01,,12,D,,,,,C,N,N,A,1,0,0,0,21453.0,2,,,4
2015,2015-12-24,1719,12,4,17,4,N,B,N,A,H,C,A,01,E,03,C,,,,,C,Y,N,A,1,0,0,0,22350.0,5,38.02121716,-121.27628295,4
2015,2015-12-01,756,12,4,7,2,Y,B,N,A,H,A,A,01,,12,D,,,,,C,Y,N,D,3,0,0,0,22450.0,3,37.97631998,-121.29962996,3