ACCIDENT_YEAR,COLLISION_DATE,COLLISION_TIME,MONTH,SEASON,24HOURS,DAY_OF_WEEK,INTERSECTION,WEATHER_1,STATE_HWY_IND,ROAD_SURFACE,ROAD_COND_1,LIGHTING,STWD_VEHTYPE_AT_FAULT,CHP_VEHTYPE_AT_FAULT,DIRECTION,PCF_VIOL_CATEGORY,TYPE_OF_COLLISION,PEDESTRIAN_ACCIDENT,BICYCLE_ACCIDENT,MOTORCYCLE_ACCIDENT,TRUCK_ACCIDENT,MVIW,TOW_AWAY,HIT_AND_RUN,CONTROL_DEVICE,NUMBER_INJURED,COUNT_PED_INJURED,COUNT_BICYCLIST_INJURED,COUNT_MC_INJURED,PCF_VIOLATION,PARTY_COUNT,POINT_Y,POINT_X,COLLISION_SEVERITY
2016,2016-07-30,1239,7,2,12,6,Y,A,N,A,H,A,A,01,,09,C,,,,,C,N,N,A,1,0,0,0,21802.0,2,37.9398699,-121.28629991,4
2016,2016-07-29,1549,7,2,15,5,N,A,N,A,H,A,A,01,S,03,C,,,,,E,Y,N,D,1,0,0,0,22350.0,2,37.99359069,-121.33376934,2
2016,2016-07-22,1626,7,2,16,5,Y,A,N,A,H,A,-,- ,,18,E,,,,,I,Y,N,D,1,0,0,0,,1,37.93877991,-121.28738995,4
2016,2016-07-29,1433,7,2,14,5,Y,A,N,A,H,A,-,- ,,09,D,,,,,D,Y,N,A,3,0,0,0,21802.0,2,37.96250995,-121.28701997,4
2016,2016-07-20,313,7,2,3,3,N,A,N,A,H,C,A,01,W,03,B,,,,,E,Y,N,D,2,0,0,0,22350.0,3,37.95913463,-121.26990686,3
2016,2016-07-15,1502,7,2,15,5,N,A,N,A,H,A,L,04,S,08,G,,Y,,,G,N,F,D,1,0,1,0,22107.0,2,38.00376398,-121.32140845,4
2016,2016-08-01,1849,8,2,18,1,Y,A,Y,A,H,A,A,07,,12,D,,,,,C,Y,N,A,2,0,0,0,21453.0,2,37.93440931,-121.29727977,3
2016,2016-07-22,2000,7,2,20,5,Y,A,N,A,H,C,A,01,,12,D,,Y,,,G,N,M,A,1,0,1,0,21453.0,2,38.02423991,-121.29501998,4
2016,2016-05-19,751,5,1,7,4,Y,A,N,A,H,A,A,01,,12,D,,,,,C,N,F,A,1,0,0,0,22450.0,2,37.913184,-121.2881625,4
2015,2015-10-14,824,10,3,8,3,N,A,N,A,H,A,J,43,E,22,A,,,,,C,Y,N,A,1,0,0,0,,3,38.00240203,-121.32700583,4
2015,2015-07-31,1055,7,2,10,5,N,B,N,A,H,A,A,01,N,03,C,,,,,C,Y,N,A,1,0,0,0,22350.0,2,37.95029781,-121.28640147,4
2015,2015-07-01,806,7,2,8,3,Y,B,N,A,H,A,A,07,,12,D,,,,,C,N,N,A,8,0,0,0,21453.0,2,37.96842989,-121.28861992,3
2015,2015-08-27,1902,8,2,19,4,Y,A,N,A,H,B,N,60,,11,G,Y,,,,B,N,N,A,1,1,0,0,21456.0,2,37.90548993,-121.30347987,3
2015,2015-07-31,1524,7,2,15,5,N,A,N,A,H,A,A,01,S,03,C,,,,,C,N,N,D,1,0,0,0,22350.0,2,38.03358294,-121.33713127,4
2015,2015-06-09,1347,6,2,13,2,N,A,N,A,A,A,C,02,E,03,B,,,Y,,C,Y,N,A,2,0,0,1,22350.0,2,37.93257687,-121.26932643,3
2015,2015-07-23,1110,7,2,11,4,N,A,N,A,H,A,J,41,S,03,C,,,,,C,N,N,A,1,0,0,0,22350.0,2,38.00701908,-121.30846988,4
2015,2015-06-24,2234,6,2,22,3,N,A,N,A,H,C,A,01,N,03,C,,,,,C,Y,N,A,1,0,0,0,22350.0,2,37.95670572,-121.2745355,4
2015,2015-05-21,941,5,1,9,4,N,A,N,A,H,A,A,01,W,03,C,,,,,C,Y,N,D,1,0,0,0,22350.0,2,37.94148407,-121.27109127,4
2015,2015-03-13,1145,3,1,11,5,Y,A,N,A,H,A,I,20,,10,G,Y,,,,B,N,N,A,1,1,0,0,21950.0,2,38.00255998,-121.30695991,3
2015,2015-02-24,930,2,4,9,2,N,A,N,A,H,A,L,04,N,05,H,,Y,,,G,N,N,D,1,0,1,0,21650.0,2,37.9506271,-121.29059014,4
2015,2015-09-17,2147,9,3,21,4,N,A,N,A,H,C,N,60,S,11,G,Y,,,,B,N,N,D,1,1,0,0,21954.0,2,37.94148895,-121.28809853,2
2015,2015-09-17,1514,9,3,15,4,Y,A,N,A,H,A,A,01,,12,D,,,,,C,N,N,A,1,0,0,0,22450.0,2,37.95628993,-121.30573998,4
2015,2015-12-31,2338,12,4,23,4,Y,A,N,A,H,C,J,48,,12,D,,,,,C,Y,N,A,4,0,0,0,21453.0,2,37.95968989,-121.29169992,2
2015,2015-10-05,903,10,3,9,1,Y,A,N,A,H,A,J,48,,09,D,,,,,C,Y,N,D,1,0,0,0,21802.0,2,37.95683991,-121.27184996,3
2015,2015-03-02,1457,3,1,14,1,Y,C,N,B,H,A,N,60,,11,G,Y,,,Y,B,N,N,A,1,1,0,0,21456.0,2,37.93756,-121.29387992,4
2015,2015-03-29,1154,3,1,11,7,Y,A,N,A,H,A,J,48,,03,C,,,,,C,Y,N,D,1,0,0,0,22350.0,2,37.92662995,-121.30679995,3
2015,2015-07-09,1215,7,2,12,4,Y,B,N,A,H,A,D,22,,12,D,,,,,C,N,N,A,1,0,0,0,22450.0,3,37.94225996,-121.28423997,4
2015,2015-08-12,830,8,2,8,3,N,A,N,A,H,A,J,48,E,22,F,,,,,C,Y,N,D,3,0,0,0,,3,38.02105676,-121.27597086,3
2015,2015-06-25,1235,6,2,12,4,Y,A,N,A,H,A,J,48,,03,D,,,,Y,C,Y,N,D,1,0,0,0,22350.0,2,38.01126994,-121.30260986,3
2016,2016-07-21,1457,7,2,14,4,N,A,N,A,H,A,A,01,N,01,C,,,,,C,Y,M,A,1,0,0,0,23152.0,2,38.13139597,-121.26065812,4
2016,2016-07-27,2115,7,2,21,3,Y,A,N,A,H,C,D,22,,01,D,,,,,C,Y,N,A,1,0,0,0,23152.0,2,38.13775996,-121.27202997,4
2016,2016-07-23,17,7,2,0,6,N,A,N,A,H,C,A,01,E,08,C,,,,,E,Y,N,D,2,0,0,0,22107.0,4,38.14569,-121.2763815,4
2016,2016-08-09,1458,8,2,14,2,N,A,Y,A,H,A,A,01,E,03,C,,,,,C,N,M,D,2,0,0,0,22350.0,3,38.11538255,-121.28492477,4
2016,2016-06-25,1216,6,2,12,6,N,A,N,A,H,A,A,01,E,10,G,Y,,,,B,N,F,A,1,1,0,0,21950.0,2,38.14384364,-121.29539075,3
2016,2016-08-08,1615,8,2,16,1,N,A,N,A,H,A,A,01,W,21,B,,,,,C,Y,N,D,2,0,0,0,22106.0,2,38.12665494,-121.26771883,4
2016,2016-08-15,1459,8,2,14,1,N,A,N,A,H,A,D,22,N,03,C,,,,,C,N,N,A,1,0,0,0,22350.0,3,37.74575358,-121.45323,4
2016,2016-08-01,1017,8,2,10,1,Y,A,N,A,H,A,A,01,,10,G,Y,,,,B,N,N,A,1,1,0,0,21950.0,2,37.73941,-121.45321998,4
2016,2016-08-19,1450,8,2,14,5,N,A,N,A,H,A,L,04,W,05,A,,Y,,,G,N,M,D,1,0,1,0,21650.0,2,37.7478,-121.43152384,3
2016,2016-08-13,1714,8,2,17,6,Y,A,N,A,H,A,A,01,,09,D,,,,,C,Y,N,A,2,0,0,0,21802.0,2,37.74066994,-121.43306,4
2016,2016-08-26,1727,8,2,17,5,N,A,N,A,H,A,A,01,S,03,C,,,,,C,Y,N,A,1,0,0,0,22350.0,2,37.74439401,-121.45323141,4
2016,2016-08-23,737,8,2,7,2,N,A,N,A,H,A,A,01,N,03,C,,,,,C,Y,N,D,2,0,0,0,22350.0,2,37.71701812,-121.4163933,3
2016,2016-08-23,754,8,2,7,2,Y,A,N,A,H,A,L,04,,12,D,,Y,,,G,N,N,A,1,0,1,0,22450.0,2,37.74866993,-121.42307993,4
2016,2016-08-21,1534,8,2,15,7,N,A,N,A,H,A,A,01,W,03,C,,,,Y,C,Y,N,A,2,0,0,0,22350.0,3,37.75408,-121.44470333,4
2016,2016-08-29,1550,8,2,15,1,N,A,N,A,H,A,D,22,N,04,C,,,,,C,N,N,D,1,0,0,0,21703.0,2,37.74494196,-121.44355895,4
2016,2016-08-07,37,8,2,0,7,Y,A,N,A,H,C,A,01,,03,E,,,,,I,Y,N,A,2,0,0,0,22350.0,1,37.7540145,-121.1318055,3
2016,2016-08-17,731,8,2,7,3,N,A,N,A,H,A,A,01,W,03,C,,,,,C,N,N,A,1,0,0,0,22350.0,2,38.13778004,-121.2724221,4
2016,2016-08-20,1724,8,2,17,6,Y,A,N,A,H,A,A,01,,12,D,,,,,C,Y,N,A,1,0,0,0,21453.0,2,38.13029,-121.27394986,4
2016,2016-08-19,930,8,2,9,5,Y,A,N,A,H,A,F,26,,08,B,,,,Y,C,Y,N,D,2,0,0,0,22107.0,2,37.9600499,-121.28357988,4
2016,2016-08-20,1628,8,2,16,6,N,A,N,A,H,A,A,07,N,03,C,,,,,C,Y,F,A,2,0,0,0,22350.0,3,38.00255845,-121.2910195,3
2016,2016-08-23,1443,8,2,14,2,N,A,N,A,H,A,A,07,E,03,C,,,,,C,N,M,A,1,0,0,0,22350.0,2,37.98006343,-121.29916382,4
2016,2016-08-24,1515,8,2,15,3,Y,A,N,A,H,A,A,07,,01,D,,,,,C,Y,N,A,1,0,0,0,23152.0,2,37.89714996,-121.29139998,3
2016,2016-08-27,1409,8,2,14,6,N,A,N,A,H,A,A,01,S,03,D,,,,,C,Y,N,D,5,0,0,0,22350.0,3,37.91711638,-121.26091229,3
2016,2016-08-09,1616,8,2,16,2,Y,A,N,A,H,A,L,04,,12,H,,Y,,,G,N,N,D,1,0,1,0,22450.0,2,,,4
2016,2016-08-28,1436,8,2,14,7,Y,A,N,A,H,A,D,22,,12,D,,,,,C,Y,N,A,4,0,0,0,21453.0,3,37.95403999,-121.28195999,3
2016,2016-08-30,1620,8,2,16,2,Y,A,N,A,H,A,-,- ,,12,D,,,,,C,N,N,A,1,0,0,0,21453.0,2,37.99623998,-121.30578986,4
2016,2016-09-06,1639,9,3,16,2,N,A,N,A,H,A,D,22,N,09,D,,,Y,,C,Y,F,D,1,0,0,1,21801.0,2,37.94254655,-121.29521688,3
2016,2016-08-09,1157,8,2,11,2,Y,A,N,A,H,A,A,01,,09,D,,,,,C,N,N,D,2,0,0,0,21801.0,2,37.79876999,-120.9784599,4
2016,2016-07-04,2021,7,2,20,1,N,A,N,A,H,A,D,22,W,21,G,Y,,,,B,N,N,D,1,1,0,0,22106.0,4,37.80577,-120.99359533,2
2016,2016-08-28,1749,8,2,17,7,Y,A,Y,A,H,A,A,01,,01,B,,,,Y,C,Y,N,A,1,0,0,0,23152.0,2,37.75408407,-121.14537808,4
2016,2016-08-28,2050,8,2,20,7,N,A,N,A,H,C,A,01,E,01,E,,,,,I,Y,N,D,1,0,0,0,23152.0,1,37.7394,-121.11477,3
2016,2016-08-21,1848,8,2,18,7,Y,A,N,A,H,B,A,01,,09,D,,,,,C,N,N,A,1,0,0,0,21802.0,2,37.74655999,-121.12850993,4
2016,2016-08-25,1550,8,2,15,4,Y,A,N,A,H,A,D,22,,09,D,,,,,C,N,N,A,1,0,0,0,21804.0,2,38.01105,-121.320688,3
2016,2016-08-25,845,8,2,8,4,Y,A,N,A,H,A,D,22,,12,D,,,,,C,Y,N,A,2,0,0,0,21453.0,2,37.90519998,-121.22064997,4
2016,2016-08-13,1857,8,2,18,6,Y,A,N,A,H,A,D,22,,01,D,,,,,C,Y,M,A,1,0,0,0,23152.0,2,37.94027996,-121.27824986,3
2016,2016-08-13,715,8,2,7,6,Y,A,N,A,H,A,D,22,,12,H,,Y,,,G,N,N,A,1,0,1,0,21453.0,2,37.93756,-121.29387992,3
2016,2016-08-12,1415,8,2,14,5,Y,A,N,A,H,A,D,22,,09,D,,,,,C,N,N,A,1,0,0,0,21453.0,2,37.99623998,-121.30578986,4
2016,2016-08-26,745,8,2,7,5,Y,A,N,A,H,A,A,01,,09,D,,,,,C,Y,N,A,2,0,0,0,21801.0,2,37.95484989,-121.25190999,4
2016,2016-08-25,1721,8,2,17,4,Y,A,N,A,H,A,D,22,,12,D,,,,,C,Y,F,A,1,0,0,0,21453.0,3,38.057598,-121.3333515,4
2016,2016-08-19,1653,8,2,16,5,N,A,N,A,H,A,D,22,W,21,C,,,,,E,N,M,A,1,0,0,0,22106.0,2,37.96708997,-121.29642999,4
2016,2016-08-18,1500,8,2,15,4,N,A,N,A,H,A,A,07,S,03,C,,,,,C,Y,N,A,2,0,0,0,22350.0,3,38.00488731,-121.30762647,4
2016,2016-08-16,1527,8,2,15,2,N,A,N,A,H,A,D,22,E,03,C,,,,,C,N,N,A,2,0,0,0,22350.0,4,37.94961,-121.29031,3
2016,2016-08-17,1738,8,2,17,3,N,A,N,A,H,A,A,01,S,03,C,,,,,C,N,N,D,1,0,0,0,22350.0,2,37.95764515,-121.27206235,4
2016,2016-08-17,1220,8,2,12,3,Y,A,N,A,H,A,D,22,,09,D,,,,,C,Y,N,A,1,0,0,0,21802.0,2,37.96774995,-121.27200987,4
2016,2016-08-18,1147,8,2,11,4,N,A,N,A,H,A,A,01,S,05,A,,,,,C,Y,N,A,2,0,0,0,21650.0,2,38.03522199,-121.33877482,4
2016,2016-08-12,843,8,2,8,5,Y,A,N,A,H,A,A,01,,03,C,,,,,C,Y,F,A,1,0,0,0,22350.0,3,38.01087996,-121.2942799,4
2016,2016-08-18,2225,8,2,22,4,N,A,N,A,H,C,N,60,S,11,G,Y,,,,B,N,N,D,1,1,0,0,21954.0,2,37.95134747,-121.29757159,2
2016,2016-08-12,1435,8,2,14,5,Y,A,N,A,H,A,A,08,,12,D,,,,,C,N,N,A,2,0,0,0,22450.0,2,37.94031994,-121.28369998,4
2016,2016-08-17,2030,8,2,20,3,Y,A,N,A,H,A,A,01,,03,D,,,,,C,Y,N,A,2,0,0,0,22350.0,5,37.96385998,-121.31517988,4
2016,2016-08-18,437,8,2,4,4,N,A,N,A,H,C,A,01,W,03,C,,Y,,,G,N,M,A,1,0,1,0,22350.0,2,37.94027996,-121.27824986,3
2016,2016-08-19,1427,8,2,14,5,Y,A,N,A,H,A,A,01,,09,D,,,,,C,Y,N,A,1,0,0,0,21802.0,2,38.03242994,-121.31743996,4
2016,2016-08-09,1435,8,2,14,2,Y,A,N,A,H,A,L,04,,05,H,,Y,,,G,N,N,A,1,0,1,0,21650.0,2,38.03425989,-121.3629599,4
2016,2016-08-19,2233,8,2,22,5,N,A,N,A,H,C,C,02,E,03,E,,,Y,,I,Y,N,D,1,0,0,1,22350.0,1,38.00574836,-121.36086505,2
2016,2016-08-11,1151,8,2,11,4,N,A,N,A,H,A,A,01,N,03,C,,,,,C,N,N,A,1,0,0,0,22350.0,3,38.01475296,-121.32213355,4
2016,2016-08-20,805,8,2,8,6,Y,A,N,A,H,A,A,01,,03,C,,,Y,,C,N,N,A,1,0,0,1,22350.0,2,37.93877991,-121.28738995,3
2016,2016-08-12,732,8,2,7,5,Y,A,N,A,H,A,A,01,,03,B,,,,,C,N,N,A,1,0,0,0,22350.0,2,38.03604991,-121.34495999,4
2016,2016-08-21,1237,8,2,12,7,Y,A,N,A,H,A,A,01,,12,D,,,,,C,Y,N,A,1,0,0,0,21457.0,2,38.02719994,-121.26975996,4
2016,2016-08-12,752,8,2,7,5,N,A,N,A,H,A,A,01,E,03,C,,,,,C,Y,N,D,1,0,0,0,22350.0,3,37.96989778,-121.2798989,4
2016,2016-08-21,1355,8,2,13,7,N,A,N,A,H,A,A,01,W,08,D,,,,,C,Y,N,D,1,0,0,0,22103.0,2,37.99276117,-121.30101303,4
2016,2016-08-04,2011,8,2,20,4,Y,A,N,A,H,A,A,01,,11,G,Y,,,,B,Y,N,D,1,1,0,0,21954.0,2,38.00176998,-121.28344998,3
2016,2016-08-14,1315,8,2,13,7,N,A,N,A,H,A,A,01,E,03,C,,,,,C,N,F,A,1,0,0,0,22350.0,2,38.02099031,-121.30936057,4
2016,2016-08-06,2,8,2,0,6,Y,A,N,A,H,C,A,08,,12,D,,,,,C,N,M,A,1,0,0,0,21453.0,2,37.98908989,-121.32196986,3
2016,2016-08-14,1759,8,2,17,7,Y,A,N,A,H,A,A,01,,12,D,,,,,C,Y,N,A,3,0,0,0,21453.0,2,38.00255998,-121.30695991,4
2016,2016-08-22,1323,8,2,13,1,Y,A,N,A,H,A,A,01,,09,D,,,,,C,N,N,A,2,0,0,0,21802.0,2,38.00706991,-121.28654998,4
2016,2016-08-15,743,8,2,7,1,N,A,N,A,H,A,N,60,E,11,G,Y,,,,B,N,N,D,1,1,0,0,21954.0,2,37.96157697,-121.28649246,3
2016,2016-08-22,1343,8,2,13,1,N,A,N,A,H,A,L,04,E,05,H,,Y,,,G,N,N,D,1,0,1,0,21650.0,2,37.98084603,-121.29625259,3
2016,2016-08-15,1512,8,2,15,1,Y,A,N,A,H,A,A,01,,08,B,,,,,C,Y,N,A,1,0,0,0,22100.0,2,37.95804998,-121.29531989,4
2016,2016-08-22,1622,8,2,16,1,Y,A,N,A,H,A,A,01,,03,C,,,,,C,N,N,D,1,0,0,0,22350.0,2,37.91114993,-121.27575997,3
2016,2016-08-17,1000,8,2,10,3,N,A,Y,A,H,A,A,01,W,03,C,,,,,C,Y,N,D,1,0,0,0,22350.0,2,37.93435906,-121.29696436,4
2016,2016-08-21,2110,8,2,21,7,Y,A,N,A,H,C,A,01,,09,A,,,,,C,Y,N,D,2,0,0,0,21801.0,2,38.03549991,-121.32205991,3
2016,2016-08-17,1250,8,2,12,3,Y,A,N,A,H,A,A,01,,10,G,Y,,,,B,N,M,A,1,1,0,0,21950.0,2,37.95657999,-121.28539997,3
2016,2016-08-17,1303,8,2,13,3,Y,A,N,A,H,A,A,07,,08,A,,,,,C,N,N,A,1,0,0,0,22100.0,2,37.98237995,-121.2987499,4
2016,2016-08-17,1630,8,2,16,3,Y,A,N,A,H,A,A,01,,12,D,,,Y,,C,N,N,A,1,0,0,1,21453.0,2,37.95638993,-121.27445986,2
2016,2016-08-24,2230,8,2,22,3,Y,A,N,A,H,D,-,99,,- ,A,,,,,C,N,F,A,1,0,0,0,,2,37.9628599,-121.25500998,4
2016,2016-08-12,1823,8,2,18,5,Y,A,N,A,H,A,A,01,,08,D,,,,,C,Y,N,A,1,0,0,0,22100.0,2,37.94349995,-121.27094985,4
2016,2016-08-26,1408,8,2,14,5,N,A,N,A,H,A,A,08,W,03,B,,,,,E,Y,N,D,1,0,0,0,22350.0,3,37.8993451,-121.31140282,4
2016,2016-08-13,146,8,2,1,6,N,A,N,A,H,C,A,01,W,05,A,,,,,C,Y,N,D,1,0,0,0,21650.0,2,37.95778421,-121.32574546,3
2016,2016-08-27,2213,8,2,22,6,N,A,N,A,H,D,A,07,N,03,E,,,,,I,Y,F,D,1,0,0,0,22350.0,1,37.95771986,-121.27756567,4
2016,2016-08-13,1852,8,2,18,6,N,A,N,A,H,A,A,01,E,01,E,,,,,I,Y,N,D,1,0,0,0,23152.0,1,38.03147674,-121.30667511,3
2016,2016-08-22,840,8,2,8,1,N,B,N,A,H,A,A,01,S,10,G,Y,,,,B,N,M,D,1,1,0,0,21950.0,2,37.95304389,-121.29400564,4
2016,2016-08-24,1500,8,2,15,3,Y,A,N,A,H,A,L,04,,17,H,,Y,,,G,N,N,A,1,0,1,0,21663.0,2,37.92289997,-121.2509599,3
2016,2016-08-24,1618,8,2,16,3,Y,A,N,A,H,A,A,01,,03,C,,,,,C,Y,N,D,1,0,0,0,22350.0,2,37.96097992,-121.31247995,4
2016,2016-08-24,1921,8,2,19,3,Y,A,N,A,H,A,A,07,,03,C,,,,,C,Y,M,D,1,0,0,0,22350.0,2,37.96176993,-121.3126999,4
2016,2016-08-25,550,8,2,5,4,N,A,N,A,H,B,A,01,W,03,E,,,,,J,Y,N,D,1,0,0,0,22350.0,1,37.94308773,-121.26301781,4
2016,2016-08-25,749,8,2,7,4,Y,A,N,A,H,A,A,01,,03,C,,,,,C,N,N,A,1,0,0,0,22350.0,3,37.98857991,-121.32400994,4
2016,2016-08-26,1230,8,2,12,5,N,A,N,A,H,A,A,01,E,03,C,,,,,C,Y,N,A,1,0,0,0,22350.0,2,37.95636546,-121.28662195,4
2016,2016-06-27,2149,6,2,21,1,N,A,N,A,H,C,A,07,N,05,A,,,,,C,Y,N,D,2,0,0,0,21650.0,2,38.02270092,-121.31566114,4
2016,2016-08-23,1052,8,2,10,2,N,A,N,A,H,A,A,07,S,03,E,,,,,I,Y,N,A,2,0,0,0,22350.0,2,38.02403752,-121.2713705,3
2016,2016-09-01,1617,9,3,16,4,Y,A,N,A,H,A,A,01,,09,B,,,,,C,N,N,A,1,0,0,0,21800.0,2,37.73734992,-121.42676995,4
2016,2016-09-01,1217,9,3,12,4,N,A,N,A,H,A,A,01,W,03,C,,,,,D,N,N,A,1,0,0,0,22350.0,2,37.81180809,-121.29458423,4
2016,2016-09-06,734,9,3,7,2,Y,A,N,A,H,A,A,07,,09,D,,,,,C,Y,N,D,2,0,0,0,21801.0,2,37.72987995,-121.41650994,4
2016,2016-09-01,1213,9,3,12,4,N,A,N,A,H,A,C,02,W,03,H,,,Y,,J,Y,N,A,1,0,0,1,22350.0,1,37.72547572,-121.44093001,3
2016,2016-09-02,918,9,3,9,5,N,A,N,A,D,A,-,,E,03,C,,,,,C,Y,N,A,1,0,0,0,22350.0,4,37.73967136,-121.41473568,4
2016,2016-09-03,1357,9,3,13,6,N,A,N,A,H,A,A,01,S,09,D,,,,,C,Y,N,D,1,0,0,0,21801.0,2,37.75393622,-121.45331401,4
2016,2016-09-02,1125,9,3,11,5,N,A,N,A,H,A,-,,S,08,D,,,,,C,Y,N,A,2,0,0,0,22107.0,2,37.73795999,-121.45321795,4
2016,2016-08-31,1908,8,2,19,3,Y,A,N,A,H,A,A,01,,09,A,,,,,C,Y,N,A,3,0,0,0,21801.0,3,37.95833998,-121.27497997,3
2016,2016-08-31,1641,8,2,16,3,N,A,N,A,H,A,A,01,W,03,A,,,,,E,N,N,A,1,0,0,0,22350.0,2,37.97960721,-121.29519957,4
2016,2016-08-26,1010,8,2,10,5,N,A,N,A,H,A,A,01,N,03,E,,,,,I,Y,N,D,1,0,0,0,22350.0,1,37.91263638,-121.18452016,3
2016,2016-08-23,649,8,2,6,2,Y,A,N,A,H,A,L,04,,09,H,,Y,,,G,N,N,A,1,0,1,0,21802.0,2,38.03663995,-121.34041987,4
2016,2016-08-23,726,8,2,7,2,Y,A,N,A,H,A,A,08,,09,D,,,,,C,Y,N,A,3,0,0,0,21802.0,2,37.91983998,-121.24973994,3
2016,2016-08-22,1017,8,2,10,1,N,A,N,A,H,A,A,01,S,07,B,,,,,C,N,N,A,1,0,0,0,21658.0,2,37.964301,-121.29296006,4
2016,2016-08-24,1221,8,2,12,3,Y,A,N,A,H,A,A,01,,10,G,Y,,,,B,N,N,A,1,1,0,0,21950.0,2,37.93253995,-121.26726999,4
2016,2016-08-23,733,8,2,7,2,Y,A,N,A,H,A,A,01,,09,D,,,,,C,Y,N,D,2,0,0,0,21802.0,2,37.95811995,-121.30080996,4
2016,2016-08-29,1928,8,2,19,1,Y,A,N,A,H,A,A,01,,03,E,,,,,I,Y,N,D,1,0,0,0,22350.0,1,37.95745993,-121.28018988,2
2016,2016-08-29,1300,8,2,13,1,Y,A,N,A,H,A,A,01,,07,B,,,,,C,N,N,D,2,0,0,0,21658.0,2,37.96024992,-121.28231988,4
2016,2016-08-31,950,8,2,9,3,N,A,N,A,H,A,A,01,E,03,C,,,,,C,N,N,D,2,0,0,0,22350.0,2,37.98106223,-121.29539161,4
2016,2016-08-17,2028,8,2,20,3,N,A,N,A,D,C,A,08,N,06,A,,,,,C,Y,N,D,3,0,0,0,21751.0,2,37.84155119,-121.28486841,4
2016,2016-08-30,2019,8,2,20,2,N,A,N,A,H,C,A,01,E,09,A,,,,,C,Y,N,A,1,0,0,0,21453.0,2,37.90375645,-121.2233221,4
2016,2016-08-30,1839,8,2,18,2,Y,A,N,A,H,A,A,07,,12,B,,,,,C,Y,N,A,1,0,0,0,22450.0,2,37.96946992,-121.31513987,4
2016,2016-08-30,1547,8,2,15,2,N,A,N,A,H,A,A,01,E,03,C,,,,,C,N,N,D,2,0,0,0,22350.0,3,37.93924951,-121.28459066,4
2016,2016-08-22,1630,8,2,16,1,Y,A,N,A,H,A,A,01,,09,B,,,Y,,C,N,N,A,1,0,0,1,21802.0,2,37.96708997,-121.29642999,4
2016,2016-08-09,556,8,2,5,2,Y,A,N,A,H,B,A,01,,09,D,,,,,C,Y,N,D,1,0,0,0,21802.0,2,37.89716994,-121.29480994,4
2016,2016-08-22,1139,8,2,11,1,N,A,N,A,H,A,A,01,S,03,C,,,,,C,N,N,A,1,0,0,0,22350.0,2,37.98436173,-121.34768841,4
2016,2016-08-27,1440,8,2,14,6,N,A,N,A,H,A,A,07,N,03,C,,,,,C,Y,N,A,3,0,0,0,22350.0,4,37.99690215,-121.32490212,4
2016,2016-08-28,1352,8,2,13,7,Y,A,N,A,H,A,A,07,,09,D,,,,,C,Y,N,A,6,0,0,0,21802.0,2,37.95595996,-121.2770499,3
2016,2016-08-28,1837,8,2,18,7,N,A,N,A,H,A,A,01,W,07,B,,,,,C,N,N,D,1,0,0,0,21658.0,2,37.9912618,-121.3132737,4
2016,2016-08-27,1940,8,2,19,6,N,A,N,A,H,A,A,01,W,07,B,,,,,C,N,N,D,2,0,0,0,21658.0,2,37.95764511,-121.29144028,4
2016,2016-08-14,818,8,2,8,7,Y,A,N,A,H,A,L,04,,05,H,,Y,,,G,N,N,D,1,0,1,0,21650.0,2,37.95448995,-121.28891999,2
2016,2016-08-27,2146,8,2,21,6,N,A,N,A,H,C,A,01,E,01,C,,,,,E,Y,N,D,1,0,0,0,23152.0,2,38.01941149,-121.28846307,3
2016,2016-08-03,1800,8,2,18,3,Y,A,N,A,H,A,A,01,,03,C,,,,,C,N,N,A,1,0,0,0,22350.0,2,37.94960999,-121.29030995,4
2016,2016-08-27,1248,8,2,12,6,Y,A,N,A,H,A,A,07,,12,D,,,,,C,N,N,A,1,0,0,0,21453.0,2,37.96035999,-121.27553999,4
2016,2016-08-27,1159,8,2,11,6,Y,A,N,A,H,A,A,01,,03,C,,,,,C,N,N,A,1,0,0,0,22350.0,2,37.96236995,-121.26424998,3
2016,2016-04-20,2101,4,1,21,3,Y,A,N,A,H,C,-,99,,03,H,,Y,,,G,N,F,A,1,0,1,0,22350.0,2,38.02423991,-121.29501998,4
2016,2016-07-19,1423,7,2,14,2,Y,A,N,A,H,A,L,04,,05,H,,Y,,,G,N,N,A,1,0,1,0,21650.0,2,37.99411994,-121.30880993,4
2016,2016-09-01,2041,9,3,20,4,N,A,N,A,H,C,A,01,S,08,E,,,,,I,Y,N,D,1,0,0,0,22107.0,1,,,3
2016,2016-07-27,2104,7,2,21,3,N,A,N,A,H,C,N,60,S,11,G,Y,,,,B,N,N,D,1,1,0,0,21955.0,2,37.99965697,-121.32594355,2
2016,2016-07-20,2030,7,2,20,3,Y,A,N,A,H,C,A,01,,01,F,,,,,A,N,N,D,1,0,0,0,23152.0,1,38.02394991,-121.34182986,4
2016,2016-09-02,1030,9,3,10,5,N,A,N,A,H,A,L,04,W,03,C,,Y,,,E,N,N,D,1,0,1,0,22350.0,2,37.95592486,-121.30173344,3
2016,2016-09-02,745,9,3,7,5,Y,A,N,A,H,A,A,01,,09,B,,,,,C,Y,N,A,1,0,0,0,21804.0,2,37.95723989,-121.30600996,3
2016,2016-09-01,1720,9,3,17,4,Y,A,N,A,H,A,-,- ,,12,D,,,,,C,Y,N,A,2,0,0,0,21453.0,2,37.95804998,-121.29531989,4
2016,2016-09-02,1748,9,3,17,5,Y,A,N,A,H,A,A,01,,12,D,,,,,C,Y,N,A,1,0,0,0,21453.0,2,37.96024992,-121.28231988,4
2016,2016-09-02,1242,9,3,12,5,N,A,N,A,H,A,A,01,E,21,G,Y,,,,B,N,M,A,1,1,0,0,22106.0,2,37.9403579,-121.27780294,3
2016,2016-09-03,1801,9,3,18,6,N,A,N,A,H,A,A,07,N,21,G,Y,,,,B,Y,N,A,1,1,0,0,22106.0,2,37.96125536,-121.29622279,4