ACCIDENT_YEAR,COLLISION_DATE,COLLISION_TIME,MONTH,SEASON,24HOURS,DAY_OF_WEEK,INTERSECTION,WEATHER_1,STATE_HWY_IND,ROAD_SURFACE,ROAD_COND_1,LIGHTING,STWD_VEHTYPE_AT_FAULT,CHP_VEHTYPE_AT_FAULT,DIRECTION,PCF_VIOL_CATEGORY,TYPE_OF_COLLISION,PEDESTRIAN_ACCIDENT,BICYCLE_ACCIDENT,MOTORCYCLE_ACCIDENT,TRUCK_ACCIDENT,MVIW,TOW_AWAY,HIT_AND_RUN,CONTROL_DEVICE,NUMBER_INJURED,COUNT_PED_INJURED,COUNT_BICYCLIST_INJURED,COUNT_MC_INJURED,PCF_VIOLATION,PARTY_COUNT,POINT_Y,POINT_X,COLLISION_SEVERITY
2016,2016-11-15,1922,11,3,19,2,Y,B,N,A,H,C,A,01,,09,D,,,,,C,Y,N,D,1,0,0,0,21801.0,2,37.92047994,-121.29271993,3
2016,2016-08-06,2209,8,2,22,6,N,A,N,A,H,D,A,07,E,08,F,,,,,A,N,N,D,1,0,0,0,22107.0,1,38.05763378,-121.33253522,3
2016,2016-08-26,1440,8,2,14,5,N,A,N,A,H,A,-,- ,W,00,D,,Y,,,G,N,N,A,1,0,1,0,,2,37.97807667,-121.2956129,4
2016,2016-11-04,1127,11,3,11,5,Y,A,N,A,H,A,A,01,,10,G,Y,,,,B,N,N,A,1,1,0,0,21950.0,2,38.02104989,-121.28989995,4
2016,2016-11-19,2002,11,3,20,6,N,C,N,B,H,C,A,01,N,03,E,,,,,I,Y,N,D,1,0,0,0,22350.0,1,37.81257663,-121.29380625,4
2016,2016-11-12,54,11,3,0,6,N,A,N,A,H,C,A,01,N,01,E,,,,,I,Y,N,D,1,0,0,0,23152.0,1,37.98169931,-121.30812275,4
2016,2016-11-04,1451,11,3,14,5,Y,A,N,A,H,A,L,04,,05,H,,Y,,,G,N,M,A,1,0,1,0,21650.0,2,37.94146989,-121.29492,4
2016,2016-11-05,1053,11,3,10,6,Y,A,N,A,H,A,A,01,,12,D,,,,,C,Y,N,A,1,0,0,0,21453.0,2,38.00238997,-121.32706993,4
2016,2016-11-09,945,11,3,9,3,Y,A,N,A,H,A,A,08,,12,D,,,,,C,Y,N,A,1,0,0,0,21453.0,2,37.97293991,-121.30140997,4
2016,2016-11-09,1726,11,3,17,3,Y,A,N,A,H,D,L,04,,17,H,,Y,,,G,N,N,A,1,0,1,0,21663.0,2,38.02863995,-121.33213,4
2016,2016-11-10,1736,11,3,17,4,N,A,N,A,H,B,A,01,E,09,D,,,,,C,Y,N,D,2,0,0,0,21801.0,2,37.96084788,-121.27233084,4
2016,2016-10-12,2344,10,3,23,3,N,A,Y,A,H,C,A,01,N,08,A,,,,,C,Y,F,A,2,0,0,0,22107.0,2,37.93435906,-121.29696436,2
2016,2016-10-23,200,10,3,2,7,Y,A,N,A,H,C,A,01,,01,C,,,,,C,Y,F,A,1,0,0,0,23152.0,2,38.00213995,-121.29084998,4
2016,2016-10-28,1001,10,3,10,5,N,B,N,B,H,A,A,01,S,03,E,,,,,I,Y,N,A,1,0,0,0,22350.0,1,37.98709037,-121.31223701,3
2016,2016-10-27,722,10,3,7,4,N,B,N,B,H,A,A,01,E,03,C,,,,,C,N,M,A,1,0,0,0,22350.0,2,37.98477161,-121.32813466,4
2016,2016-10-09,2212,10,3,22,7,Y,A,N,A,H,C,A,01,,09,B,,,,,C,Y,N,A,1,0,0,0,21801.0,2,37.96752993,-121.29382997,4
2016,2016-10-21,2141,10,3,21,5,Y,A,N,A,H,C,A,01,,09,D,,,Y,,C,N,N,D,1,0,0,1,21801.0,2,37.96708997,-121.29642999,4
2016,2016-10-31,1539,10,3,15,1,Y,A,N,A,H,A,A,01,,10,G,Y,,,,B,N,N,A,1,1,0,0,21950.0,2,37.92938999,-121.28297997,4
2016,2016-09-29,626,9,3,6,4,Y,A,N,A,H,B,A,01,,03,C,,,,,C,N,F,A,1,0,0,0,22350.0,2,37.97017988,-121.27820992,4
2016,2016-09-13,1427,9,3,14,2,N,A,N,A,H,A,A,08,E,10,G,Y,,,,B,N,N,D,1,1,0,0,21952.0,2,37.9643676,-121.2760233,4
2016,2016-11-30,1028,11,3,10,3,N,A,N,A,H,A,A,01,E,08,E,,,,,I,Y,N,D,1,0,0,0,22107.0,1,37.75417304,-121.43196139,4
2016,2016-11-30,1633,11,3,16,3,Y,A,N,A,H,A,-,,,12,D,,,,,C,Y,N,A,2,0,0,0,21453.0,2,37.7446,-121.45322996,3
2016,2016-11-30,1617,11,3,16,3,Y,A,N,A,H,A,A,01,,03,C,,,,,C,N,N,D,2,0,0,0,22350.0,2,37.73792992,-121.4259,4
2016,2016-11-24,2232,11,3,22,4,Y,A,N,A,H,C,-,99,,12,D,,,,,C,N,M,A,2,0,0,0,21453.0,2,37.73969998,-121.42987992,4
2016,2016-11-29,1924,11,3,19,2,N,A,N,A,H,D,A,01,N,01,C,,,,,C,Y,N,D,3,0,0,0,23152.0,2,38.10119126,-121.27886,3
2016,2016-11-22,1530,11,3,15,2,N,B,N,A,H,A,A,01,S,01,C,,,,,C,N,M,D,2,0,0,0,23152.0,2,38.12979835,-121.2883159,4
2016,2016-12-01,1519,12,4,15,4,Y,A,N,A,H,A,-,,,09,D,,,,,C,Y,N,A,3,0,0,0,21804.0,2,37.73729991,-121.43344998,4
2016,2016-12-03,550,12,4,5,6,N,A,N,A,H,C,-,- ,N,11,D,Y,,,,B,N,N,A,1,1,0,0,21954.0,3,37.76158592,-121.41478924,4
2016,2016-12-03,1545,12,4,15,6,N,A,N,A,H,A,D,22,S,08,B,,,,,C,Y,F,D,1,0,0,0,22107.0,2,37.7288788,-121.43491075,4
2016,2016-12-05,1916,12,4,19,1,Y,A,N,A,H,C,A,01,,09,B,,,,,C,Y,N,D,1,0,0,0,21802.0,2,37.76141994,-121.42599992,4
2016,2016-12-06,1439,12,4,14,2,Y,A,N,A,H,A,A,01,,09,D,,,,,C,Y,N,-,2,0,0,0,21802.0,2,37.71064994,-121.40376987,3
2016,2016-12-05,2045,12,4,20,1,N,A,N,A,H,C,A,01,W,12,D,,,,,C,Y,N,D,1,0,0,0,22450.0,2,37.74336,-121.42996339,4
2016,2016-12-12,822,12,4,8,1,Y,A,N,A,H,A,D,22,,09,D,,,,,C,Y,N,A,1,0,0,0,21802.0,2,37.74630997,-121.42579998,3
2016,2016-11-10,1245,11,3,12,4,N,A,N,A,H,A,L,04,E,12,H,,Y,,,G,N,N,A,1,0,1,0,21453.0,2,38.13006052,-121.29744828,4
2016,2016-11-30,1747,11,3,17,3,N,A,N,A,H,C,A,01,W,03,C,,,,,C,N,N,D,1,0,0,0,22350.0,3,38.13007031,-121.2982374,4
2016,2016-11-19,1234,11,3,12,6,N,C,N,B,H,A,-,,S,03,C,,,,,C,Y,M,A,1,0,0,0,22350.0,3,38.13001946,-121.26972981,4
2016,2016-11-15,1929,11,3,19,2,N,A,N,A,H,C,A,01,S,10,G,Y,,,,B,N,F,D,1,1,0,0,21950.0,2,38.13007451,-121.29893995,3
2016,2016-11-02,912,11,3,9,3,Y,A,N,A,H,A,A,01,,12,D,,,,,C,N,M,A,1,0,0,0,22450.0,2,38.12146995,-121.27572991,4
2016,2016-12-11,19,12,4,0,7,N,B,N,B,H,C,A,01,E,01,C,,,,,C,N,M,A,2,0,0,0,23152.0,3,37.75402451,-121.48450887,4
2016,2016-12-08,1914,12,4,19,4,Y,A,N,A,H,C,A,01,,17,D,,,,,C,N,N,A,1,0,0,0,21461.0,2,37.7541699,-121.46670986,4
2016,2016-12-08,1501,12,4,15,4,Y,B,N,A,H,A,A,01,,09,D,,,,,C,Y,N,A,1,0,0,0,21804.0,2,37.75588998,-121.43228998,4
2016,2016-12-09,1039,12,4,10,5,Y,B,N,A,H,A,A,01,,03,C,,,,,C,Y,N,A,1,0,0,0,22350.0,2,37.7446,-121.45322996,4
2016,2016-12-09,1608,12,4,16,5,N,A,N,A,H,A,A,01,E,03,C,,,,,C,Y,N,A,2,0,0,0,22350.0,4,37.73941,-121.45287414,3
2016,2016-12-08,1827,12,4,18,4,N,A,N,A,H,C,A,08,W,07,B,,,,,C,Y,N,D,1,0,0,0,21658.0,4,37.75390951,-121.46455597,4
2016,2016-12-14,1445,12,4,14,3,Y,A,N,A,H,A,-,,,03,F,,,,,I,Y,N,D,1,0,0,0,22350.0,1,37.72987995,-121.41650994,4
2016,2016-12-12,600,12,4,6,1,Y,B,N,A,H,C,A,01,,12,D,,,,,C,Y,N,A,1,0,0,0,21453.0,2,38.02124992,-121.26411991,4
2016,2016-12-07,1610,12,4,16,3,N,A,N,A,H,A,D,22,S,03,C,,,,,C,Y,N,A,4,0,0,0,22350.0,3,38.01991967,-121.2713423,4
2016,2016-12-06,1849,12,4,18,2,Y,A,N,A,H,C,A,01,,09,D,,,,,C,Y,N,A,1,0,0,0,21453.0,2,37.96730993,-121.29513988,4
2016,2016-11-13,1254,11,3,12,7,N,A,N,A,H,A,A,01,W,03,B,,,,,C,Y,N,D,1,0,0,0,22350.0,2,38.14542754,-121.29474969,3
2016,2016-11-18,1305,11,3,13,5,N,A,Y,A,H,A,D,22,E,03,C,,,,,C,N,N,A,2,0,0,0,22350.0,2,38.11592393,-121.26923186,4
2016,2016-12-01,1457,12,4,14,4,Y,A,N,A,H,A,A,01,,12,D,,,,,C,N,N,A,2,0,0,0,21453.0,2,37.95065992,-121.28376992,4
2016,2016-11-16,2028,11,3,20,3,N,B,N,A,H,E,A,01,N,04,C,,,,,C,Y,N,D,2,0,0,0,21703.0,3,38.10980611,-121.27896593,4
2016,2016-12-02,1445,12,4,14,5,N,A,N,A,H,A,L,04,N,05,H,,Y,,,G,N,N,D,1,0,1,0,21650.0,2,38.05351357,-121.35804472,3
2016,2016-12-15,1015,12,4,10,4,N,C,N,B,H,A,D,22,E,09,D,,,,,D,Y,N,D,1,0,0,0,21801.0,2,37.82639,-121.26848345,3
2016,2016-12-02,1710,12,4,17,5,N,A,N,A,H,B,A,01,E,03,C,,,,,C,N,N,A,1,0,0,0,22350.0,6,38.00087206,-121.29623463,4
2016,2016-10-21,1151,10,3,11,5,Y,A,N,A,H,A,D,22,,09,D,,,,,C,Y,N,A,1,0,0,0,21802.0,2,37.96580989,-121.26558991,4
2016,2016-12-01,1625,12,4,16,4,N,A,N,A,H,A,-,- ,S,00,C,,,,,C,N,M,D,2,0,0,0,,2,37.98138824,-121.28286113,4
2016,2016-12-05,1143,12,4,11,1,N,A,N,A,H,A,D,22,S,03,C,,,,,C,N,N,A,1,0,0,0,22350.0,2,38.00007784,-121.3162546,4
2016,2016-11-24,2116,11,3,21,4,N,A,N,A,H,C,A,01,S,03,C,,,,,C,Y,N,A,2,0,0,0,22350.0,2,38.02102,-121.30054,4
2016,2016-11-25,1851,11,3,18,5,Y,A,N,B,H,D,N,60,,11,G,Y,,,,B,N,N,A,1,1,0,0,21954.0,2,37.93619993,-121.29981988,3
2016,2016-11-18,1130,11,3,11,5,Y,A,N,A,H,A,D,22,,09,D,,,,,C,Y,N,A,4,0,0,0,21802.0,2,37.96109988,-121.28937994,4
2016,2016-11-23,1309,11,3,13,3,Y,A,N,A,H,A,A,01,,09,D,,,,,C,N,N,D,2,0,0,0,21801.0,2,37.9021999,-121.25383993,3
2016,2016-11-23,1744,11,3,17,3,N,A,N,A,H,C,D,22,W,21,C,,,,,C,Y,N,D,1,0,0,0,22106.0,2,38.01916516,-121.27451869,4
2016,2016-11-21,1545,11,3,15,1,Y,A,N,A,H,A,A,07,,09,D,,,,,C,Y,N,D,1,0,0,0,21802.0,2,37.81180999,-121.28926996,4
2016,2016-11-22,715,11,3,7,2,N,A,N,A,H,A,A,01,,07,B,,Y,,,G,N,N,D,1,0,1,0,21658.0,2,37.850072,-121.282884,4
2016,2016-11-19,1920,11,3,19,6,Y,C,N,B,H,C,A,01,,09,A,,,,,C,Y,N,A,1,0,0,0,21801.0,2,37.93988993,-121.2808499,4
2016,2016-12-04,300,12,4,3,7,Y,A,N,A,H,C,A,01,,01,A,,,,,I,Y,M,D,1,0,0,0,23152.0,1,38.13098992,-121.25696993,3
2016,2016-11-27,5,11,3,0,7,Y,C,N,B,H,B,A,01,,09,D,,,,,C,Y,N,A,1,0,0,0,21802.0,2,38.03691999,-121.28558994,4
2016,2016-11-23,2141,11,3,21,3,Y,A,N,A,H,C,-,99,,04,C,,,,,C,N,F,A,1,0,0,0,21703.0,2,37.90548993,-121.30347987,4
2016,2016-12-06,914,12,4,9,2,Y,B,N,A,H,A,A,07,,09,D,,,,,C,Y,N,D,3,0,0,0,21802.0,2,37.9962599,-121.32465989,3
2016,2016-12-09,416,12,4,4,5,Y,C,N,B,H,C,A,07,,12,D,,,,,C,Y,N,A,1,0,0,0,21453.0,2,38.00857991,-121.32925988,4
2016,2016-12-01,1537,12,4,15,4,Y,A,N,A,H,A,A,01,,09,A,,,,,C,Y,N,A,1,0,0,0,21801.0,2,37.96619996,-121.30163992,4
2016,2016-12-04,958,12,4,9,7,Y,A,N,A,H,A,N,60,,11,G,Y,,,,B,Y,N,A,2,2,0,0,21456.0,3,37.98488992,-121.33998985,3
2016,2016-12-06,1213,12,4,12,2,N,A,N,A,H,A,A,07,E,07,D,,,,,C,Y,M,D,1,0,0,0,21658.0,2,37.96731,-121.29514,4
2016,2016-12-06,1440,12,4,14,2,Y,A,N,A,H,A,A,01,,03,C,,,,,C,Y,N,D,1,0,0,0,22350.0,2,38.01188989,-121.30987994,3
2016,2016-12-06,1950,12,4,19,2,Y,A,N,A,H,C,A,01,,12,D,,,,,C,Y,N,A,3,0,0,0,21453.0,2,37.97547997,-121.31751988,4
2016,2016-12-12,650,12,4,6,1,N,B,N,A,H,B,A,01,W,06,A,,,,,C,Y,N,D,2,0,0,0,21751.0,2,37.91770112,-121.19219009,3
2016,2016-12-06,1836,12,4,18,2,Y,A,N,A,H,C,A,01,,09,A,,,,,C,Y,F,A,1,0,0,0,21801.0,2,37.96752993,-121.29382997,4
2016,2016-12-12,317,12,4,3,1,N,B,N,A,H,C,N,60,W,11,G,Y,,,,B,N,M,D,1,1,0,0,21954.0,2,37.96990858,-121.28012187,2
2016,2016-12-08,804,12,4,8,4,Y,B,N,A,H,A,A,01,,09,D,,,,,C,Y,N,A,2,0,0,0,21802.0,2,37.95144992,-121.27309998,4
2016,2016-12-08,604,12,4,6,4,Y,B,N,B,H,C,A,07,,12,D,,,,,C,Y,N,A,2,0,0,0,21453.0,3,37.99623998,-121.30578986,4
2016,2016-12-09,26,12,4,0,5,N,A,N,A,H,C,A,08,W,03,A,,,,,I,Y,N,D,1,0,0,0,22350.0,1,37.96025416,-121.31664266,4
2016,2016-12-07,748,12,4,7,3,N,B,N,D,H,A,A,01,N,09,D,,,,,C,Y,M,D,1,0,0,0,21802.0,2,37.94396379,-121.26834405,4
2016,2016-12-10,1506,12,4,15,6,Y,B,N,B,H,A,A,01,,08,D,,,,,C,Y,N,A,3,0,0,0,22100.0,2,37.95891997,-121.29011994,4
2016,2016-12-10,1821,12,4,18,6,Y,A,N,B,H,C,L,04,,00,D,,Y,,,G,N,N,A,1,0,1,0,21651.0,2,37.93988993,-121.2808499,3
2016,2016-12-10,1216,12,4,12,6,Y,A,N,B,H,A,A,01,,12,D,,,,,C,Y,M,A,2,0,0,0,22450.0,2,37.9534099,-121.27364993,4
2016,2016-12-10,1158,12,4,11,6,Y,B,N,B,H,A,A,08,,03,G,,Y,,,G,N,F,A,1,0,1,0,22350.0,2,37.99623998,-121.30578986,4
2016,2016-11-18,944,11,3,9,5,N,A,N,A,H,A,A,08,N,04,C,,,,,C,Y,N,D,1,0,0,0,21703.0,2,38.12525069,-121.28825824,4
2016,2016-11-17,1421,11,3,14,4,Y,A,N,A,H,A,A,01,,12,D,,,,,C,Y,N,A,2,0,0,0,22450.0,2,38.13688999,-121.27924996,4
2016,2016-11-12,1228,11,3,12,6,N,B,N,A,H,A,A,01,N,03,E,,,,,I,Y,N,D,2,0,0,0,22350.0,1,38.12290244,-121.27448671,3
2016,2016-12-11,1542,12,4,15,7,N,B,N,A,H,A,A,07,S,03,C,,,,,C,N,N,A,2,0,0,0,22350.0,3,38.03391713,-121.3374598,4
2016,2016-12-11,510,12,4,5,7,N,B,N,B,H,C,A,01,S,03,C,,,,,E,Y,N,D,1,0,0,0,22350.0,3,37.92629636,-121.29288197,4
2016,2016-12-03,1645,12,4,16,6,N,A,N,A,H,B,A,01,E,08,D,,,,,C,Y,N,D,1,0,0,0,22100.0,2,37.96011586,-121.28316507,4
2016,2016-12-01,1215,12,4,12,4,N,A,Y,A,H,A,C,02,W,03,C,,,Y,,C,Y,N,A,1,0,0,1,22350.0,2,38.1153754,-121.28030635,3
2016,2016-11-11,1531,11,3,15,5,-,A,N,A,H,A,-,- ,,18,E,,,,,I,Y,N,D,2,0,0,0,,1,37.78792,-120.996451,3
2016,2016-11-06,1739,11,3,17,7,N,A,N,A,H,C,A,01,W,08,D,,,,,C,N,N,D,1,0,0,0,22107.0,2,37.79859,-120.99271229,4
2016,2016-11-30,653,11,3,6,3,N,B,N,A,H,A,G,27,E,03,C,,,,Y,C,Y,N,D,2,0,0,0,22350.0,3,37.91851439,-121.26792951,4
2016,2016-12-02,1342,12,4,13,5,Y,A,N,A,H,A,A,01,,12,D,,,,,C,Y,N,A,2,0,0,0,21453.0,2,37.95968989,-121.29169992,3
2016,2016-12-02,924,12,4,9,5,N,A,N,A,H,A,A,01,N,06,B,,,,,C,Y,F,D,1,0,0,0,21750.0,3,37.98543175,-121.31082438,4
2016,2016-12-05,1130,12,4,11,1,N,A,N,A,H,A,-,- ,E,00,B,,Y,,,G,N,F,A,1,0,1,0,,2,38.00059478,-121.31646785,4
2016,2016-12-04,1255,12,4,12,7,N,A,N,A,H,A,D,22,N,03,E,,,,,I,Y,N,D,1,0,0,0,22350.0,1,37.97757554,-121.29189585,3
2016,2016-11-28,842,11,3,8,1,Y,B,N,A,H,A,D,22,,09,D,,,,,C,N,N,A,1,0,0,0,21802.0,2,37.96685989,-121.27730997,4
2016,2016-11-26,1354,11,3,13,6,N,A,N,A,H,A,A,01,W,09,D,,,,,C,N,N,A,1,0,0,0,21804.0,2,38.00870475,-121.30291182,3
2016,2016-11-23,1400,11,3,14,3,N,A,N,A,H,A,L,04,N,03,C,,Y,,,E,N,N,A,1,0,1,0,22350.0,2,38.05598944,-121.38297867,3
2016,2016-11-29,1620,11,3,16,2,N,A,N,A,H,B,A,07,N,03,C,,,,,C,Y,N,A,2,0,0,0,22350.0,3,38.00250799,-121.32711645,4
2016,2016-12-02,1214,12,4,12,5,Y,A,N,A,H,A,A,01,,09,D,,,,,C,Y,N,A,2,0,0,0,21802.0,2,37.91194989,-121.24698999,4
2016,2016-12-02,1338,12,4,13,5,Y,A,N,A,H,A,A,01,,12,D,,,,,C,Y,N,A,2,0,0,0,21453.0,2,37.96730993,-121.29513988,4
2016,2016-12-04,1151,12,4,11,7,N,A,N,A,H,A,A,01,S,03,E,,,,,I,Y,N,D,1,0,0,0,22350.0,1,37.92653146,-121.27655524,4
2016,2016-12-04,1129,12,4,11,7,N,A,N,A,H,A,A,01,E,03,E,,,,,J,N,N,D,1,0,0,0,22350.0,1,37.96189834,-121.3217445,4
2016,2016-12-04,1508,12,4,15,7,Y,A,N,A,H,A,A,01,,09,D,,Y,,,G,N,N,A,1,0,1,0,21802.0,2,37.96356992,-121.29276995,3
2016,2016-12-04,1616,12,4,16,7,N,A,N,A,H,A,N,60,S,10,G,Y,,,,B,N,N,A,1,1,0,0,21950.0,2,37.95417754,-121.29153188,4
2016,2016-12-04,1800,12,4,18,7,N,A,N,A,H,C,A,01,N,08,D,,,,,C,Y,N,D,3,0,0,0,22107.0,2,38.05105425,-121.3141175,4
2016,2016-11-24,1230,11,3,12,4,Y,A,N,A,H,A,A,01,,05,D,,,,,C,N,N,A,1,0,0,0,21650.0,3,37.9578399,-121.32541991,4
2016,2016-11-26,1301,11,3,13,6,Y,C,N,B,H,A,A,01,,09,D,,,,,C,Y,N,D,1,0,0,0,21804.0,3,38.00213995,-121.29084998,4
2016,2016-11-29,656,11,3,6,2,Y,A,N,A,H,A,A,07,,09,A,,,,,C,Y,N,D,1,0,0,0,21801.0,2,38.03206994,-121.27520986,4
2016,2016-11-22,2236,11,3,22,2,Y,C,N,B,H,C,A,01,,12,D,,,,,C,Y,N,A,1,0,0,0,21453.0,2,37.99062998,-121.31574989,4
2016,2016-11-19,1815,11,3,18,6,Y,C,N,B,H,C,A,01,,12,D,,,,,C,Y,N,A,2,0,0,0,21453.0,2,38.05493991,-121.35156999,4
2016,2016-11-24,824,11,3,8,4,Y,B,N,A,H,B,A,01,,12,D,,,,,C,Y,N,A,2,0,0,0,21453.0,2,37.97805997,-121.29846998,4
2016,2016-11-19,2007,11,3,20,6,N,C,N,B,H,C,A,01,W,03,E,,,,,I,Y,N,D,1,0,0,0,22350.0,1,37.99320408,-121.31012602,4
2016,2016-11-24,1040,11,3,10,4,Y,A,N,A,H,A,A,01,,03,C,,,,,C,N,N,D,1,0,0,0,22350.0,3,38.01075993,-121.32967999,4
2016,2016-11-20,2046,11,3,20,7,Y,C,N,B,H,C,-,- ,,12,D,,,,,C,N,N,A,1,0,0,0,22450.0,2,37.96730993,-121.29513988,4
2016,2016-11-29,1522,11,3,15,2,N,A,N,A,H,A,A,07,S,03,E,,,,,I,N,N,D,1,0,0,0,22350.0,1,37.99686385,-121.28871841,4
2016,2016-11-21,119,11,3,1,1,N,B,N,B,H,C,L,04,W,12,H,,Y,,,G,N,F,A,1,0,1,0,21453.0,2,38.02104597,-121.2951492,3
2016,2016-11-30,1532,11,3,15,3,Y,A,N,A,H,A,-,- ,,12,D,,,,,C,Y,N,A,1,0,0,0,21453.0,2,37.94984992,-121.26993999,4
2016,2016-11-22,1950,11,3,19,2,Y,A,N,A,H,C,A,01,,09,D,,,,,C,Y,N,A,2,0,0,0,21801.0,2,37.97843995,-121.30555989,3
2016,2016-11-30,1530,11,3,15,3,Y,B,N,A,H,A,A,01,,12,D,,,,,C,Y,N,A,3,0,0,0,21453.0,3,38.00478991,-121.35291991,4
2016,2016-11-26,1123,11,3,11,6,Y,A,N,B,H,A,A,01,,09,D,,,,,C,Y,N,A,2,0,0,0,21802.0,2,37.95854997,-121.27368,4
2016,2016-11-30,1611,11,3,16,3,N,A,N,A,H,A,A,01,N,01,E,,,,,I,Y,N,A,1,0,0,0,23152.0,1,37.95507324,-121.30677315,4
2016,2016-11-27,1631,11,3,16,7,Y,A,N,A,H,B,A,07,,12,D,,,,,C,Y,N,A,3,0,0,0,21453.0,2,37.96087995,-121.25415995,4
2016,2016-11-26,1802,11,3,18,6,Y,C,N,B,H,C,A,08,,10,G,Y,,,,B,Y,N,A,1,1,0,0,21950.0,2,37.95460999,-121.27260993,3
2016,2016-11-27,758,11,3,7,7,Y,A,N,A,H,A,A,01,,09,D,,,,,C,Y,F,A,1,0,0,0,21801.0,2,37.94257989,-121.28838986,4
2016,2016-11-27,950,11,3,9,7,Y,A,N,A,H,A,A,07,,09,D,,,,,C,Y,N,A,1,0,0,0,21801.0,2,37.99229996,-121.31646988,4
2016,2016-11-27,1109,11,3,11,7,Y,A,N,A,H,A,A,07,,09,D,,,,,C,Y,N,A,1,0,0,0,21802.0,2,37.96083988,-121.30290986,4
2016,2016-11-28,1807,11,3,18,1,Y,A,N,A,H,C,A,01,,09,D,,,,,C,Y,N,A,4,0,0,0,21802.0,2,37.96294996,-121.2575099,4
2016,2016-11-22,1808,11,3,18,2,N,A,N,A,H,D,N,60,E,11,G,Y,,,,B,N,N,D,1,1,0,0,21950.0,2,37.89716917,-121.29456393,4
2016,2016-11-24,1305,11,3,13,4,N,A,N,A,H,A,A,01,S,03,C,,,,,C,Y,N,A,4,0,0,0,22350.0,3,37.95926658,-121.27523591,4
2016,2016-12-17,1309,12,4,13,6,Y,A,N,A,H,A,A,01,,09,D,,,,,C,Y,N,A,1,0,0,0,21801.0,2,37.76503998,-121.42598994,4
2016,2016-12-02,545,12,4,5,5,Y,A,N,A,H,D,A,01,,09,A,,,,Y,C,Y,N,D,1,0,0,0,21801.0,2,37.77391989,-121.43511996,4
2016,2016-12-16,1003,12,4,10,5,Y,A,N,A,H,A,A,07,,09,D,,,,,C,Y,N,A,2,0,0,0,21802.0,2,37.74631999,-121.43501987,4
2016,2016-12-18,753,12,4,7,7,Y,A,N,A,H,A,A,01,,05,A,,,,,C,Y,N,A,1,0,0,0,21460.0,2,37.75413988,-121.44353986,3
2016,2016-12-13,814,12,4,8,2,Y,A,N,A,H,A,A,01,,12,D,,,,,C,Y,N,A,2,0,0,0,22450.0,2,37.7346199,-121.45705,4
2016,2016-12-15,1146,12,4,11,4,N,C,N,B,H,A,A,01,W,03,C,,,,,C,Y,N,A,1,0,0,0,22350.0,2,37.73943,-121.44936042,4
2016,2016-11-07,1617,11,3,16,1,Y,B,N,A,H,A,J,48,,12,D,,,,,C,Y,N,A,2,0,0,0,21453.0,2,37.74707999,-121.4532299,3
2015,2015-03-11,1426,3,1,14,3,N,B,N,A,H,A,J,48,N,03,C,,,,,C,N,N,D,1,0,0,0,22350.0,2,37.95159585,-121.29087375,4
2015,2015-08-18,1200,8,2,12,2,N,A,N,A,H,A,F,26,S,03,C,,,,Y,C,N,N,A,2,0,0,0,22350.0,2,37.95372565,-121.29009522,4
2017,2017-01-08,1050,1,4,10,7,N,B,N,B,H,A,L,04,E,09,H,,Y,,,G,N,N,A,1,0,1,0,21804.0,2,37.76141777,-121.4341605,4
2015,2015-09-28,1521,9,3,15,1,Y,A,N,A,H,A,D,22,,12,A,,,,,C,N,N,A,1,0,0,0,21453.0,2,38.03720998,-121.25978992,4
2017,2017-01-07,630,1,4,6,6,N,B,N,B,H,C,J,48,N,10,G,Y,,,,B,N,N,D,1,1,0,0,21952.0,2,37.9509485,-121.28932796,4
2016,2016-11-09,1443,11,3,14,3,N,A,Y,A,H,A,A,01,W,08,E,,,,,I,Y,N,D,1,0,0,0,22107.0,1,38.11548824,-121.27956185,4
2016,2016-11-30,1837,11,3,18,3,Y,A,N,A,H,C,A,01,,09,H,,Y,,,G,N,N,D,1,0,1,0,21802.0,2,38.12425995,-121.26281994,3
2016,2016-11-29,1739,11,3,17,2,N,A,N,A,H,C,A,01,N,10,G,Y,,,,B,N,N,D,1,1,0,0,21952.0,2,38.13226797,-121.28835433,4
2016,2016-11-05,1818,11,3,18,6,Y,A,N,A,H,B,A,01,,09,A,,,,,C,N,N,D,2,0,0,0,21801.0,2,37.77071996,-121.20613996,4
2016,2016-11-01,1327,11,3,13,2,N,A,N,A,H,A,L,04,W,09,H,,Y,,,G,N,N,D,1,0,1,0,21804.0,2,37.79737,-121.23855995,3
2016,2016-11-09,2212,11,3,22,3,N,A,N,A,H,C,A,01,E,03,E,,,,,I,Y,N,D,1,0,0,0,22350.0,1,37.79674722,-121.1930917,4
2016,2016-11-16,1849,11,3,18,3,N,A,N,A,H,D,A,01,W,01,C,,,,,E,Y,N,D,1,0,0,0,23152.0,2,37.80466623,-121.21558341,3
2016,2016-11-12,1842,11,3,18,6,N,B,N,A,H,C,A,01,W,03,C,,,,,C,N,F,A,4,0,0,0,22350.0,2,37.7756292,-121.2433622,4
2016,2016-11-01,1525,11,3,15,2,Y,A,N,A,H,A,A,01,,03,C,,,,,C,N,N,D,1,0,0,0,22350.0,2,37.81191995,-121.24372991,4
2016,2016-11-29,1130,11,3,11,2,N,A,N,A,H,A,A,07,S,08,B,,,Y,,C,N,F,D,1,0,0,1,21460.0,2,37.80425191,-121.21674702,3
2016,2016-11-18,1445,11,3,14,5,N,A,N,A,H,A,A,01,S,03,E,,,,,I,Y,N,D,1,0,0,0,22350.0,1,37.82138791,-121.21738732,4
2016,2016-11-25,1828,11,3,18,5,N,B,N,A,H,C,A,01,N,03,C,,,,,C,Y,N,D,1,0,0,0,22350.0,3,37.79077453,-121.21619003,4