ACCIDENT_YEAR,COLLISION_DATE,COLLISION_TIME,MONTH,SEASON,24HOURS,DAY_OF_WEEK,INTERSECTION,WEATHER_1,STATE_HWY_IND,ROAD_SURFACE,ROAD_COND_1,LIGHTING,STWD_VEHTYPE_AT_FAULT,CHP_VEHTYPE_AT_FAULT,DIRECTION,PCF_VIOL_CATEGORY,TYPE_OF_COLLISION,PEDESTRIAN_ACCIDENT,BICYCLE_ACCIDENT,MOTORCYCLE_ACCIDENT,TRUCK_ACCIDENT,MVIW,TOW_AWAY,HIT_AND_RUN,CONTROL_DEVICE,NUMBER_INJURED,COUNT_PED_INJURED,COUNT_BICYCLIST_INJURED,COUNT_MC_INJURED,PCF_VIOLATION,PARTY_COUNT,POINT_Y,POINT_X,COLLISION_SEVERITY
2017,2017-12-14,1207,12,4,12,4,N,A,Y,A,H,A,A,01,S,03,C,,,,,C,N,N,A,1,0,0,0,22350.0,2,37.78346729,-121.23766343,4
2017,2017-12-19,1626,12,4,16,2,N,B,N,A,H,A,A,01,S,03,C,,,,,C,N,N,D,1,0,0,0,22350.0,2,37.81166043,-121.23526828,4
2017,2017-12-08,859,12,4,8,5,N,A,N,A,H,A,A,01,E,10,G,Y,,,,B,N,N,D,1,1,0,0,21950.0,2,37.79561889,-121.20479888,3
2017,2017-12-08,1210,12,4,12,5,Y,A,N,A,H,A,A,01,,09,D,,,,,C,Y,N,D,2,0,0,0,21801.0,2,37.81914998,-121.22744997,3
2017,2017-12-16,1214,12,4,12,6,N,A,N,A,H,A,A,01,E,03,C,,,,,C,N,N,D,1,0,0,0,22350.0,4,37.79753,-121.18990428,4
2017,2017-12-25,1300,12,4,13,1,N,B,N,A,H,A,A,01,W,01,E,,,,,I,N,N,D,1,0,0,0,23152.0,1,37.80475711,-121.22517497,3
2017,2017-12-27,1017,12,4,10,3,Y,A,N,A,H,A,A,01,,12,D,,,,,D,N,N,A,1,0,0,0,21453.0,2,37.78758998,-121.21608993,3
2017,2017-12-27,1159,12,4,11,3,N,A,N,A,H,A,-,- ,,00,C,,,,,E,Y,F,A,2,0,0,0,,2,37.79741998,-121.214,4
2017,2017-12-28,1024,12,4,10,4,N,A,N,A,H,A,-,- ,,00,C,,,,,C,N,F,D,1,0,0,0,,2,37.78651997,-121.25220996,4
2017,2017-12-27,646,12,4,6,3,Y,A,,B,H,B,A,01,,12,D,,,,,C,Y,N,A,1,0,0,0,21453.0,2,37.82658999,-121.27212992,4
2018,2018-01-19,2000,1,4,20,5,N,C,N,B,H,D,A,01,,03,F,,,,,A,Y,N,D,1,0,0,0,22350.0,1,37.80670166,-121.34860229,4
2018,2018-01-13,426,1,4,4,6,N,A,N,A,H,C,A,01,N,01,C,,,,,C,Y,N,D,1,0,0,0,23152.0,2,37.84106063842773,-121.28498077392578,4
2018,2018-01-19,104,1,4,1,5,N,A,N,A,H,C,A,01,N,01,A,,,,,I,Y,M,D,1,0,0,0,23152.0,1,37.7486572265625,-121.40978240966795,3
2017,2017-12-26,1507,12,4,15,2,Y,A,Y,A,H,A,A,08,,09,D,,,,,C,N,N,D,2,0,0,0,21801.0,2,37.79753304,-121.18670303,4
2017,2017-12-28,2032,12,4,20,4,Y,A,N,A,H,C,A,01,,08,E,,,,,I,Y,N,A,1,0,0,0,22107.0,1,37.8120399,-121.18979992,3
2017,2017-12-12,1205,12,4,12,2,N,A,Y,A,H,A,A,01,E,09,D,,,,,C,N,N,D,1,0,0,0,21801.0,2,37.79753204,-121.18927302,4
2017,2017-11-30,1643,11,3,16,4,Y,A,N,A,H,C,A,01,,03,D,,,,,C,N,N,A,1,0,0,0,22350.0,3,37.93756,-121.29387992,4
2017,2017-11-19,924,11,3,9,7,Y,B,N,A,H,A,A,07,,09,A,,,,,C,N,F,D,2,0,0,0,21802.0,2,37.93941005,-121.28885988,4
2017,2017-11-17,620,11,3,6,5,Y,A,N,A,H,A,A,07,,10,G,Y,,,,B,N,F,A,1,1,0,0,21950.0,2,37.97072998,-121.28924998,4
2017,2017-11-16,1734,11,3,17,4,Y,B,N,B,H,B,A,01,,12,H,,Y,,,G,N,F,D,1,0,1,0,22450.0,2,37.95305992,-121.29400997,3
2017,2017-11-14,1930,11,3,19,2,N,A,N,A,H,B,A,01,N,03,G,Y,,,,B,N,F,D,1,1,0,0,22350.0,2,37.96506034,-121.27820052,3
2017,2017-11-12,1715,11,3,17,7,N,A,N,A,H,C,L,04,W,17,H,,Y,,,G,N,F,D,1,0,1,0,21657.0,2,37.96432479,-121.32056704,4
2017,2017-11-30,1441,11,3,14,4,Y,A,N,A,H,A,A,01,,09,D,,,,,C,N,F,A,1,0,0,0,21802.0,2,37.97033992,-121.27824992,4
2017,2017-12-29,1928,12,4,19,5,N,B,N,A,H,C,A,01,S,01,C,,,,,E,Y,N,D,1,0,0,0,23152.0,2,38.02025513,-121.25681162,4
2017,2017-12-05,1501,12,4,15,2,N,A,N,A,H,A,D,22,W,07,B,,,,,C,N,M,D,1,0,0,0,21658.0,2,37.99021932,-121.31740568,4
2017,2017-12-22,750,12,4,7,5,Y,B,N,A,H,A,-,- ,,12,D,,,,,C,N,N,A,1,0,0,0,21453.0,2,37.95150996,-121.29084992,4
2017,2017-12-22,1530,12,4,15,5,N,A,N,A,H,A,A,01,W,03,C,,,,,C,N,N,A,1,0,0,0,22350.0,2,38.021188,-121.27812252,4
2017,2017-12-23,950,12,4,9,6,Y,B,N,A,H,A,A,08,,09,D,,,,,C,Y,N,A,1,0,0,0,21802.0,2,38.03683993,-121.3318699,2
2017,2017-12-15,1058,12,4,10,5,Y,A,N,A,H,A,D,22,,12,G,Y,,,,B,N,M,A,1,1,0,0,21453.0,2,37.97004996,-121.28904986,3
2017,2017-12-24,1510,12,4,15,7,N,B,N,A,H,A,A,07,E,03,C,,,,,E,N,N,D,2,0,0,0,22350.0,2,38.01661,-121.31247,4
2017,2017-12-18,646,12,4,6,1,N,A,N,A,H,B,D,22,S,10,G,Y,,,,B,N,N,A,1,1,0,0,21950.0,2,38.01799192,-121.30989967,4
2017,2017-12-23,1713,12,4,17,6,N,A,N,A,H,C,A,01,E,12,D,,,,,C,N,F,A,2,0,0,0,21453.0,3,38.00349098,-121.28470707,4
2017,2017-12-18,741,12,4,7,1,Y,A,N,A,H,A,D,22,,09,D,,,,,C,Y,N,D,2,0,0,0,21801.0,2,37.96337997,-121.31312999,3
2017,2017-12-26,1427,12,4,14,2,Y,A,N,A,H,A,D,22,,12,D,,,,,C,Y,N,A,1,0,0,0,21453.0,2,37.95379999,-121.29011988,4
2017,2017-11-13,1030,11,3,10,1,Y,A,Y,A,H,A,A,01,,03,C,,,,,C,N,F,A,2,0,0,0,22350.0,2,37.93666884,-121.29821975,4
2017,2017-11-19,1700,11,3,17,7,N,A,N,A,H,B,-,- ,N,00,C,,,,,C,N,N,A,2,0,0,0,,2,37.95443582,-121.27394134,4
2017,2017-12-24,2255,12,4,22,7,Y,A,Y,A,H,C,D,22,,03,C,,,,,C,N,N,A,1,0,0,0,22350.0,2,38.05704896,-121.25960122,4
2017,2017-12-02,1849,12,4,18,6,N,A,N,A,H,C,L,04,E,17,H,,Y,,,G,N,F,D,1,0,1,0,21663.0,2,37.97046177,-121.27646593,2
2017,2017-12-26,1739,12,4,17,2,N,A,N,A,H,C,N,60,N,11,G,Y,,,,B,N,N,D,1,1,0,0,21954.0,2,37.98534966,-121.34004056,3
2017,2017-11-22,1244,11,3,12,3,N,A,N,A,H,A,D,22,W,03,C,,,,,C,N,F,A,1,0,0,0,22350.0,3,38.02126944,-121.27180943,4
2017,2017-12-27,1040,12,4,10,3,N,A,N,A,H,A,A,01,S,03,C,,,,,C,Y,N,A,2,0,0,0,22350.0,3,38.0034422,-121.2847293,4
2017,2017-12-09,1358,12,4,13,6,N,A,N,A,H,A,A,07,S,03,C,,,,,C,Y,M,A,1,0,0,0,22350.0,3,37.99742726,-121.28894172,4
2017,2017-12-10,920,12,4,9,7,Y,A,N,A,H,A,N,60,,11,G,Y,,,,B,N,N,A,1,1,0,0,21954.0,2,37.97831997,-121.30613993,3
2017,2017-12-29,1705,12,4,17,5,N,A,N,A,H,C,D,22,E,09,D,,,Y,,C,Y,M,D,1,0,0,1,21801.0,2,38.005236,-121.35494491,3
2017,2017-12-28,1335,12,4,13,4,N,A,N,A,H,A,D,22,N,03,E,,,,,I,Y,N,A,1,0,0,0,22350.0,1,37.98912679,-121.31195103,4
2017,2017-12-28,1722,12,4,17,4,Y,A,N,A,H,C,N,60,,11,G,Y,,,,B,N,N,A,1,1,0,0,21955.0,2,38.02258,-121.30051991,4
2018,2018-01-03,1415,1,4,14,3,N,B,N,A,H,A,D,22,N,09,D,,,,,C,Y,N,D,1,0,0,0,21804.0,2,37.968631744384766,-121.28867340087892,4
2018,2018-01-24,919,1,4,9,3,N,A,N,A,H,A,A,01,S,12,D,,,,Y,C,Y,N,B,2,0,0,0,22450.0,2,37.90893173217773,-121.24527740478516,4
2018,2018-01-11,2030,1,4,20,4,Y,A,N,A,H,C,D,22,,09,D,,,,,C,Y,N,D,8,0,0,0,21801.0,2,38.00643157958984,-121.30824279785156,4
2018,2018-01-10,1013,1,4,10,3,N,B,N,A,H,A,A,07,S,08,C,Y,,,,E,Y,F,D,1,1,0,0,22107.0,3,38.02357482910156,-121.3039093017578,4
2018,2018-01-10,1311,1,4,13,3,N,A,N,A,H,A,A,07,S,03,C,,,,,C,Y,N,D,1,0,0,0,22350.0,2,37.99957275390625,-121.29793548583984,4
2018,2018-01-11,745,1,4,7,4,Y,A,N,A,H,A,A,01,,12,D,,,,,C,N,N,A,1,0,0,0,21453.0,2,38.00566864013672,-121.27629089355467,4
2018,2018-01-26,1535,1,4,15,5,N,A,N,A,H,A,D,22,W,08,D,,,,,C,Y,N,D,1,0,0,0,22103.0,2,38.02995681762695,-121.28455352783205,4
2018,2018-01-27,1354,1,4,13,6,N,A,N,A,H,A,-,- ,E,18,C,,,,,E,Y,N,D,1,0,0,0,,3,37.93597030639648,-121.24285125732422,3
2018,2018-01-18,745,1,4,7,4,N,B,Y,A,H,A,D,22,E,03,D,,,,,C,Y,N,A,3,0,0,0,22350.0,3,38.00261306762695,-121.35035705566406,4
2018,2018-01-18,1055,1,4,10,4,N,A,N,A,H,A,D,22,E,07,B,,,,,C,Y,N,A,1,0,0,0,21658.0,2,37.98444747924805,-121.34651184082033,4
2018,2018-01-07,1008,1,4,10,7,Y,B,N,A,H,A,A,01,,03,C,,,,,C,Y,N,A,1,0,0,0,22350.0,3,37.99776077270508,-121.30362701416016,4
2018,2018-01-12,1809,1,4,18,5,Y,A,N,A,H,C,A,08,,17,D,,,,,C,Y,N,A,1,0,0,0,21451.0,2,37.95484924316406,-121.2519073486328,4
2018,2018-01-05,1346,1,4,13,5,N,B,N,B,H,A,A,01,S,03,C,,,,,C,Y,N,A,1,0,0,0,22350.0,2,37.97013092041016,-121.29936981201172,3
2018,2018-01-17,1746,1,4,17,3,N,B,N,A,H,C,A,08,N,03,C,,,,,C,Y,N,A,1,0,0,0,22350.0,2,38.02488327026367,-121.29502868652344,4
2018,2018-01-05,1718,1,4,17,5,N,A,N,B,H,D,D,22,S,03,C,,,,Y,C,Y,N,D,1,0,0,0,22350.0,2,37.899761199951165,-121.27577209472656,4
2018,2018-01-09,654,1,4,6,2,N,C,N,B,H,B,N,60,E,11,G,Y,,,,B,N,N,A,1,1,0,0,21456.0,2,38.021011352539055,-121.31520080566406,4
2018,2018-01-06,12,1,4,0,6,Y,B,N,B,H,C,D,22,,01,C,,,,,C,Y,N,A,1,0,0,0,23152.0,2,37.96842956542969,-121.2886199951172,4
2017,2017-11-29,1245,11,3,12,3,N,A,N,A,H,A,A,07,N,10,G,Y,,,,B,N,F,A,1,1,0,0,21950.0,2,37.955098,-121.28772246,4
2017,2017-11-23,2047,11,3,20,4,Y,A,N,A,H,C,A,01,,12,D,,,,,C,Y,F,A,2,0,0,0,22450.0,2,37.91983998,-121.24973994,4
2017,2017-11-09,1420,11,3,14,4,N,B,N,A,H,A,L,04,N,17,H,,Y,,,G,N,F,D,1,0,1,0,21663.0,2,38.00201037,-121.3170265,4
2017,2017-11-29,906,11,3,9,3,N,A,N,A,H,A,L,04,N,05,H,,Y,,,G,N,N,D,1,0,1,0,21650.0,2,37.99222538,-121.31314682,4
2017,2017-11-22,2130,11,3,21,3,N,A,N,A,H,D,L,04,W,05,G,,Y,,,G,N,N,D,1,0,1,0,21202.0,2,37.89716106,-121.29217964,4
2017,2017-11-28,1359,11,3,13,2,Y,A,N,A,H,A,A,01,,10,G,Y,,,,B,N,N,A,1,1,0,0,21950.0,2,37.94146989,-121.29492,3
2017,2017-12-06,145,12,4,1,3,N,A,N,A,H,C,A,07,W,03,C,,,,,C,N,F,A,2,0,0,0,22350.0,2,37.94981291,-121.28908112,4
2017,2017-12-05,1757,12,4,17,2,N,A,N,A,H,D,N,60,W,11,G,Y,,,,B,N,M,A,1,1,0,0,21955.0,2,38.00654481,-121.31769671,4
2017,2017-12-03,1333,12,4,13,7,N,A,N,A,H,A,A,07,S,03,C,,,,,C,N,M,A,1,0,0,0,22350.0,3,37.95536,-121.27417,4
2017,2017-12-13,1203,12,4,12,3,Y,A,N,A,H,A,-,- ,,00,D,,,,,C,Y,N,A,3,0,0,0,,2,,,4
2018,2018-01-02,1128,1,4,11,2,N,A,N,A,H,A,A,08,S,09,D,,,,,C,N,N,A,1,0,0,0,21804.0,2,,,4
2018,2018-01-02,1747,1,4,17,2,Y,A,N,A,H,D,L,04,,09,H,,Y,,,G,Y,N,D,1,0,1,0,21804.0,2,37.967330932617195,-121.27468872070312,4
2018,2018-01-02,1200,1,4,12,2,N,A,N,A,H,A,A,01,W,03,C,,,,,C,N,M,A,1,0,0,0,22350.0,2,37.93807220458984,-121.29026794433594,4
2017,2017-12-18,1116,12,4,11,1,Y,A,N,A,H,A,A,08,,09,D,,,,,C,N,N,A,1,0,0,0,21802.0,2,37.96453992,-121.30527997,4
2017,2017-12-25,1204,12,4,12,1,Y,B,N,A,H,A,A,01,,08,B,,,,,C,Y,N,D,1,0,0,0,22100.0,2,37.9583499,-121.2994799,3
2017,2017-12-17,803,12,4,8,7,Y,A,N,A,H,A,A,01,,10,G,Y,,,,B,N,N,A,2,2,0,0,21950.0,3,37.95484989,-121.25190999,3
2017,2017-12-31,2004,12,4,20,7,N,A,N,A,H,C,A,01,W,03,E,,,,,I,Y,F,D,1,0,0,0,22350.0,1,38.05742,-121.2743943,4
2017,2017-12-16,1835,12,4,18,6,Y,A,N,A,H,C,N,60,,11,G,Y,,,,B,N,N,A,1,1,0,0,21453.0,2,37.96278996,-121.27343989,4
2017,2017-12-30,20,12,4,0,6,Y,E,Y,A,H,C,A,01,,12,D,,,,,C,N,M,A,2,0,0,0,21453.0,2,38.05560958,-121.37177197,4
2017,2017-12-16,1213,12,4,12,6,N,A,N,A,H,A,A,07,E,21,H,,,,,C,N,N,D,1,0,0,0,22106.0,2,37.92422447,-121.27970897,4
2017,2017-12-29,316,12,4,3,5,N,A,N,A,H,C,A,01,E,03,E,,,,,I,Y,F,D,4,0,0,0,22350.0,1,37.97349614,-121.26726643,4
2017,2017-12-16,1258,12,4,12,6,N,A,N,A,H,A,L,04,N,05,H,,Y,,,G,N,N,A,1,0,1,0,21650.0,2,37.99626737,-121.30579285,4
2017,2017-12-26,1414,12,4,14,2,N,A,N,A,H,A,A,08,E,09,D,,,,,C,N,N,A,1,0,0,0,21804.0,2,37.96081169,-121.27256932,2
2017,2017-12-16,1151,12,4,11,6,N,A,N,A,H,A,A,01,E,07,B,,,,,C,Y,N,D,1,0,0,0,21658.0,2,37.89833952,-121.25348404,4
2017,2017-12-25,2117,12,4,21,1,N,A,N,A,H,D,N,60,S,11,G,Y,,,,B,N,F,D,1,1,0,0,21954.0,2,38.02428895,-121.31624648,2
2017,2017-12-16,749,12,4,7,6,N,A,N,A,H,A,A,08,N,17,B,,,,,E,N,N,A,1,0,0,0,22517.0,2,37.95140603,-121.28668309,4
2017,2017-12-24,1958,12,4,19,7,Y,A,N,A,H,C,A,01,,21,C,,,,,C,N,N,D,3,0,0,0,22106.0,2,37.93734994,-121.29514992,2
2017,2017-12-13,1054,12,4,10,3,Y,A,N,A,H,A,B,01,,10,G,Y,,,,B,N,N,A,1,1,0,0,21950.0,2,37.95021997,-121.28637989,4
2017,2017-12-24,1702,12,4,17,7,Y,A,N,A,H,C,A,01,,09,D,,,,,C,Y,N,D,1,0,0,0,21804.0,3,37.96386998,-121.33751997,4
2017,2017-12-24,1807,12,4,18,7,Y,A,N,A,H,A,N,60,,11,G,Y,,,,B,N,N,D,1,1,0,0,21954.0,2,37.94960993,-121.27806,4
2017,2017-12-23,1940,12,4,19,6,Y,A,N,A,H,C,A,01,,17,A,,,,,C,Y,F,A,2,0,0,0,21461.0,2,37.96519995,-121.27409997,4
2017,2017-12-22,900,12,4,9,5,Y,A,N,A,H,A,A,01,,12,D,,,,,C,Y,N,A,2,0,0,0,21453.0,2,37.98810997,-121.32597991,3
2017,2017-12-16,1112,12,4,11,6,N,A,N,A,H,A,A,01,E,03,C,,,,,C,N,M,A,1,0,0,0,22350.0,2,37.96487901,-121.31334757,4
2017,2017-12-21,1330,12,4,13,4,N,A,N,A,H,A,A,08,S,03,C,,,,,C,N,N,A,3,0,0,0,22350.0,2,37.99647719,-121.31465698,4
2017,2017-12-11,1838,12,4,18,1,Y,A,N,A,H,C,A,01,,09,D,,,,,C,N,N,D,2,0,0,0,21801.0,2,37.80469992,-121.21018998,4
2017,2017-12-19,1340,12,4,13,2,N,A,N,A,H,A,A,01,S,03,C,,,,,C,N,N,A,3,0,0,0,22350.0,2,37.99456028,-121.31390306,4
2017,2017-12-15,1514,12,4,15,5,N,A,N,A,H,A,A,01,E,03,C,,,,,C,Y,N,A,4,0,0,0,22350.0,3,38.02101,-121.3152,3
2017,2017-12-10,1614,12,4,16,7,Y,A,N,A,H,A,A,01,,12,D,,,,,C,Y,M,A,1,0,0,0,21453.0,2,37.95657999,-121.28539997,4
2017,2017-12-12,915,12,4,9,2,Y,A,N,A,H,A,A,01,,12,A,,,,,C,Y,N,A,2,0,0,0,21453.0,2,38.02104989,-121.28989995,4
2017,2017-12-08,1245,12,4,12,5,N,A,N,A,H,A,-,- ,W,00,G,Y,,,,B,N,N,A,1,1,0,0,,2,37.95096774,-121.28800048,3
2017,2017-12-31,1929,12,4,19,7,N,A,N,A,H,C,A,01,S,03,E,,,,,I,Y,N,D,3,0,0,0,22350.0,1,37.96387306,-121.27648951,2
2017,2017-12-30,2240,12,4,22,6,Y,A,N,A,H,C,A,01,,12,A,,,,,C,Y,N,A,3,0,0,0,21453.0,2,37.98908989,-121.32196986,4
2017,2017-12-31,1533,12,4,15,7,N,A,N,A,H,A,A,07,W,03,E,,,,,I,Y,M,A,1,0,0,0,22350.0,1,37.96443821,-121.28762485,3
2017,2017-12-29,1140,12,4,11,5,N,A,N,A,H,A,A,01,N,03,C,,,,,C,Y,N,A,4,0,0,0,22350.0,3,37.96657978,-121.29356915,4
2017,2017-12-21,1736,12,4,17,4,N,A,N,A,H,C,A,07,N,03,C,,,,,C,N,M,A,2,0,0,0,22350.0,3,37.95672001,-121.28543553,4
2017,2017-12-27,1800,12,4,18,3,N,B,N,A,H,C,A,01,N,10,G,Y,,,,B,N,N,D,1,1,0,0,21952.0,2,38.01192662,-121.32103142,4
2017,2017-12-17,1240,12,4,12,7,N,A,N,A,H,A,A,01,S,07,B,,,,,C,Y,M,D,1,0,0,0,21658.0,2,37.97544544,-121.27570877,4
2017,2017-12-27,439,12,4,4,3,Y,A,N,A,H,A,A,07,,12,D,,,,,C,Y,N,A,5,0,0,0,21453.0,2,37.96075998,-121.27291,2
2017,2017-12-15,620,12,4,6,5,Y,A,N,A,H,C,L,04,,09,D,,Y,,,G,N,F,A,1,0,1,0,21804.0,2,37.94010993,-121.27954989,3
2017,2017-12-27,606,12,4,6,3,N,A,N,A,H,A,A,07,E,10,G,Y,,,,B,N,N,A,1,1,0,0,21950.0,2,38.02098039,-121.28323529,3
2017,2017-12-06,2338,12,4,23,3,N,A,N,A,H,C,A,01,S,08,B,,,,,C,Y,F,A,1,0,0,0,22107.0,2,37.98083575,-121.31856668,4
2018,2018-01-19,1040,1,4,10,5,Y,A,N,A,H,A,A,01,,09,D,,,,,C,N,N,A,1,0,0,0,21802.0,2,37.98474884033203,-121.33988189697266,4
2017,2017-12-04,1410,12,4,14,1,N,A,N,A,H,A,D,22,S,03,C,,,,,C,N,M,A,1,0,0,0,22350.0,2,38.01644269,-121.29492771,4
2018,2018-01-02,1700,1,4,17,2,Y,B,N,A,H,A,-,- ,,12,D,,,,,C,N,N,A,1,0,0,0,21453.0,2,37.95989990234375,-121.29039764404295,4
2018,2018-01-01,345,1,4,3,1,N,A,N,A,H,C,A,01,S,05,A,,,,,E,N,M,D,1,0,0,0,21650.0,2,38.033966064453125,-121.30914306640624,4
2018,2018-01-02,1139,1,4,11,2,N,A,N,A,H,A,A,01,S,10,G,Y,,,,B,N,M,A,1,1,0,0,21950.0,2,37.95439147949219,-121.29158782958984,4
2017,2017-11-29,1817,11,3,18,3,Y,A,N,A,H,C,A,01,,10,G,Y,,,,B,N,F,A,1,1,0,0,21950.0,2,37.95929993,-121.31200997,3
2017,2017-12-18,1144,12,4,11,1,Y,A,Y,A,H,A,A,01,,12,D,,,,,C,Y,N,A,1,0,0,0,21453.0,2,37.98643316,-121.34435722,4
2018,2018-01-10,2045,1,4,20,3,N,A,N,A,H,C,A,01,W,01,C,,,,,C,Y,F,D,3,0,0,0,23152.0,3,,,4
2018,2018-02-10,1925,2,4,19,6,Y,A,N,A,H,C,N,60,,11,G,Y,,,,B,N,N,D,1,1,0,0,21956.0,2,37.81180953979492,-121.28926849365234,3
2018,2018-01-16,1548,1,4,15,2,N,A,N,A,H,A,A,01,E,03,C,,,,,C,Y,N,D,1,0,0,0,22350.0,4,37.82636260986328,-121.28232574462892,4
2018,2018-01-12,805,1,4,8,5,N,E,N,A,H,A,A,01,E,03,D,,,,,C,Y,N,D,1,0,0,0,22350.0,2,38.01556015014648,-121.35414886474608,4
2018,2018-01-24,1155,1,4,11,3,N,A,N,A,H,A,A,01,N,03,C,,,,,C,N,F,A,1,0,0,0,22350.0,3,37.95452880859375,-121.27396392822266,4
2018,2018-01-11,1046,1,4,10,4,N,A,N,A,H,A,A,01,N,03,D,,,,,C,N,F,D,1,0,0,0,22350.0,2,37.94200134277344,-121.28823852539062,4
2018,2018-01-23,2105,1,4,21,2,Y,A,N,A,H,C,A,01,,01,A,,,,,C,Y,F,A,1,0,0,0,23153.0,2,37.9605598449707,-121.28649139404295,4
2018,2018-01-10,1557,1,4,15,3,N,B,N,A,H,A,A,01,E,03,C,,,,,C,Y,N,A,2,0,0,0,22350.0,2,38.0576286315918,-121.33258819580078,4
2018,2018-01-23,1441,1,4,14,2,N,A,N,A,H,A,L,04,W,05,H,,Y,,,G,N,N,D,1,0,1,0,21650.0,2,37.8046989440918,-121.21018981933594,4
2018,2018-01-10,1440,1,4,14,3,N,A,N,A,H,A,A,01,W,07,B,,,,,C,Y,N,D,1,0,0,0,21658.0,2,38.02110290527344,-121.3258056640625,4
2018,2018-01-22,716,1,4,7,1,N,B,N,B,H,A,A,01,N,03,E,,,,,I,Y,N,D,1,0,0,0,22350.0,2,37.96120834350586,-121.27302551269533,4
2018,2018-01-10,1236,1,4,12,3,N,B,N,A,H,A,A,01,W,03,A,,,,,E,Y,F,A,1,0,0,0,22350.0,2,37.94276428222656,-121.2938995361328,4
2018,2018-01-19,950,1,4,9,5,Y,A,N,A,H,A,A,01,,12,D,,,,,C,Y,F,A,2,0,0,0,22450.0,2,38.01189804077149,-121.31326293945312,4
2018,2018-01-10,1050,1,4,10,3,Y,A,N,A,H,A,A,01,,09,D,,,,,C,N,F,A,1,0,0,0,21802.0,2,37.963340759277344,-121.2940673828125,4
2018,2018-01-18,2113,1,4,21,4,Y,C,N,B,H,C,A,01,,12,D,,,,,C,Y,N,A,3,0,0,0,21453.0,2,37.960880279541016,-121.25415802001952,4
2018,2018-01-09,2019,1,4,20,2,N,C,N,B,H,C,A,01,S,03,G,Y,,,,B,N,F,D,1,1,0,0,22350.0,2,37.931434631347656,-121.26206970214844,4
2018,2018-01-15,1354,1,4,13,1,Y,A,N,A,H,A,A,01,,09,D,,,,,C,Y,N,A,3,0,0,0,21802.0,2,37.95452880859375,-121.24565887451172,4
2018,2018-01-09,1809,1,4,18,2,N,C,N,B,H,D,A,07,W,03,C,,,,,C,N,F,D,1,0,0,0,22350.0,3,37.96892929077149,-121.27133941650392,4
2018,2018-01-14,220,1,4,2,7,Y,A,Y,A,H,C,A,01,,12,D,,,,,C,N,F,A,1,0,0,0,21453.0,2,37.98286056518555,-121.34295654296876,2
2018,2018-01-09,515,1,4,5,2,Y,C,N,B,H,C,A,08,,12,D,,,,,C,N,N,A,1,0,0,0,21453.0,2,38.021270751953125,-121.27173614501952,3
2018,2018-01-12,1757,1,4,17,5,Y,B,N,A,D,D,N,60,,11,G,Y,,,,B,N,N,D,1,1,0,0,21956.0,2,37.94855117797852,-121.29682159423828,4
2018,2018-01-08,1756,1,4,17,1,N,C,N,B,H,C,L,04,E,09,H,,Y,,,G,N,N,D,1,0,1,0,21804.0,2,37.94035720825195,-121.2778091430664,2
2018,2018-01-11,2233,1,4,22,4,Y,A,N,A,H,B,A,01,,03,E,,,,,I,Y,N,D,1,0,0,0,22350.0,1,37.94150161743164,-121.27175903320312,4
2018,2018-01-17,1737,1,4,17,3,Y,A,N,A,H,C,-,99,,03,D,,,,,C,Y,F,D,1,0,0,0,22350.0,2,37.96237182617188,-121.26425170898438,4
2018,2018-01-11,1110,1,4,11,4,Y,A,N,A,H,A,A,01,,12,D,,,,,C,Y,N,A,1,0,0,0,21453.0,2,37.959278106689446,-121.25351715087892,4
2018,2018-01-16,1430,1,4,14,2,N,A,N,A,H,A,A,01,W,03,C,,,,,C,Y,N,A,3,0,0,0,22350.0,2,38.02138900756836,-121.35325622558594,4
2018,2018-01-27,1018,1,4,10,6,N,A,N,A,H,A,A,08,N,03,C,,,,,C,Y,N,D,1,0,0,0,22350.0,2,37.98475646972656,-121.32006072998048,4
2018,2018-01-16,730,1,4,7,2,Y,A,N,A,H,A,A,01,,12,D,,,,,C,Y,N,A,1,0,0,0,21453.0,2,38.02120971679688,-121.27662658691406,4
2018,2018-01-26,1112,1,4,11,5,N,A,N,A,H,A,A,01,W,03,C,,,,,C,N,N,A,1,0,0,0,22350.0,2,38.00825881958008,-121.33039855957033,4
2018,2018-01-12,815,1,4,8,5,Y,E,N,A,H,A,A,01,,09,D,,,,,C,N,N,A,2,0,0,0,21802.0,2,38.027828216552734,-121.34554290771484,4
2018,2018-01-25,1440,1,4,14,4,N,B,N,B,H,A,A,01,W,03,C,,,,,C,N,N,A,2,0,0,0,22350.0,2,38.0016975402832,-121.27110290527344,4
2018,2018-01-21,1646,1,4,16,7,Y,A,Y,A,H,A,A,07,,12,D,,,,,C,Y,N,A,1,0,0,0,21453.0,2,37.96032333374024,-121.2514190673828,4
2018,2018-01-24,1814,1,4,18,3,Y,C,N,B,H,C,A,01,,12,D,,,,,C,Y,F,A,1,0,0,0,21453.0,2,38.01087951660156,-121.29428100585938,4