ACCIDENT_YEAR,COLLISION_DATE,COLLISION_TIME,MONTH,SEASON,24HOURS,DAY_OF_WEEK,INTERSECTION,WEATHER_1,STATE_HWY_IND,ROAD_SURFACE,ROAD_COND_1,LIGHTING,STWD_VEHTYPE_AT_FAULT,CHP_VEHTYPE_AT_FAULT,DIRECTION,PCF_VIOL_CATEGORY,TYPE_OF_COLLISION,PEDESTRIAN_ACCIDENT,BICYCLE_ACCIDENT,MOTORCYCLE_ACCIDENT,TRUCK_ACCIDENT,MVIW,TOW_AWAY,HIT_AND_RUN,CONTROL_DEVICE,NUMBER_INJURED,COUNT_PED_INJURED,COUNT_BICYCLIST_INJURED,COUNT_MC_INJURED,PCF_VIOLATION,PARTY_COUNT,POINT_Y,POINT_X,COLLISION_SEVERITY
2018,2018-08-15,1731,8,2,17,3,N,A,N,A,H,A,L,04,W,05,H,,Y,,,G,N,N,A,1,0,1,0,21650.0,2,37.95403671264648,-121.281982421875,4
2018,2018-08-04,1700,8,2,17,6,Y,A,N,A,H,A,A,07,,09,D,,,,,C,N,N,A,4,0,0,0,21800.0,2,38.00566864013672,-121.27629089355467,3
2018,2018-08-24,1445,8,2,14,5,N,A,N,A,H,A,A,01,N,07,D,,,,,C,Y,N,D,2,0,0,0,21658.0,2,37.9329833984375,-121.28441619873048,4
2018,2018-08-30,850,8,2,8,4,Y,A,N,A,H,A,A,07,,09,D,,,,,C,N,N,A,1,0,0,0,21802.0,2,37.955528259277344,-121.3041763305664,4
2018,2018-08-13,133,8,2,1,1,N,A,N,A,H,D,A,01,E,03,H,,Y,,,G,N,F,D,1,0,1,0,22350.0,2,37.918502807617195,-121.25732421875,3
2018,2018-08-24,1852,8,2,18,5,N,A,N,A,H,A,A,07,N,08,D,Y,,,,E,N,N,D,5,2,0,0,22107.0,4,38.01776123046875,-121.30458831787108,3
2018,2018-08-31,1323,8,2,13,5,N,A,N,A,H,A,N,60,N,11,G,Y,,,,B,N,N,D,1,1,0,0,21955.0,2,37.98892211914063,-121.3029327392578,2
2018,2018-08-13,1607,8,2,16,1,N,A,N,A,H,A,L,04,S,05,B,,Y,,,G,N,F,D,1,0,1,0,21202.0,2,37.92576217651367,-121.29595184326172,3
2018,2018-08-25,1828,8,2,18,6,Y,A,N,A,H,A,A,07,,09,D,,,,,C,Y,N,A,3,0,0,0,21802.0,2,37.92876815795898,-121.2848892211914,3
2018,2018-08-30,1351,8,2,13,4,N,A,N,A,H,A,A,07,E,08,B,,,,,C,N,N,A,1,0,0,0,22107.0,2,38.00063705444336,-121.31632232666016,4
2018,2018-08-13,1909,8,2,19,1,Y,A,N,A,H,A,A,01,,08,D,,,,,C,Y,N,D,1,0,0,0,22103.0,2,37.96372985839844,-121.26380157470705,4
2018,2018-08-26,1401,8,2,14,7,Y,A,N,A,H,A,A,07,,09,D,,,,,C,Y,N,A,2,0,0,0,21801.0,2,37.967750549316406,-121.27201080322266,2
2018,2018-08-29,1818,8,2,18,3,N,A,N,A,H,A,A,08,E,12,H,,Y,,,G,N,N,A,1,0,1,0,21453.0,2,37.936817169189446,-121.2444076538086,3
2018,2018-08-13,2216,8,2,22,1,Y,A,N,A,H,C,A,01,,01,D,,,,,C,Y,F,A,1,0,0,0,23153.0,2,38.05765914916992,-121.3518295288086,4
2018,2018-08-02,1500,8,2,15,4,N,A,N,A,H,A,A,01,E,03,C,,,,,C,N,N,A,2,0,0,0,22350.0,2,37.95323181152344,-121.29297637939452,4
2018,2018-08-29,1153,8,2,11,3,Y,A,N,A,H,A,A,01,,09,D,,,,,C,Y,N,A,1,0,0,0,21801.0,3,37.986610412597656,-121.31095123291016,4
2018,2018-08-14,1300,8,2,13,2,N,A,N,A,H,A,A,01,N,03,C,,,,,C,N,F,D,1,0,0,0,22350.0,2,38.0018310546875,-121.29256439208984,4
2018,2018-08-02,1931,8,2,19,4,N,A,N,A,H,B,A,01,N,03,C,,,,,E,Y,N,D,3,0,0,0,22350.0,2,38.01144790649414,-121.32975769042967,4
2018,2018-08-29,717,8,2,7,3,N,A,Y,A,H,A,-,- ,E,00,G,Y,,,,B,N,N,A,1,1,0,0,,2,37.96256256103516,-121.33489990234376,3
2018,2018-08-15,1535,8,2,15,3,Y,A,N,A,H,A,A,01,,09,D,,,,,C,Y,N,A,2,0,0,0,21801.0,3,37.96620178222656,-121.30164337158205,4
2018,2018-08-07,757,8,2,7,2,Y,A,N,A,H,A,A,01,,03,E,,,,,I,N,N,D,1,0,0,0,22350.0,1,37.98944854736328,-121.35395050048828,3
2018,2018-08-16,716,8,2,7,4,Y,A,N,A,H,A,A,01,,09,D,,Y,,,G,N,N,A,1,0,1,0,21802.0,2,38.00382995605469,-121.3495635986328,4
2018,2018-08-27,653,8,2,6,1,N,A,Y,A,H,A,N,60,W,11,G,Y,,,,B,Y,N,D,1,1,0,0,21955.0,2,37.98190689086913,-121.34220123291016,2
2018,2018-08-27,1449,8,2,14,1,N,A,N,A,H,A,A,01,N,03,C,,,,,C,N,M,A,1,0,0,0,22350.0,2,38.00600051879882,-121.2719268798828,4
2018,2018-08-10,1550,8,2,15,5,Y,A,N,A,H,A,A,07,,12,D,,,,,C,Y,N,A,1,0,0,0,21453.0,2,37.95989990234375,-121.29039764404295,4
2018,2018-08-27,732,8,2,7,1,Y,A,N,A,H,A,A,01,,09,D,,,,,C,N,N,A,1,0,0,0,21802.0,2,37.97735977172852,-121.31828308105467,4
2018,2018-08-27,920,8,2,9,1,N,A,N,A,H,A,A,01,W,03,B,,,,,E,Y,N,D,1,0,0,0,22350.0,2,38.03694152832031,-121.2826919555664,4
2018,2018-08-13,128,8,2,1,1,N,A,N,A,G,C,C,02,N,03,E,,,Y,,I,N,N,D,1,0,0,1,22350.0,1,38.01612091064453,-121.3392333984375,3
2018,2018-08-27,814,8,2,8,1,N,A,N,A,H,A,A,07,N,03,C,,,,,C,Y,N,A,4,0,0,0,22350.0,3,,,4
2018,2018-08-26,1343,8,2,13,7,Y,A,N,A,H,A,A,08,,12,D,,,,,C,N,M,A,1,0,0,0,22450.0,2,37.95840835571289,-121.32183837890624,4
2018,2018-08-13,1439,8,2,14,1,Y,A,N,A,H,A,A,01,,09,D,,,,,C,N,N,D,2,0,0,0,21801.0,2,37.939300537109375,-121.24899291992188,3
2018,2018-08-02,1705,8,2,17,4,Y,A,N,A,H,A,A,01,,09,D,,,,,C,Y,F,A,1,0,0,0,21802.0,2,38.011061,-121.320555,4
2018,2018-08-13,2030,8,2,20,1,Y,A,N,A,H,C,-,- ,,12,H,,Y,,,G,N,N,A,1,0,1,0,21453.0,2,37.956390380859375,-121.2744598388672,4
2018,2018-08-17,1125,8,2,11,5,N,A,N,A,H,A,A,07,N,03,C,,,,,C,N,N,A,1,0,0,0,22350.0,2,38.00232696533203,-121.29092407226562,4
2018,2018-08-14,2147,8,2,21,2,Y,A,N,A,H,C,L,04,,14,A,,Y,,,G,N,N,D,1,0,1,0,21201.0,2,38.036888122558594,-121.29029846191406,3
2018,2018-08-19,29,8,2,0,7,Y,A,N,A,H,C,A,07,,12,A,,,,,C,Y,N,A,1,0,0,0,21453.0,2,37.98908996582031,-121.32196807861328,4
2018,2018-08-15,924,8,2,9,3,N,A,N,A,H,A,A,01,S,03,C,,,,,E,Y,N,D,1,0,0,0,22350.0,2,37.952293395996094,-121.24359130859376,4
2018,2018-08-21,1100,8,2,11,2,N,A,N,A,H,A,L,04,N,05,H,,Y,,,G,N,N,D,1,0,1,0,21202.0,2,37.97504806518555,-121.29087829589844,3
2018,2018-08-16,1746,8,2,17,4,N,A,N,A,H,A,A,07,E,03,C,,,,,C,N,F,D,1,0,0,0,22350.0,2,37.96580123901367,-121.27344512939452,4
2018,2018-08-21,1530,8,2,15,2,N,A,N,A,H,A,A,01,N,03,C,,,,,C,N,F,A,1,0,0,0,22350.0,2,37.988548278808594,-121.31319427490234,4
2018,2018-08-22,1240,8,2,12,3,Y,A,N,A,H,A,E,22,,09,D,,,,,C,N,N,D,1,0,0,0,21801.0,2,37.97592926025391,-121.30359649658205,3
2018,2018-08-22,1518,8,2,15,3,N,A,N,A,H,A,D,22,S,07,B,,,,,C,Y,N,D,1,0,0,0,21658.0,3,37.94845962524414,-121.269775390625,4
2018,2018-07-20,1537,7,2,15,5,Y,A,N,A,H,A,D,22,,12,D,,,,,C,Y,N,A,1,0,0,0,21453.0,2,37.9583396911621,-121.27497863769533,4
2018,2018-08-23,734,8,2,7,4,N,A,N,A,D,A,A,01,W,09,D,,,,Y,C,Y,N,D,1,0,0,0,21801.0,2,37.937477111816406,-121.32501983642578,3
2018,2018-08-24,1014,8,2,10,5,Y,A,N,A,H,A,A,01,,03,C,,,,,C,N,N,A,1,0,0,0,22350.0,2,37.96257019042969,-121.26335906982422,4
2018,2018-08-24,1015,8,2,10,5,Y,A,N,A,H,A,D,22,,03,C,,,,,C,Y,N,A,1,0,0,0,22350.0,3,37.96257019042969,-121.26335906982422,4
2018,2018-08-25,1816,8,2,18,6,N,A,N,A,H,A,D,22,N,03,D,,,,,C,Y,N,A,1,0,0,0,22350.0,2,38.021095275878906,-121.32323455810548,4
2018,2018-08-26,911,8,2,9,7,Y,A,N,A,H,A,A,07,,12,D,,,,Y,C,Y,N,A,1,0,0,0,21453.0,2,37.901958465576165,-121.25469970703124,3
2018,2018-08-13,1336,8,2,13,1,N,A,N,A,H,A,I,11,N,03,C,,,,,C,N,N,A,3,0,0,0,22350.0,2,38.02115249633789,-121.32321166992188,4
2018,2018-08-26,925,8,2,9,7,Y,A,N,A,H,A,L,04,,15,H,,Y,,,G,N,M,D,1,0,1,0,21201.0,2,37.9523811340332,-121.28559112548828,4
2018,2018-08-29,1450,8,2,14,3,Y,A,N,A,H,A,L,04,,05,H,,Y,,,G,N,M,A,1,0,1,0,21650.0,2,38.02602005004882,-121.35948944091795,4
2018,2018-08-20,1228,8,2,12,1,N,A,N,A,H,A,L,04,N,05,D,,Y,,,G,N,N,D,1,0,1,0,21202.0,2,37.93669891357422,-121.29984283447266,4
2018,2018-08-27,1914,8,2,19,1,N,A,N,A,H,A,A,01,E,01,A,,,,,E,Y,N,D,1,0,0,0,23152.0,2,38.055023193359375,-121.34138488769533,4
2018,2018-07-22,1905,7,2,19,7,N,A,N,A,H,A,A,08,,03,E,,,,,I,Y,N,D,1,0,0,0,22350.0,1,38.05773162841797,-121.38407135009766,3
2018,2018-07-19,821,7,2,8,4,N,A,N,A,H,A,A,01,S,09,D,,,,,C,Y,N,D,2,0,0,0,21804.0,2,37.97378158569336,-121.3020248413086,3
2018,2018-07-30,1348,7,2,13,1,Y,A,N,A,H,A,A,07,,12,D,,,,,C,Y,N,A,1,0,0,0,22450.0,2,38.03694915771485,-121.28125762939452,4
2018,2018-09-13,1211,9,3,12,4,N,A,Y,A,H,A,A,01,E,03,E,,,,,I,Y,N,D,1,0,0,0,22350.0,1,37.98190689086913,-121.34220123291016,4
2018,2018-09-16,2005,9,3,20,7,Y,A,N,A,H,C,A,01,,09,D,,,,,C,Y,F,A,2,0,0,0,21804.0,2,37.95145034790039,-121.27310180664062,3
2018,2018-09-04,823,9,3,8,2,Y,A,N,A,H,A,A,01,,12,D,,,,,C,N,N,A,1,0,0,0,21453.0,2,37.990631103515625,-121.31575012207033,4
2018,2018-09-04,1429,9,3,14,2,N,A,N,A,H,A,J,48,W,03,C,,,,,C,N,N,A,1,0,0,0,22350.0,2,38.00054931640625,-121.316650390625,4
2018,2018-09-04,2005,9,3,20,2,N,A,N,A,H,D,J,48,W,03,C,,,,,C,N,N,A,1,0,0,0,22350.0,2,37.93249130249024,-121.31369018554688,4
2018,2018-09-27,1336,9,3,13,4,N,A,N,A,H,A,A,01,S,03,C,,,,,C,N,N,A,1,0,0,0,22350.0,2,37.826316833496094,-121.28690338134766,4
2018,2018-09-17,1758,9,3,17,1,N,A,N,A,H,A,L,04,W,05,H,,Y,,,G,N,N,D,1,0,1,0,21650.0,2,37.79859161376953,-120.99372863769533,3
2018,2018-09-13,1853,9,3,18,4,Y,A,N,A,H,B,A,71,,17,D,,,,,C,Y,M,A,1,0,0,0,21451.0,2,37.73952102661133,-121.14221954345705,3
2018,2018-08-11,1720,8,2,17,6,Y,A,N,A,H,A,A,01,,01,C,,,,,C,N,F,A,1,0,0,0,23152.0,2,37.938055,-121.290128,4
2018,2018-08-18,2120,8,2,21,6,N,A,N,A,H,C,-,- ,W,18,B,,,,,E,N,N,A,1,0,0,0,,2,37.9394416809082,-121.2834930419922,4
2018,2018-08-05,2100,8,2,21,7,N,A,N,A,H,A,-,- ,E,00,C,,,,,C,N,N,A,2,0,0,0,,2,38.00175094604492,-121.29248046875,4
2018,2018-08-28,1805,8,2,18,2,Y,A,N,A,H,A,A,08,,09,D,,,,,C,Y,N,A,2,0,0,0,21802.0,2,37.91135025024414,-121.30062103271484,4
2018,2018-08-28,1600,8,2,16,2,Y,A,N,A,H,A,A,01,,03,C,,,,,C,Y,N,A,1,0,0,0,22350.0,3,37.95544052124024,-121.29192352294922,4
2018,2018-08-24,1101,8,2,11,5,Y,A,N,A,H,A,A,01,,09,D,,,,,C,N,N,D,1,0,0,0,21802.0,2,37.95574188232422,-121.28379821777344,4
2018,2018-08-31,1800,8,2,18,5,Y,A,N,A,H,A,-,,,12,D,,,,,C,Y,N,A,1,0,0,0,22450.0,2,37.981388092041016,-121.29689025878906,4
2018,2018-08-31,1022,8,2,10,5,Y,A,N,A,H,A,A,01,,12,D,,,,,C,N,F,A,1,0,0,0,22450.0,2,37.96826171875,-121.29550170898438,4
2018,2018-08-06,1449,8,2,14,1,Y,A,N,A,H,A,A,07,,09,D,,,,,C,Y,N,A,3,0,0,0,21801.0,2,37.97444152832031,-121.31712341308594,3
2018,2018-08-10,2129,8,2,21,5,Y,A,N,A,H,C,A,01,,12,D,,,,,C,N,F,A,1,0,0,0,21453.0,2,37.95439147949219,-121.27393341064452,4
2018,2018-08-16,602,8,2,6,4,Y,A,N,A,H,B,A,07,,12,D,,,,,C,Y,N,A,1,0,0,0,21453.0,2,37.9374885559082,-121.31211090087892,4
2018,2018-08-21,1450,8,2,14,2,N,A,Y,A,H,A,D,22,E,03,C,,,,,C,N,N,D,1,0,0,0,22350.0,2,37.9313850402832,-121.31776428222656,4
2018,2018-08-26,1130,8,2,11,7,N,A,Y,A,H,A,A,01,W,08,D,,,,,C,N,N,D,1,0,0,0,22107.0,2,37.79753112792969,-121.18769073486328,4
2018,2018-10-18,2011,10,3,20,4,Y,A,N,A,H,C,A,01,,03,C,,,,,C,Y,N,A,3,0,0,0,22350.0,2,37.76152038574219,-121.41478729248048,4
2018,2018-10-21,1440,10,3,14,7,Y,A,N,A,H,A,L,04,,05,D,,Y,,,G,N,N,A,1,0,1,0,21650.0,2,37.7470817565918,-121.45323181152344,4
2018,2018-10-09,1949,10,3,19,2,N,A,N,A,H,C,A,07,E,03,C,,,,,C,N,N,A,2,0,0,0,22350.0,2,37.7540397644043,-121.47490692138672,4
2018,2018-10-22,1640,10,3,16,1,N,A,N,A,H,A,A,01,S,09,D,,,,,C,Y,N,D,1,0,0,0,21801.0,2,37.74747467041016,-121.4299087524414,4
2018,2018-09-06,1032,9,3,10,4,Y,A,N,A,H,A,A,01,,09,D,,,,,C,Y,N,A,2,0,0,0,21801.0,2,37.95161819458008,-121.28404998779295,3
2018,2018-09-09,1700,9,3,17,7,Y,A,N,A,H,A,A,01,,01,D,,,,,C,Y,N,A,1,0,0,0,23152.0,2,38.00878143310546,-121.30255889892578,4
2018,2018-09-06,1150,9,3,11,4,Y,A,N,A,H,A,A,01,,09,D,,,,,C,Y,N,A,2,0,0,0,21802.0,3,37.962059020996094,-121.28962707519533,4
2018,2018-09-01,1723,9,3,17,6,Y,A,Y,A,H,A,A,07,,01,C,,,,,C,Y,N,A,1,0,0,0,23152.0,3,37.98286056518555,-121.34295654296876,4
2018,2018-09-06,1434,9,3,14,4,Y,A,N,A,H,A,A,01,,09,A,,,,,C,Y,N,A,4,0,0,0,21801.0,2,38.016578674316406,-121.29492950439452,4
2018,2018-09-07,2110,9,3,21,5,N,A,N,A,H,C,A,08,E,01,C,,,,,E,Y,F,D,1,0,0,0,23152.0,2,37.98207092285156,-121.3186492919922,3
2018,2018-09-06,700,9,3,7,4,Y,A,N,A,H,A,A,01,,09,D,,,,,C,Y,N,A,1,0,0,0,21801.0,2,37.956390380859375,-121.2744598388672,3
2018,2018-09-08,1533,9,3,15,6,N,A,N,A,H,A,N,60,S,11,G,Y,,,,B,N,F,D,1,1,0,0,21954.0,2,37.93977737426758,-121.28082275390624,4
2018,2018-09-06,706,9,3,7,4,N,A,N,A,H,A,A,01,E,09,D,,,,,C,Y,N,D,2,0,0,0,21804.0,2,37.98706817626953,-121.31895446777344,3
2018,2018-09-01,1743,9,3,17,6,Y,A,N,A,H,A,A,07,,12,D,,,,,C,Y,N,A,1,0,0,0,21453.0,2,37.93878173828125,-121.28739166259766,3
2018,2018-09-01,2154,9,3,21,6,Y,A,N,A,H,E,A,01,,01,D,,,,,C,N,N,B,1,0,0,0,23152.0,2,37.939010620117195,-121.28604888916016,3
2018,2018-09-06,1541,9,3,15,4,Y,A,N,A,H,A,A,01,,09,D,,,,,C,Y,N,A,2,0,0,0,21802.0,3,37.94544982910156,-121.27146911621094,3
2018,2018-09-06,1438,9,3,14,4,N,A,N,A,H,A,A,01,S,03,C,,,,,C,Y,N,A,3,0,0,0,22350.0,3,37.994487762451165,-121.31387329101562,3
2018,2018-09-04,1222,9,3,12,2,Y,A,N,A,H,A,A,01,,09,D,,,,,C,N,N,D,1,0,0,0,21801.0,2,37.96672058105469,-121.27276611328124,4
2018,2018-09-04,1411,9,3,14,2,Y,A,N,A,H,A,A,07,,09,D,,,Y,,C,N,N,A,1,0,0,1,21801.0,2,37.972938537597656,-121.30140686035156,4
2018,2018-09-08,1630,9,3,16,6,N,A,N,A,H,A,A,01,W,08,D,,,,,C,N,N,D,2,0,0,0,22103.0,2,38.010112762451165,-121.3150634765625,4
2018,2018-09-09,1507,9,3,15,7,Y,A,N,A,H,A,A,01,,09,D,,,,,C,N,N,A,1,0,0,0,21802.0,2,37.963340759277344,-121.2940673828125,4
2018,2018-09-09,1552,9,3,15,7,Y,A,N,A,H,A,A,01,,09,D,,,,,C,Y,N,A,1,0,0,0,21802.0,2,37.95478057861328,-121.25055694580078,3
2018,2018-09-13,1812,9,3,18,4,N,A,N,A,H,A,A,01,S,03,E,,,,,I,Y,F,A,1,0,0,0,22350.0,1,37.90050506591797,-121.28578186035156,3
2018,2018-09-10,1407,9,3,14,1,N,A,N,A,H,A,A,07,W,08,D,,,,,C,N,F,D,1,0,0,0,22100.0,3,37.8046989440918,-121.21018981933594,4
2018,2018-09-14,815,9,3,8,5,N,A,N,A,H,A,A,07,N,03,E,,,,,I,Y,N,D,1,0,0,0,22350.0,1,38.03904724121094,-121.3319091796875,4
2018,2018-09-14,730,9,3,7,5,N,A,N,A,H,A,A,01,W,11,G,Y,,,,B,N,N,D,1,1,0,0,21954.0,2,38.02507781982422,-121.30158233642578,4
2018,2018-09-04,2135,9,3,21,2,Y,A,N,A,H,C,N,60,,11,G,Y,,,,B,N,N,A,1,1,0,0,21453.0,2,37.996238708496094,-121.3057861328125,2
2018,2018-09-04,2232,9,3,22,2,N,A,N,A,H,C,N,60,E,11,G,Y,,,,B,N,N,D,1,1,0,0,21954.0,2,38.02101516723633,-121.30010223388672,2
2018,2018-09-28,1912,9,3,19,5,Y,A,N,A,H,B,A,01,,01,D,,,,,C,Y,N,D,1,0,0,0,23152.0,2,37.75397109985352,-121.13459777832033,4
2018,2018-11-05,708,11,3,7,1,N,A,N,A,H,A,F,55,E,03,C,,,,Y,C,Y,N,A,1,0,0,0,22350.0,4,37.72178649902344,-121.51139831542967,3
2018,2018-05-27,2217,5,1,22,7,Y,A,N,A,H,C,A,01,,09,D,,,Y,,C,N,F,A,1,0,0,1,21802.0,2,38.02696990966797,-121.26412963867188,4
2018,2018-08-01,1308,8,2,13,3,N,A,N,A,H,A,D,22,N,08,B,,,,,E,Y,N,D,1,0,0,0,22107.0,2,37.79539489746094,-120.99397277832033,4
2018,2018-10-02,945,10,3,9,2,N,A,N,A,H,A,D,22,E,03,C,,,,,C,N,N,A,2,0,0,0,22350.0,3,37.73920822143555,-121.46395874023438,4
2018,2018-09-30,1510,9,3,15,7,Y,A,N,A,H,A,A,07,,09,D,,,,,C,Y,N,A,2,0,0,0,21804.0,2,37.81177586,-121.2495482,4
2018,2018-10-05,1315,10,3,13,5,N,A,N,A,H,A,D,22,E,03,C,,,,,C,N,N,A,2,0,0,0,22350.0,4,37.75405502319336,-121.47584533691406,4
2018,2018-09-19,712,9,3,7,3,Y,A,N,A,H,A,D,22,,03,D,,,,,C,Y,N,A,1,0,0,0,22350.0,2,37.79742050170898,-121.22886657714844,3
2018,2018-09-25,632,9,3,6,2,N,A,N,A,H,B,D,22,W,03,C,,,,,C,Y,N,D,1,0,0,0,22350.0,3,37.695964813232415,-121.4419174194336,4
2018,2018-09-18,1524,9,3,15,2,Y,A,N,A,H,A,D,22,,12,D,,,,,C,Y,F,A,1,0,0,0,22450.0,2,37.80504989624024,-121.20565795898438,3
2018,2018-09-08,650,9,3,6,6,N,A,N,A,H,A,C,02,W,03,B,,,Y,,E,Y,N,D,1,0,0,1,22350.0,2,37.78929901123047,-121.22183990478516,3
2018,2018-09-02,1445,9,3,14,7,Y,A,N,A,H,A,A,01,,03,E,,,,,I,Y,N,A,1,0,0,0,22350.0,1,37.79732894897461,-121.24472808837892,4
2018,2018-09-06,1304,9,3,13,4,N,A,N,A,H,A,A,07,W,09,D,,,,,C,Y,N,D,1,0,0,0,21801.0,2,37.806419372558594,-121.20626831054688,4
2018,2018-09-30,1614,9,3,16,7,Y,A,N,A,H,A,A,01,,08,A,,,,,C,Y,N,D,1,0,0,0,22100.0,2,37.82110977172852,-121.22357940673828,4
2018,2018-09-07,1808,9,3,18,5,Y,A,N,A,H,A,A,01,,04,C,,,,,C,N,N,A,1,0,0,0,21703.0,2,37.797409057617195,-121.21647644042967,4
2018,2018-09-02,1800,9,3,18,7,N,A,N,A,H,A,A,01,W,01,E,,,,,I,Y,N,D,1,0,0,0,23152.0,1,37.78264999389648,-121.26315307617188,4
2018,2018-09-04,858,9,3,8,2,Y,A,N,A,H,A,A,01,,03,C,,,,,C,Y,N,A,1,0,0,0,22350.0,2,37.82639567,-121.22677624,4
2018,2018-09-26,1528,9,3,15,3,N,A,N,A,H,A,A,07,E,- ,C,,,,,C,N,F,A,1,0,0,0,,2,37.797409057617195,-121.23477172851562,4
2018,2018-09-02,1408,9,3,14,7,N,A,N,A,A,A,A,01,S,09,D,,,,,C,N,N,A,1,0,0,0,21804.0,2,37.82643127441406,-121.23593139648438,4
2018,2018-09-20,1718,9,3,17,4,N,A,N,A,H,A,A,01,S,01,D,,,,,C,Y,N,A,1,0,0,0,23152.0,2,37.78350830078125,-121.21585845947266,3
2018,2018-09-22,1737,9,3,17,6,Y,A,N,A,H,A,C,02,,03,E,,,Y,,I,N,N,D,1,0,0,1,22350.0,1,37.7872314453125,-121.23149871826172,3
2018,2018-09-22,1504,9,3,15,6,N,A,N,A,H,A,A,01,S,07,B,,,,,C,N,N,D,1,0,0,0,21658.0,2,37.79904174804688,-121.23493194580078,4
2018,2018-09-01,2308,9,3,23,6,N,A,N,A,H,C,A,01,W,01,A,,,,,E,Y,N,D,1,0,0,0,23152.0,2,37.79338836669922,-121.20374298095705,4
2018,2018-09-21,1129,9,3,11,5,Y,A,N,A,H,A,L,04,,05,A,,Y,,,G,N,N,D,1,0,1,0,21651.0,2,37.79449844360352,-121.22675323486328,4
2018,2018-09-26,1215,9,3,12,3,Y,A,N,A,H,A,A,07,,09,D,,,,,C,Y,N,A,1,0,0,0,21802.0,2,37.79911804199219,-121.21399688720705,4
2018,2018-09-14,2001,9,3,20,5,Y,A,N,A,H,C,A,01,,08,A,,,,,C,Y,N,A,1,0,0,0,22107.0,2,37.80101013183594,-121.21662902832033,3
2018,2018-09-04,1840,9,3,18,2,Y,A,N,A,H,A,C,02,,03,B,,,Y,,C,Y,N,A,1,0,0,1,22350.0,2,37.82643127441406,-121.23593139648438,4
2018,2018-09-02,1057,9,3,10,7,Y,A,N,A,H,A,A,01,,12,D,,,,,C,Y,F,A,4,0,0,0,21453.0,2,37.79436111450195,-120.99661254882812,3
2018,2018-09-20,1544,9,3,15,4,Y,A,N,A,H,A,A,01,,09,D,,,,,C,N,N,D,2,0,0,0,21801.0,2,37.78580093383789,-121.2341766357422,4
2018,2018-09-16,2059,9,3,20,7,Y,A,N,A,H,C,A,07,,09,D,,,Y,,C,N,F,D,1,0,0,1,21804.0,2,37.79635003,-121.19806996,4
2018,2018-09-18,1723,9,3,17,2,Y,A,N,A,H,A,L,04,,12,H,,Y,,,G,N,N,A,1,0,1,0,22450.0,2,37.79561996459961,-121.20482635498048,4
2018,2018-09-20,1530,9,3,15,4,Y,A,N,A,H,A,A,01,,10,G,Y,,,,B,N,N,A,1,1,0,0,21950.0,2,37.82032012939453,-121.24472808837892,4
2018,2018-09-09,213,9,3,2,7,N,A,N,A,H,C,A,01,W,09,D,,,,,C,Y,N,D,1,0,0,0,21804.0,2,37.81905364990234,-121.22386169433594,3
2018,2018-09-13,857,9,3,8,4,Y,A,N,A,H,A,A,01,,09,A,,,,,C,N,F,A,1,0,0,0,21801.0,2,37.79742813110352,-121.20960235595705,4
2018,2018-09-11,1237,9,3,12,2,N,A,N,A,H,A,A,07,N,10,G,Y,,,,B,N,N,A,1,1,0,0,21950.0,2,37.801094055175774,-121.19833374023438,4
2018,2018-09-14,1433,9,3,14,5,N,A,N,A,H,A,A,08,E,03,C,,,,,C,Y,N,D,3,0,0,0,22350.0,4,38.13005065917969,-121.2932357788086,4
2018,2018-08-30,1447,8,2,14,4,Y,A,N,A,H,A,L,04,,12,H,,Y,,,G,N,N,A,1,0,1,0,21453.0,2,38.12704086303711,-121.26058959960938,4
2018,2018-10-01,1347,10,3,13,1,Y,A,N,A,H,A,L,04,,05,H,,Y,,,G,N,N,A,1,0,0,0,21650.0,2,37.725128173828125,-121.4264907836914,3
2018,2018-09-12,1005,9,3,10,3,Y,B,N,A,H,A,A,01,,12,F,,,,,C,Y,N,A,3,0,0,0,21453.0,2,38.14562004,-121.30665994,2
2018,2018-10-06,1002,10,3,10,6,N,A,N,A,H,A,A,01,E,03,C,,,,,C,N,N,A,2,0,0,0,22350.0,2,37.73920822143555,-121.46351623535156,4