ACCIDENT_YEAR,COLLISION_DATE,COLLISION_TIME,MONTH,SEASON,24HOURS,DAY_OF_WEEK,INTERSECTION,WEATHER_1,STATE_HWY_IND,ROAD_SURFACE,ROAD_COND_1,LIGHTING,STWD_VEHTYPE_AT_FAULT,CHP_VEHTYPE_AT_FAULT,DIRECTION,PCF_VIOL_CATEGORY,TYPE_OF_COLLISION,PEDESTRIAN_ACCIDENT,BICYCLE_ACCIDENT,MOTORCYCLE_ACCIDENT,TRUCK_ACCIDENT,MVIW,TOW_AWAY,HIT_AND_RUN,CONTROL_DEVICE,NUMBER_INJURED,COUNT_PED_INJURED,COUNT_BICYCLIST_INJURED,COUNT_MC_INJURED,PCF_VIOLATION,PARTY_COUNT,POINT_Y,POINT_X,COLLISION_SEVERITY
2018,2018-11-28,118,11,3,1,3,Y,B,N,B,H,C,A,01,,03,E,,,,,I,Y,N,A,2,0,0,0,22350.0,1,37.954219818115234,-121.31243896484376,4
2018,2018-11-17,1025,11,3,10,6,N,A,N,A,H,A,A,01,E,08,E,,,,,I,Y,N,D,1,0,0,0,22107.0,1,38.02134704589844,-121.3429718017578,4
2018,2018-11-04,1900,11,3,19,7,N,A,N,A,H,C,A,01,N,09,D,,,,,C,Y,N,D,3,0,0,0,21804.0,2,38.02230072021485,-121.29502868652344,4
2018,2018-10-19,1129,10,3,11,5,Y,A,N,A,H,A,-,- ,,00,H,,Y,,,G,N,N,A,2,0,1,0,,2,37.98429107666016,-121.29679107666016,2
2018,2018-10-14,2037,10,3,20,7,Y,A,N,A,H,C,A,07,,12,D,,,,,C,Y,F,A,2,0,0,0,21453.0,2,37.94961166381836,-121.29031372070312,3
2018,2018-10-23,1900,10,3,19,2,N,A,N,A,H,B,L,04,E,05,H,,Y,,,G,N,N,D,1,0,1,0,21650.0,2,37.992012023925774,-121.31185150146484,4
2018,2018-11-11,1808,11,3,18,7,Y,A,N,A,H,C,A,01,,09,D,,,,,C,N,M,A,2,0,0,0,21802.0,3,37.95534896850586,-121.2615966796875,4
2018,2018-11-11,1730,11,3,17,7,N,A,N,A,H,C,A,01,N,09,D,,,,,C,N,N,D,1,0,0,0,21804.0,2,37.9995346069336,-121.32266998291016,4
2018,2018-11-10,1730,11,3,17,6,N,A,N,A,H,C,A,01,N,03,C,,,,,C,N,F,D,1,0,0,0,22350.0,2,37.953716278076165,-121.29141235351562,4
2018,2018-11-10,1735,11,3,17,6,Y,A,N,A,H,C,A,07,,03,C,,,,,C,N,N,D,2,0,0,0,22350.0,2,37.9956283569336,-121.28803253173828,4
2018,2018-11-09,2044,11,3,20,5,N,A,N,A,H,C,A,01,E,03,D,,,,,C,N,F,D,1,0,0,0,22350.0,2,37.91128158569336,-121.2973861694336,4
2018,2018-11-08,1740,11,3,17,4,N,A,N,A,H,C,A,01,E,10,G,Y,,,,B,N,F,A,1,1,0,0,21950.0,2,38.005672454833984,-121.27626800537108,4
2018,2018-11-08,1730,11,3,17,4,Y,A,N,A,H,C,A,01,,10,G,Y,,,,B,N,N,A,1,1,0,0,21950.0,2,38.024089813232415,-121.27134704589844,4
2018,2018-11-02,2040,11,3,20,5,N,A,N,A,H,C,-,- ,N,00,D,,,,,C,N,N,A,1,0,0,0,,2,38.05759811401367,-121.33335113525392,4
2018,2018-11-14,1311,11,3,13,3,N,A,N,A,H,A,A,01,E,09,D,,,,,C,Y,N,D,1,0,0,0,21804.0,2,38.01101303100586,-121.26944732666016,3
2018,2018-11-13,1035,11,3,10,2,N,A,N,A,H,A,L,04,W,09,H,,Y,,,G,N,N,D,1,0,1,0,21804.0,2,37.94048690795898,-121.27706909179688,3
2018,2018-11-16,1704,11,3,17,5,N,A,N,A,H,D,-,- ,N,00,D,,,,,C,Y,N,D,3,0,0,0,,2,37.94343948364258,-121.25328826904295,3
2018,2018-11-12,728,11,3,7,1,Y,A,N,A,H,A,A,01,,09,D,,,,,C,Y,N,A,1,0,0,0,21801.0,2,37.950660705566406,-121.28376770019533,4
2018,2018-11-15,1720,11,3,17,4,Y,A,N,A,H,C,A,01,,09,D,,,,,C,Y,N,D,2,0,0,0,21801.0,2,37.948139190673835,-121.28038787841795,4
2018,2018-11-15,905,11,3,9,4,N,A,N,A,H,A,A,08,S,03,C,,,,,C,N,N,A,2,0,0,0,22350.0,2,37.96675491333008,-121.3140869140625,4
2018,2018-11-14,2055,11,3,20,3,Y,A,N,A,H,C,A,01,,01,E,,,,,I,Y,N,A,1,0,0,0,23152.0,1,38.021270751953125,-121.35614776611328,4
2018,2018-11-16,2500,11,3,25,5,N,A,N,A,H,A,D,22,S,07,C,,,,,C,N,F,D,1,0,0,0,21658.0,2,37.959030151367195,-121.31193542480467,4
2018,2018-11-12,1335,11,3,13,1,Y,A,N,A,H,A,-,- ,,12,B,,,,,C,Y,F,A,2,0,0,0,21453.0,2,37.971771240234375,-121.26891326904295,4
2018,2018-11-15,1326,11,3,13,4,Y,A,N,A,H,A,D,22,,09,D,,,,,C,N,N,A,1,0,0,0,21802.0,2,37.954620361328125,-121.30941772460938,4
2018,2018-11-08,1730,11,3,17,4,Y,A,N,A,H,C,D,22,,08,H,,Y,,,G,N,F,D,1,0,1,0,22107.0,2,37.96718978881836,-121.31427001953124,4
2018,2018-11-16,721,11,3,7,5,Y,A,N,A,H,A,A,08,,12,D,,,,,C,N,N,A,2,0,0,0,22450.0,3,37.923931121826165,-121.28079223632812,4
2018,2018-11-18,32,11,3,0,7,N,A,N,A,H,C,A,01,N,01,C,,,,,E,Y,F,D,1,0,0,0,23152.0,3,38.00894927978516,-121.29540252685548,4
2018,2018-11-17,1745,11,3,17,6,Y,A,N,A,H,C,A,01,,03,D,,,,,C,Y,N,A,1,0,0,0,22350.0,2,37.954219818115234,-121.31243896484376,4
2018,2018-11-18,1804,11,3,18,7,N,A,N,A,H,C,D,22,W,09,D,,,,,C,N,N,A,1,0,0,0,21801.0,2,37.93287658691406,-121.31214904785156,3
2018,2018-11-19,935,11,3,9,1,Y,A,N,A,H,A,D,22,,09,D,,,,,C,N,N,A,1,0,0,0,21802.0,2,38.026309967041016,-121.31626892089844,4
2018,2018-11-20,1605,11,3,16,2,Y,A,N,A,H,A,D,22,,09,D,Y,,,,C,Y,F,A,2,1,0,0,21802.0,4,37.951881408691406,-121.27050018310548,2
2018,2018-11-21,1358,11,3,13,3,Y,B,N,B,H,A,A,01,,02,D,,,,,C,Y,N,A,2,0,0,0,21656.0,2,37.96971893310546,-121.29103088378906,3
2018,2018-11-21,1702,11,3,17,3,Y,C,N,B,H,C,A,01,,09,D,,,,,C,Y,N,A,2,0,0,0,21802.0,2,37.939838409423835,-121.23719787597656,3
2018,2018-10-28,1932,10,3,19,7,Y,A,N,A,H,C,A,01,,09,D,,,,,C,Y,N,D,1,0,0,0,21802.0,2,37.98870849609375,-121.36566162109376,4
2018,2018-11-21,1345,11,3,13,3,N,C,N,B,H,A,A,07,N,09,D,,,,,C,N,N,D,1,0,0,0,21804.0,2,38.01998901367188,-121.28970336914062,4
2018,2018-11-14,118,11,3,1,3,N,A,N,A,H,C,A,01,E,01,E,,,,,I,Y,N,D,1,0,0,0,23152.0,1,38.02104949951172,-121.33877563476562,3
2018,2018-11-20,1246,11,3,12,2,Y,A,N,A,H,A,A,01,,08,D,,,,,C,N,N,D,1,0,0,0,22100.0,2,37.96004867553711,-121.28357696533205,4
2018,2018-11-12,2350,11,3,23,1,N,A,N,A,H,C,A,07,N,01,E,,,,,I,Y,N,D,1,0,0,0,23152.0,1,37.96965408325195,-121.27533721923828,4
2018,2018-11-19,1844,11,3,18,1,N,A,N,A,H,C,A,01,W,03,E,,,,,I,Y,N,D,1,0,0,0,22350.0,1,37.99330520629882,-121.30998229980467,2
2018,2018-11-12,2118,11,3,21,1,Y,A,N,A,H,C,A,07,,01,C,,,,,E,Y,N,A,1,0,0,0,23152.0,2,38.03091049194336,-121.34551239013672,2
2018,2018-11-19,1415,11,3,14,1,N,A,N,A,H,A,A,07,S,03,D,,,,,C,Y,N,A,4,0,0,0,22350.0,5,37.9599494934082,-121.27542877197266,3
2018,2018-11-10,1425,11,3,14,6,N,A,N,A,H,A,A,01,E,03,C,,,,,C,N,F,A,2,0,0,0,22350.0,2,38.0036735534668,-121.28472900390624,4
2018,2018-11-16,1739,11,3,17,5,Y,A,Y,A,H,C,A,01,,12,D,,,,,C,Y,N,A,3,0,0,0,21453.0,2,37.93436050415039,-121.29696655273438,4
2018,2018-11-08,1753,11,3,17,4,Y,A,N,A,H,C,A,07,,09,D,,,Y,,C,N,N,A,1,0,0,1,21801.0,3,37.95578002929688,-121.27156066894533,2
2018,2018-11-16,1445,11,3,14,5,Y,A,N,A,H,A,-,- ,,09,D,,,,,C,N,N,A,2,0,0,0,21802.0,2,37.96282958984375,-121.29116821289062,4
2018,2018-11-08,1733,11,3,17,4,Y,A,N,A,H,C,L,04,,12,D,,Y,,,G,N,M,A,1,0,1,0,21453.0,2,37.95568084716797,-121.29061126708984,3
2018,2018-11-16,858,11,3,8,5,Y,F,N,A,H,A,A,01,,09,D,,,,,C,Y,N,A,2,0,0,0,21453.0,2,38.01190948486328,-121.30899810791016,4
2018,2018-11-05,1918,11,3,19,1,N,A,N,A,H,C,A,01,N,01,C,,,,,E,Y,N,D,1,0,0,0,23152.0,2,37.91022491455078,-121.2462158203125,4
2018,2018-11-26,1000,11,3,10,1,Y,B,N,A,D,A,A,01,,09,D,,,,,C,Y,N,B,1,0,0,0,21800.0,2,37.89252853393555,-121.25121307373048,4
2018,2018-11-25,1527,11,3,15,7,N,A,N,A,H,A,A,01,W,10,G,Y,,,,B,N,N,D,1,1,0,0,21950.0,2,,,3
2018,2018-11-18,1454,11,3,14,7,N,A,N,A,H,A,A,01,S,03,E,,,,,I,Y,N,D,1,0,0,0,22350.0,1,37.97503280639648,-121.29087066650392,3
2018,2018-11-25,1107,11,3,11,7,N,A,N,A,H,A,-,- ,E,00,D,,,,,C,Y,N,A,2,0,0,0,,2,37.930530548095696,-121.28736114501952,4
2018,2018-11-08,1530,11,3,15,4,Y,A,N,A,H,A,L,04,,05,H,,Y,,,G,N,F,D,1,0,1,0,21650.0,2,37.962600708007805,-121.29248809814452,4
2018,2018-11-25,1000,11,3,10,7,N,A,N,A,H,A,A,01,W,03,C,,,,,E,N,N,D,1,0,0,0,22350.0,2,38.007637023925774,-121.30355834960938,4
2018,2018-11-14,1559,11,3,15,3,Y,A,N,A,H,A,A,01,,09,D,,,,,C,Y,F,A,3,0,0,0,21802.0,2,37.95145034790039,-121.27310180664062,4
2018,2018-11-24,1339,11,3,13,6,N,A,N,B,H,A,A,01,S,03,C,,,,,C,Y,N,D,2,0,0,0,22350.0,2,37.95063018798828,-121.28922271728516,4
2018,2018-11-13,1831,11,3,18,2,N,A,N,A,H,C,L,04,E,05,H,,Y,,,G,N,F,D,1,0,1,0,21650.0,2,37.954902648925774,-121.2529754638672,3
2018,2018-11-23,1447,11,3,14,5,Y,C,N,B,H,A,A,01,,07,C,,,,,C,N,N,A,4,0,0,0,21658.0,2,37.996238708496094,-121.3057861328125,4
2018,2018-11-09,1930,11,3,19,5,Y,A,N,A,H,C,A,01,,03,G,Y,,,,B,N,F,D,1,1,0,0,22350.0,2,37.99478149414063,-121.30168151855467,4
2018,2018-11-23,1412,11,3,14,5,N,B,N,B,H,A,A,01,N,21,D,,,,,C,N,N,D,2,0,0,0,22106.0,3,37.9603385925293,-121.31231689453124,3
2018,2018-11-16,846,11,3,8,5,Y,B,N,A,H,A,A,01,,09,D,,,,,C,Y,N,A,3,0,0,0,21801.0,2,37.97005081176758,-121.28904724121094,3
2018,2018-11-15,1825,11,3,18,4,Y,A,N,A,H,C,N,60,,11,G,Y,,,,B,N,F,D,1,1,0,0,21955.0,2,37.94855117797852,-121.29682159423828,3
2018,2018-11-28,727,11,3,7,3,Y,C,N,B,H,A,A,01,,09,A,,,,,C,N,N,A,1,0,0,0,21801.0,2,37.956390380859375,-121.2744598388672,4
2018,2018-11-27,2035,11,3,20,2,N,B,N,B,H,C,A,01,E,03,E,,,,,I,Y,N,D,1,0,0,0,22350.0,1,38.03694915771485,-121.36029052734376,4
2018,2018-11-26,1251,11,3,12,1,N,B,N,A,H,A,A,01,N,03,C,,,,,C,N,N,D,1,0,0,0,22350.0,2,37.95558547973633,-121.2851333618164,4
2018,2018-11-26,855,11,3,8,1,Y,A,N,A,H,A,A,01,,12,D,,,,,C,Y,N,A,1,0,0,0,22450.0,2,37.91040802001953,-121.23925018310548,3
2018,2018-11-23,1707,11,3,17,5,N,C,N,B,H,C,N,60,W,11,G,Y,,,,B,N,N,A,1,1,0,0,21955.0,2,38.02102279663086,-121.30079650878906,3
2018,2018-10-19,1754,10,3,17,5,N,A,N,A,H,B,A,01,W,03,E,,,,,I,Y,N,A,1,0,0,0,22350.0,1,38.05305862426758,-121.39167785644533,4
2018,2018-10-19,1904,10,3,19,5,Y,A,N,A,H,C,L,04,,05,-,,Y,,,G,N,N,A,1,0,1,0,21202.0,2,37.995601654052734,-121.33544921875,4
2018,2018-10-27,314,10,3,3,6,N,A,N,A,H,C,N,60,E,11,G,Y,,,,B,N,F,D,1,1,0,0,21954.0,2,38.0219955444336,-121.31180572509766,3
2018,2018-12-27,557,12,4,5,4,N,A,N,A,H,C,D,22,E,09,D,,,,,C,Y,N,A,1,0,0,0,21801.0,2,37.73952102661133,-121.1417999267578,4
2018,2018-12-27,1329,12,4,13,4,N,A,N,A,H,A,D,22,N,03,C,,,,,C,Y,N,D,1,0,0,0,22350.0,2,37.74785614013672,-121.142333984375,3
2018,2018-12-03,1504,12,4,15,1,Y,A,N,A,H,A,A,01,,12,D,,,,,C,Y,N,A,2,0,0,0,21453.0,2,38.001731872558594,-121.27098083496094,4
2018,2018-12-02,947,12,4,9,7,N,A,N,A,H,A,A,01,S,03,E,,,,,I,Y,N,D,1,0,0,0,22350.0,2,38.033790588378906,-121.35274505615234,3
2018,2018-11-15,1310,11,3,13,4,N,A,Y,A,H,A,A,01,S,21,G,Y,,,,B,N,N,D,1,1,0,0,22106.0,2,37.79420471191406,-120.98412322998048,4
2018,2018-12-02,1118,12,4,11,7,N,A,Y,A,H,A,A,01,E,03,C,,,,,C,N,N,A,2,0,0,0,22350.0,2,37.79677581787109,-120.99528503417967,3
2018,2018-12-29,2026,12,4,20,6,Y,A,N,A,H,C,A,01,,08,H,,,,,F,N,N,A,1,0,0,0,22107.0,2,37.79858003,-121.00406989,4
2018,2018-12-21,1425,12,4,14,5,N,B,N,A,E,A,A,01,E,10,G,Y,,,,B,N,N,D,1,1,0,0,21954.0,2,37.95493316650391,-121.28856658935548,4
2018,2018-12-06,2302,12,4,23,4,Y,A,Y,A,H,C,A,01,,12,B,,,,,C,N,N,A,1,0,0,0,21453.0,2,37.938724517822266,-121.29772186279295,4
2018,2018-10-31,725,10,3,7,3,Y,A,N,A,H,A,A,01,N,09,D,,,,,C,Y,N,A,1,0,0,0,21801.0,2,37.96749877929688,-121.2515869140625,4
2019,2019-01-04,438,1,4,4,5,N,A,N,A,H,C,A,01,S,22,G,Y,,,,B,N,N,A,1,1,0,0,,2,37.74515151977539,-121.39836120605467,3
2019,2019-01-06,1734,1,4,17,7,N,C,N,B,H,A,A,01,E,08,C,,,,,C,Y,N,D,1,0,0,0,22107.0,2,37.73807144165039,-121.43636322021484,3
2019,2019-01-07,1431,1,4,14,1,N,A,N,A,H,A,D,22,W,03,C,,,,,C,Y,N,A,2,0,0,0,22350.0,5,37.75406646728516,-121.47710418701172,4
2018,2018-10-04,1940,10,3,19,4,Y,A,N,A,H,D,A,01,,05,G,Y,,,,B,N,F,D,1,1,0,0,21650.0,2,38.0224494934082,-121.31552124023438,3
2018,2018-12-30,1808,12,4,18,7,N,A,N,A,H,C,A,08,E,13,G,Y,,,,B,N,N,D,1,1,0,0,22500.0,3,37.79399871826172,-121.2287139892578,4
2019,2019-01-09,1353,1,4,13,3,N,A,N,D,H,A,-,- ,,- ,H,,,,,I,Y,N,D,2,0,0,0,,1,37.7552490234375,-121.42121124267578,3
2019,2019-01-15,2047,1,4,20,2,Y,A,N,B,H,C,A,07,,01,A,,,,,C,Y,N,A,1,0,0,0,23152.0,2,37.75421142578125,-121.45333862304688,4
2018,2018-10-25,1430,10,3,14,4,N,A,N,A,H,A,-,,S,09,D,,,,,C,Y,N,A,1,0,0,0,21802.0,2,37.74650955200195,-121.12850952148438,4
2018,2018-02-03,2100,2,4,21,6,Y,A,N,A,H,C,N,60,,11,G,Y,,,,B,N,N,D,1,1,0,0,21954.0,2,38.14577865600586,-121.2667999267578,2
2018,2018-12-21,1607,12,4,16,5,N,B,N,A,H,B,D,22,N,09,D,,,,,C,Y,N,D,2,0,0,0,21802.0,2,37.76145553588867,-121.14258575439452,3
2018,2018-11-13,1604,11,3,16,2,Y,A,N,A,H,A,L,04,,09,H,,Y,,,G,N,N,D,1,0,1,0,21800.0,2,37.9758415222168,-121.27207946777344,4
2019,2019-01-10,1111,1,4,11,4,-,A,N,A,H,A,D,22,,03,E,,,,,I,Y,N,D,2,0,0,0,22350.0,1,,,2
2018,2018-12-07,1356,12,4,13,5,Y,A,N,A,H,A,A,01,,03,C,,,,,C,Y,N,D,1,0,0,0,22350.0,2,37.79011154174805,-121.25221252441406,4
2018,2018-12-05,1319,12,4,13,3,N,A,N,A,H,A,A,01,W,09,D,,,,,C,Y,N,D,1,0,0,0,21801.0,2,37.82643508911133,-121.2378387451172,4
2018,2018-12-04,845,12,4,8,2,Y,B,N,A,H,A,A,01,,08,D,,,,,C,N,N,A,1,0,0,0,22107.0,2,37.77565002441406,-121.23088073730467,4
2018,2018-11-14,2151,11,3,21,3,N,A,N,A,H,C,A,01,N,03,D,,,,,C,Y,N,D,1,0,0,0,22350.0,2,37.80801010131836,-121.21689605712892,2
2018,2018-12-02,2221,12,4,22,7,Y,A,N,A,H,C,A,01,,09,D,,,,,C,Y,N,A,1,0,0,0,21801.0,2,37.80936813354492,-121.22357177734376,4
2018,2018-11-25,211,11,3,2,7,N,B,N,A,H,C,A,01,E,08,C,,,,,E,Y,N,D,1,0,0,0,22107.0,3,38.12635803222656,-121.27682495117188,3
2018,2018-12-12,1700,12,4,17,3,Y,A,N,B,H,B,A,01,,01,A,,,,,C,Y,N,D,1,0,0,0,23153.0,2,38.12554931640625,-121.2568130493164,2
2018,2018-12-25,1222,12,4,12,2,N,A,N,A,H,A,A,01,N,03,C,,,,,C,N,M,A,1,0,0,0,22350.0,2,38.131080627441406,-121.26064300537108,4
2018,2018-12-04,1747,12,4,17,2,N,B,N,A,H,C,A,07,N,08,A,,,,,C,N,M,A,1,0,0,0,22107.0,2,38.11693954467773,-121.29688262939452,4
2018,2018-12-05,1548,12,4,15,3,N,A,N,A,H,A,A,01,W,03,C,,,,,C,Y,N,D,3,0,0,0,22350.0,2,38.13755035400391,-121.25762939453124,4
2018,2018-12-02,1337,12,4,13,7,N,C,N,B,H,A,-,- ,W,00,B,,Y,,,G,N,N,D,1,0,1,0,,2,38.10210800170898,-121.26309967041016,3
2019,2019-01-14,1730,1,4,17,1,N,C,Y,B,H,C,-,- ,W,00,C,,,,,C,N,M,A,1,0,0,0,,2,37.75240707397461,-121.46690368652344,4
2018,2018-12-12,2111,12,4,21,3,Y,A,Y,A,H,E,D,22,,01,D,,,,,C,Y,N,A,1,0,0,0,23152.0,3,38.11539459228516,-121.28805541992188,4
2018,2018-12-20,1902,12,4,19,4,Y,B,Y,A,H,C,-,- ,,00,D,,,,,C,N,N,A,1,0,0,0,,2,38.11537551879882,-121.27899169921876,4
2018,2018-12-17,1741,12,4,17,1,Y,A,Y,A,H,C,-,- ,,00,A,,,,,C,N,N,A,3,0,0,0,,2,38.11577987670898,-121.2696533203125,4
2019,2019-01-10,713,1,4,7,4,Y,A,N,A,H,A,A,07,,12,A,,,,,C,Y,N,A,3,0,0,0,21453.0,3,37.7393684387207,-121.47676849365234,4
2018,2018-09-06,452,9,3,4,4,N,A,N,A,H,D,A,01,W,09,D,,,,,C,N,N,D,1,0,0,0,21802.0,2,,,4
2018,2018-05-02,1951,5,1,19,3,N,A,Y,A,H,B,A,07,S,03,B,,,,,E,Y,N,A,3,0,0,0,22350.0,3,37.95631408691406,-121.32464599609376,4
2019,2019-02-06,955,2,4,9,3,Y,B,N,B,H,A,A,01,,03,C,,,,,C,Y,N,D,1,0,0,0,22350.0,2,37.811798095703125,-121.28353118896484,4
2019,2019-01-22,1230,1,4,12,2,N,A,N,A,H,A,A,01,S,03,C,,,,,C,Y,N,A,2,0,0,0,22350.0,3,37.73912048339844,-121.43637847900392,3
2019,2019-01-08,1715,1,4,17,2,N,B,Y,A,H,C,D,22,S,01,C,,,,Y,C,N,N,A,1,0,0,0,23152.0,2,37.79733276367188,-120.9968490600586,4
2019,2019-01-23,1900,1,4,19,3,Y,A,N,A,H,C,A,07,,09,D,,,,,C,Y,N,A,1,0,0,0,21803.0,2,37.734649658203125,-121.42572784423828,4
2019,2019-01-16,1035,1,4,10,3,N,B,N,A,-,A,D,22,N,03,C,,,,,C,N,N,D,1,0,0,0,22350.0,2,37.71573257446289,-121.43478393554688,4
2019,2019-01-23,829,1,4,8,3,N,A,N,A,H,A,A,01,S,09,D,,,,,C,N,N,D,1,0,0,0,21801.0,2,37.79742813110352,-121.21114349365234,4
2018,2018-11-09,1745,11,3,17,5,N,A,N,A,H,C,A,07,S,03,C,,,,,C,Y,N,D,3,0,0,0,22350.0,3,38.009742736816406,-121.32015991210938,3
2018,2018-11-16,2003,11,3,20,5,Y,A,N,A,H,C,A,01,,12,D,,,,,C,Y,N,A,2,0,0,0,22450.0,2,38.00035858154297,-121.3476791381836,2
2018,2018-10-05,2320,10,3,23,5,Y,A,N,A,H,C,C,02,,03,F,,,Y,,A,Y,N,D,1,0,0,1,22350.0,1,37.99327087402344,-121.2951202392578,3
2019,2019-02-01,2021,2,4,20,5,Y,C,N,B,-,C,A,01,,08,A,,,,,I,Y,N,D,1,0,0,0,22107.0,1,37.7094612121582,-121.42388153076172,4
2019,2019-02-01,1733,2,4,17,5,Y,C,N,B,H,C,A,01,,09,D,,,,,C,N,N,A,1,0,0,0,21802.0,2,37.729759216308594,-121.41831970214844,4
2019,2019-02-02,1656,2,4,16,6,Y,A,N,A,H,B,A,01,,03,C,,,,,C,N,N,A,1,0,0,0,22350.0,2,37.75416946411133,-121.43514251708984,4
2019,2019-02-05,958,2,4,9,2,Y,B,N,B,H,A,D,22,,12,D,,,,,C,Y,N,A,1,0,0,0,21453.0,2,37.75402069091797,-121.45655059814452,4
2019,2019-02-01,1124,2,4,11,5,N,B,N,A,H,A,A,01,E,03,C,,,,,C,Y,N,A,1,0,0,0,22350.0,3,37.73960876464844,-121.44562530517578,4
2019,2019-01-20,1846,1,4,18,7,N,C,N,B,H,C,A,01,E,01,A,,,,,C,Y,N,B,1,0,0,0,23152.0,2,37.82234191894531,-121.28927612304688,3
2019,2019-02-08,1028,2,4,10,5,N,A,N,A,H,A,L,04,W,08,D,,Y,Y,,G,N,N,D,2,0,1,1,22107.0,2,37.748756408691406,-121.43173217773438,4
2019,2019-02-10,1620,2,4,16,7,Y,A,N,A,H,A,A,01,,03,C,,,,,C,Y,N,A,2,0,0,0,22350.0,2,37.74782180786133,-121.42581176757812,4
2019,2019-01-31,1252,1,4,12,4,N,B,N,A,H,A,A,01,W,04,C,,,,,C,Y,N,D,1,0,0,0,21703.0,2,37.72203063964844,-121.52511596679688,4
2018,2018-12-17,1953,12,4,19,1,N,B,N,A,H,C,A,01,E,03,G,Y,,,,B,N,N,B,1,1,0,0,22350.0,2,37.82453918457031,-121.24473571777344,3
2019,2019-01-23,851,1,4,8,3,Y,A,N,A,H,A,-,- ,,12,D,,,,,C,N,N,A,3,0,0,0,21453.0,2,37.797489166259766,-121.19815826416016,4
2019,2019-01-22,1300,1,4,13,2,Y,A,N,A,H,A,A,01,,09,D,,,,,C,N,N,D,1,0,0,0,21801.0,2,37.7964096069336,-121.21647644042967,4
2019,2019-01-21,1950,1,4,19,1,Y,A,N,A,H,C,A,01,,12,C,,,,,C,N,N,A,1,0,0,0,22450.0,2,37.804649353027344,-121.21675872802734,4
2019,2019-01-21,806,1,4,8,1,N,A,N,A,H,A,A,01,W,- ,C,,,,,E,N,F,D,1,0,0,0,,2,37.80123519897461,-121.232666015625,4
2019,2019-01-19,1505,1,4,15,6,N,B,N,A,H,A,A,01,W,01,C,,,,,C,N,N,A,2,0,0,0,23153.0,2,37.81193923950195,-121.21760559082033,4
2019,2019-01-18,733,1,4,7,5,Y,A,N,A,H,A,A,01,,08,D,,,,,C,Y,N,A,2,0,0,0,22107.0,2,37.78580093383789,-121.2341766357422,4
2019,2019-01-16,1524,1,4,15,3,N,B,N,B,H,A,A,01,E,01,C,,,,,D,N,N,A,1,0,0,0,23152.0,2,37.79743576049805,-121.20911407470705,4
2019,2019-01-16,1347,1,4,13,3,N,B,N,A,H,A,A,01,N,03,C,,,,,C,N,N,D,1,0,0,0,22350.0,2,37.795654296875,-121.21643829345705,4
2019,2019-01-15,857,1,4,8,2,N,B,N,B,H,A,A,01,W,03,E,,,,,I,Y,N,A,1,0,0,0,22350.0,1,37.81203079223633,-121.19020080566406,4
2019,2019-01-12,652,1,4,6,6,Y,A,N,A,H,A,A,01,,08,D,,,,,C,Y,N,A,1,0,0,0,22107.0,2,37.82659149169922,-121.22071838378906,4
2019,2019-01-10,1339,1,4,13,4,Y,B,N,A,H,A,A,07,,12,D,,,,Y,C,Y,N,A,2,0,0,0,21453.0,2,37.82662963867188,-121.21890258789062,4
2019,2019-01-15,1552,1,4,15,2,N,C,Y,B,H,A,A,01,S,03,C,,,,,C,N,N,D,1,0,0,0,22350.0,2,37.78320693969727,-121.21142578125,4
2019,2019-01-17,1233,1,4,12,4,N,B,N,A,H,A,D,22,E,03,C,,,,,C,N,N,D,1,0,0,0,22350.0,2,37.81904983520508,-121.22347259521484,4
2019,2019-01-05,628,1,4,6,6,N,B,N,A,H,C,N,60,S,11,G,Y,,,,B,N,N,D,1,1,0,0,21954.0,2,37.8156623840332,-121.21718597412108,4
2019,2019-02-21,1428,2,4,14,4,Y,A,N,A,H,A,A,01,,12,D,,,,,C,N,N,A,1,0,0,0,21453.0,2,37.95484924316406,-121.2519073486328,3
2019,2019-02-23,1322,2,4,13,6,Y,A,N,A,H,A,F,55,,09,D,,,,Y,C,N,N,A,3,0,0,0,21802.0,2,37.947578430175774,-121.28975677490234,4