ACCIDENT_YEAR,COLLISION_DATE,COLLISION_TIME,MONTH,SEASON,24HOURS,DAY_OF_WEEK,INTERSECTION,WEATHER_1,STATE_HWY_IND,ROAD_SURFACE,ROAD_COND_1,LIGHTING,STWD_VEHTYPE_AT_FAULT,CHP_VEHTYPE_AT_FAULT,DIRECTION,PCF_VIOL_CATEGORY,TYPE_OF_COLLISION,PEDESTRIAN_ACCIDENT,BICYCLE_ACCIDENT,MOTORCYCLE_ACCIDENT,TRUCK_ACCIDENT,MVIW,TOW_AWAY,HIT_AND_RUN,CONTROL_DEVICE,NUMBER_INJURED,COUNT_PED_INJURED,COUNT_BICYCLIST_INJURED,COUNT_MC_INJURED,PCF_VIOLATION,PARTY_COUNT,POINT_Y,POINT_X,COLLISION_SEVERITY
2019,2019-04-21,858,4,1,8,7,Y,A,N,A,H,A,A,01,,03,C,,,,,C,N,N,A,1,0,0,0,22350.0,3,37.9407615661621,-121.28111267089844,4
2019,2019-04-05,1435,4,1,14,5,Y,B,N,A,H,A,N,60,,11,G,Y,,,,B,N,N,A,1,1,0,0,21955.0,2,38.02099990844727,-121.33611297607422,4
2019,2019-04-21,138,4,1,1,7,-,A,N,A,H,C,A,01,,03,C,,,,,E,N,N,D,1,0,0,0,22350.0,2,37.985648,-121.330902,3
2019,2019-04-03,1500,4,1,15,3,N,A,N,A,H,A,A,01,E,03,C,,,,,C,N,M,A,1,0,0,0,22350.0,3,38.021270751953125,-121.35587310791016,4
2019,2019-04-21,33,4,1,0,7,Y,A,N,A,H,C,A,01,,01,E,,,,,I,Y,N,A,1,0,0,0,23152.0,1,37.911468505859375,-121.30452728271484,3
2019,2019-04-03,2207,4,1,22,3,N,A,N,A,H,D,A,01,S,03,E,,,,,I,Y,N,D,1,0,0,0,22350.0,2,38.019485473632805,-121.31527709960938,2
2019,2019-04-20,1618,4,1,16,6,Y,A,N,A,H,A,A,08,,08,D,,,,,C,N,N,A,1,0,0,0,22100.0,2,37.987979888916016,-121.32591247558594,3
2019,2019-04-16,942,4,1,9,2,Y,A,N,A,H,A,A,01,,08,D,,,Y,,C,N,N,D,1,0,0,1,22100.0,2,37.958320617675774,-121.31175231933594,4
2019,2019-04-18,1906,4,1,19,4,Y,A,N,A,H,A,A,01,,01,D,,,,,C,N,N,A,1,0,0,0,23152.0,2,37.96445083618164,-121.2875518798828,4
2019,2019-04-15,1644,4,1,16,1,N,C,N,B,H,A,A,01,S,03,C,,,,,C,Y,N,A,1,0,0,0,22350.0,3,37.93887710571289,-121.2860107421875,3
2019,2019-04-17,1134,4,1,11,3,N,A,N,A,H,A,A,01,E,09,D,,,,,C,N,N,A,2,0,0,0,21802.0,2,38.011112213134766,-121.32048034667967,4
2019,2019-04-15,853,4,1,8,1,Y,B,N,A,H,A,A,01,,09,D,,,,,C,Y,N,D,1,0,0,0,21800.0,2,37.90436935424805,-121.30510711669922,4
2019,2019-04-14,1223,4,1,12,7,Y,A,N,A,H,A,A,07,,09,A,,,,,C,N,N,D,2,0,0,0,21801.0,2,37.96445083618164,-121.31163787841795,4
2019,2019-04-14,607,4,1,6,7,N,A,N,A,H,B,A,01,E,03,E,,,,,I,Y,N,A,1,0,0,0,22350.0,1,37.97844696044922,-121.30552673339844,4
2019,2019-04-08,1412,4,1,14,1,N,A,N,A,H,A,L,04,N,05,H,,Y,,,G,N,N,A,1,0,1,0,21650.0,2,37.99526596069336,-121.34014129638672,3
2019,2019-04-13,1333,4,1,13,6,Y,A,N,A,H,A,A,01,,08,D,,,,,C,N,N,D,1,0,0,0,22107.0,2,37.96065139770508,-121.2919692993164,4
2019,2019-04-06,1123,4,1,11,6,Y,A,N,A,H,A,A,01,,10,G,Y,,,,B,N,N,A,1,1,0,0,21950.0,2,37.95930099487305,-121.31201171875,3
2019,2019-04-13,834,4,1,8,6,Y,A,N,A,H,A,A,01,,09,D,,,,,C,N,N,A,2,0,0,0,21802.0,2,37.967071533203125,-121.2760009765625,4
2019,2019-04-12,1857,4,1,18,5,Y,A,N,A,H,A,A,01,,03,C,,,,,C,Y,N,D,4,0,0,0,22350.0,2,37.898399,-121.253327,4
2019,2019-04-12,1700,4,1,17,5,N,A,Y,A,H,A,A,01,E,03,C,,,,,C,Y,F,A,1,0,0,0,22350.0,2,38.06044006347656,-121.37366485595705,3
2019,2019-04-12,1151,4,1,11,5,Y,A,N,A,H,A,A,01,,09,D,,,,,C,N,N,A,1,0,0,0,21801.0,2,37.95484924316406,-121.2519073486328,4
2019,2019-04-12,934,4,1,9,5,Y,A,N,A,H,A,A,07,,08,D,,,,,C,Y,N,A,3,0,0,0,22102.0,3,37.917030334472656,-121.24859619140624,4
2019,2019-04-12,711,4,1,7,5,N,A,N,A,H,A,A,01,W,03,C,,,,,C,Y,N,A,2,0,0,0,22350.0,3,37.98486709594727,-121.34037017822266,4
2019,2019-04-09,1953,4,1,19,2,Y,A,N,A,H,C,A,01,,09,A,,,,,C,Y,N,A,1,0,0,0,21801.0,4,37.95439147949219,-121.27393341064452,3
2019,2019-04-08,1730,4,1,17,1,Y,A,N,A,H,A,L,04,,05,H,,Y,,,G,N,N,A,1,0,1,0,21650.0,2,37.96931076049805,-121.28885650634766,4
2019,2019-04-07,1845,4,1,18,7,Y,A,N,A,H,B,A,01,,01,D,,,,,C,Y,N,A,2,0,0,0,23152.0,3,38.02103042602539,-121.31941986083984,2
2019,2019-04-17,1622,4,1,16,3,N,A,N,A,H,A,A,07,E,21,B,,,,,C,N,N,A,2,0,0,0,22106.0,4,37.95125198364258,-121.28633880615234,4
2019,2019-04-12,1310,4,1,13,5,N,A,N,A,H,A,A,01,E,09,D,,,,,C,N,N,A,2,0,0,0,21453.0,2,38.021270751953125,-121.26769256591795,4
2019,2019-04-10,1740,4,1,17,3,Y,A,N,A,H,A,A,01,,03,C,,,,,C,Y,N,A,2,0,0,0,22350.0,2,37.94210052490234,-121.26783752441406,4
2019,2019-04-10,601,4,1,6,3,N,A,N,A,H,B,N,60,W,11,G,Y,,,,B,N,N,D,1,1,0,0,21955.0,2,37.93743515014648,-121.29464721679688,3
2019,2019-04-18,1524,4,1,15,4,N,A,N,A,H,A,J,48,N,03,C,,,,,C,N,N,D,1,0,0,0,22350.0,2,37.94976425170898,-121.29034423828124,4
2019,2019-05-16,738,5,1,7,4,Y,B,N,B,H,A,A,01,,12,D,,,,,C,Y,N,A,1,0,0,0,22450.0,2,37.961101531982415,-121.28938293457033,4
2019,2019-05-15,1612,5,1,16,3,N,A,N,A,H,A,J,48,E,09,B,,,,,C,Y,N,-,1,0,0,0,21801.0,2,37.79911804199219,-121.22843933105467,4
2019,2019-04-08,1533,4,1,15,1,Y,A,N,A,H,A,D,22,,09,D,,,,,C,N,N,D,1,0,0,0,21802.0,2,38.131591796875,-121.2695770263672,4
2019,2019-06-03,1141,6,2,11,1,N,A,N,A,H,A,-,,N,09,D,,,,,C,Y,N,D,1,0,0,0,21804.0,2,37.72269821166992,-121.53156280517578,4
2019,2019-06-03,2032,6,2,20,1,N,A,N,A,H,B,-,- ,N,00,C,,,,,C,Y,N,A,1,0,0,0,,2,37.75704956054688,-121.45331573486328,4
2019,2019-05-30,852,5,1,8,4,N,A,N,A,D,A,A,01,S,03,C,,,,,C,N,N,D,2,0,0,0,22350.0,2,37.73281097412109,-121.43485260009766,4
2019,2019-04-23,42,4,1,0,2,Y,A,N,A,H,C,A,01,,01,B,,,,,E,Y,N,D,1,0,0,0,23152.0,3,38.003231048583984,-121.32350158691406,3
2019,2019-04-24,1330,4,1,13,3,Y,A,N,A,H,A,L,04,,05,D,,Y,,,G,N,N,A,1,0,1,0,21650.0,2,37.92662811279297,-121.29737854003906,3
2019,2019-05-09,515,5,1,5,4,N,A,N,A,H,C,N,60,S,11,G,Y,,,,B,N,N,D,1,1,0,0,21954.0,2,37.97756576538086,-121.30487823486328,2
2019,2019-03-30,1542,3,1,15,6,N,A,N,A,H,A,A,01,S,09,D,,,,,C,N,M,D,1,0,0,0,21804.0,2,38.12969970703125,-121.27671051025392,4
2019,2019-03-29,1431,3,1,14,5,N,A,N,A,H,A,A,01,S,03,C,,,,,C,Y,N,D,2,0,0,0,22350.0,3,38.10292053222656,-121.27888488769533,4
2019,2019-03-08,1840,3,1,18,5,N,A,N,A,H,C,-,- ,N,00,G,Y,,,,B,N,N,D,1,1,0,0,,2,38.1131706237793,-121.28560638427734,4
2019,2019-02-28,1941,2,4,19,4,N,A,N,A,H,C,A,01,E,01,E,,,,,I,N,N,D,1,0,0,0,23152.0,1,38.13080596923828,-121.25238037109376,3
2019,2019-02-28,1406,2,4,14,4,N,A,N,A,H,A,-,- ,S,18,B,,,,,E,N,N,D,1,0,0,0,,3,38.12179183959961,-121.2858428955078,4
2019,2019-05-10,1238,5,1,12,5,N,A,N,A,H,A,A,01,E,09,D,,,,,C,Y,N,D,3,0,0,0,21801.0,2,38.1453514099121,-121.29506683349608,4
2019,2019-05-12,1234,5,1,12,7,N,A,N,A,H,A,A,01,E,01,D,,,,,C,Y,N,D,1,0,0,0,23152.0,2,38.14569854736328,-121.27373504638672,4
2019,2019-05-13,1445,5,1,14,1,Y,A,N,A,H,A,A,01,,12,D,,,,,C,Y,N,D,2,0,0,0,22450.0,2,38.10789108276367,-121.28138732910156,4
2019,2019-05-31,1400,5,1,14,5,N,A,N,A,H,A,A,01,E,03,E,,,,,I,Y,N,D,1,0,0,0,22350.0,1,37.765472412109375,-121.46208953857422,3
2019,2019-06-05,56,6,2,0,3,N,A,N,A,H,C,A,01,E,03,A,,,,,E,Y,N,A,1,0,0,0,22350.0,2,,,3
2019,2019-04-14,938,4,1,9,7,Y,A,N,A,H,A,A,01,,09,D,,,Y,,C,N,N,A,2,0,0,1,21801.0,2,38.14569091796875,-121.27638244628906,2
2019,2019-06-06,1732,6,2,17,4,N,A,N,A,H,A,A,01,E,03,C,,,,,C,N,N,D,1,0,0,0,22350.0,2,37.739219665527344,-121.4558334350586,3
2019,2019-05-28,1158,5,1,11,2,N,A,N,A,H,A,N,60,S,11,G,Y,,,,B,N,N,D,1,1,0,0,21954.0,2,37.79059982299805,-121.31180572509766,4
2019,2019-05-28,1732,5,1,17,2,Y,A,N,A,H,A,A,01,,12,D,,,,,C,N,N,A,1,0,0,0,21453.0,2,37.811798095703125,-121.29383850097656,4
2019,2019-04-30,813,4,1,8,2,N,A,Y,A,H,A,A,01,N,12,G,Y,,,,B,N,N,A,1,1,0,0,21457.0,2,37.79733276367188,-120.9968490600586,3
2019,2019-05-07,1112,5,1,11,2,Y,A,Y,A,H,A,A,01,,12,D,,,,,C,Y,N,A,3,0,0,0,21453.0,2,38.11537551879882,-121.28289031982422,4
2019,2019-05-07,1905,5,1,19,2,Y,A,Y,A,H,A,A,01,,12,D,,,,,C,Y,N,A,1,0,0,0,21453.0,2,38.115501403808594,-121.28289031982422,4
2018,2018-12-29,1914,12,4,19,6,Y,A,Y,A,H,C,A,01,,08,H,,,,,F,N,F,A,1,0,0,0,22107.0,2,37.798503875732415,-120.99969482421876,4
2019,2019-03-27,2238,3,1,22,3,N,A,Y,A,H,C,A,01,S,09,D,,,,,C,Y,N,D,1,0,0,0,21802.0,2,38.135417938232415,-121.25737762451172,4
2019,2019-05-28,1235,5,1,12,2,-,A,N,A,H,A,A,07,,05,E,,,,,I,Y,N,D,1,0,0,0,21650.0,1,,,4
2019,2019-06-05,1435,6,2,14,3,N,A,N,A,H,A,A,01,W,09,D,,,,,C,Y,N,D,1,0,0,0,21804.0,2,37.75413131713867,-121.4679718017578,4
2019,2019-06-16,1443,6,2,14,7,N,A,N,A,H,A,A,01,E,08,F,,,,,I,Y,N,A,1,0,0,0,22107.0,1,37.67232131958008,-121.4571533203125,3
2019,2019-06-04,746,6,2,7,2,N,A,N,A,H,A,L,04,W,09,D,,Y,,,G,N,N,D,1,0,1,0,21804.0,2,37.73368835449219,-121.44722747802734,3
2019,2019-06-10,229,6,2,2,1,N,A,N,A,H,C,A,01,E,04,C,,,,,C,N,N,A,1,0,0,0,21703.0,2,37.71063995361328,-121.41638946533205,3
2019,2019-06-10,610,6,2,6,1,N,A,N,A,H,A,A,01,N,03,A,,,,,C,N,N,A,2,0,0,0,22350.0,3,37.72426986694336,-121.47669982910156,4
2019,2019-06-06,935,6,2,9,4,N,A,N,A,H,A,D,22,E,05,A,,,,,C,Y,N,D,2,0,0,0,21651.0,2,37.71058654785156,-121.43149566650392,4
2019,2019-05-23,355,5,1,3,4,Y,A,N,A,H,C,A,01,,08,C,,,Y,,C,Y,N,D,1,0,0,1,22107.0,2,37.72898,-121.53138,4
2019,2019-05-26,1345,5,1,13,7,N,B,N,A,H,A,I,11,E,09,D,,,,,C,N,N,A,1,0,0,0,21802.0,2,37.79302978515625,-121.21630096435548,4
2019,2019-05-14,1116,5,1,11,2,Y,A,N,A,H,A,D,22,,03,D,,,,,C,N,N,D,1,0,0,0,22350.0,2,37.784961700439446,-121.24166107177734,4
2019,2019-05-05,1840,5,1,18,7,Y,B,N,B,H,A,A,01,,09,D,,,,,C,Y,N,D,1,0,0,0,21803.0,2,37.837650299072266,-121.23638153076172,3
2019,2019-05-10,1736,5,1,17,5,N,A,N,A,H,A,A,07,E,09,D,,,,,C,Y,N,D,2,0,0,0,21801.0,2,37.81904983520508,-121.22354125976562,3
2019,2019-05-03,1741,5,1,17,5,N,A,N,A,H,A,D,22,S,04,C,,,,,C,N,F,D,1,0,0,0,21703.0,3,37.79644393920898,-121.25221252441406,4
2019,2019-06-18,1210,6,2,12,2,Y,A,N,A,H,A,A,01,,12,A,,,,,C,N,N,A,1,0,0,0,21453.0,3,37.7470817565918,-121.45323181152344,3
2019,2019-05-24,1600,5,1,16,5,Y,B,N,A,H,A,A,01,,09,D,,,,,C,Y,N,D,1,0,0,0,21801.0,2,37.81193923950195,-121.217041015625,4
2019,2019-05-22,1500,5,1,15,3,Y,A,N,A,H,A,A,01,,09,D,,,,,D,N,N,D,2,0,0,0,21802.0,2,37.81193923950195,-121.23851013183594,4
2019,2019-05-21,754,5,1,7,2,Y,B,N,A,H,A,A,01,,12,D,,,,,D,N,N,D,1,0,0,0,21453.0,2,37.797409057617195,-121.2349090576172,4
2019,2019-05-23,1534,5,1,15,4,N,A,N,A,H,A,A,01,W,09,D,,,,,C,Y,N,D,2,0,0,0,21804.0,3,37.79739761352539,-121.23592376708984,4
2019,2019-05-16,1303,5,1,13,4,N,B,N,B,H,A,A,01,W,09,D,,,,,C,Y,N,D,1,0,0,0,21804.0,2,37.82643508911133,-121.23770141601562,3
2019,2019-05-09,1223,5,1,12,4,Y,A,N,A,H,A,A,01,,12,D,,,,,C,N,N,A,1,0,0,0,21457.0,2,37.797489166259766,-121.19815826416016,3
2019,2019-05-04,1940,5,1,19,6,N,A,N,A,H,A,A,07,N,03,C,,,,,C,Y,N,A,2,0,0,0,22350.0,2,37.797489166259766,-121.19815826416016,3
2019,2019-06-02,1555,6,2,15,7,N,A,N,A,H,A,C,02,W,08,B,,,Y,,C,Y,N,D,1,0,0,1,22107.0,2,37.82638931274414,-121.27901458740234,2
2019,2019-05-14,2055,5,1,20,2,Y,A,N,A,H,C,N,60,,11,G,Y,,,,B,N,N,D,1,1,0,0,21950.0,2,37.821731567382805,-121.23960876464844,4
2019,2019-05-14,1645,5,1,16,2,N,A,N,A,H,A,-,- ,E,00,B,,,,,C,N,N,A,1,0,0,0,,2,37.79747009277344,-121.1935577392578,4
2019,2019-05-12,1413,5,1,14,7,N,A,N,A,H,A,A,01,N,03,C,,,,,C,N,N,A,1,0,0,0,22350.0,3,37.80496597290039,-121.23511505126952,4
2019,2019-05-11,1332,5,1,13,6,N,A,N,A,H,A,A,01,W,09,D,,,,,C,N,N,D,3,0,0,0,21804.0,2,37.7974739074707,-121.19541168212892,4
2019,2019-05-09,1900,5,1,19,4,Y,A,N,A,H,A,A,01,,09,B,,,,,C,Y,N,D,1,0,0,0,21804.0,3,37.794429779052734,-121.23474884033205,4
2019,2019-05-02,2131,5,1,21,4,Y,A,N,A,H,C,A,01,,03,D,,,,,C,Y,N,D,2,0,0,0,22350.0,2,37.77563095092773,-121.2431182861328,4
2019,2019-05-02,1015,5,1,10,4,Y,A,N,A,H,A,A,01,,12,D,,,,,C,N,N,A,1,0,0,0,21453.0,2,37.797489166259766,-121.19815826416016,4
2019,2019-05-03,1412,5,1,14,5,N,A,N,A,H,A,A,01,N,09,B,,,,,C,N,N,D,2,0,0,0,21800.0,2,37.8377799987793,-121.23638153076172,4
2019,2019-05-26,1426,5,1,14,7,Y,A,N,A,H,A,A,01,,03,D,,,,,C,Y,F,A,1,0,0,0,22350.0,2,37.78971862792969,-121.2344207763672,4
2019,2019-05-24,2207,5,1,22,5,Y,B,N,B,H,C,A,01,,09,D,,,,,C,Y,N,A,1,0,0,0,21453.0,2,37.81198120117188,-121.19879150390624,3
2019,2019-05-29,2210,5,1,22,3,Y,A,N,A,H,C,A,01,,03,C,,,,,C,Y,N,D,1,0,0,0,22350.0,2,37.77569961547852,-121.21572875976562,4
2019,2019-06-13,1607,6,2,16,4,N,A,N,A,H,A,A,01,W,03,C,,,,,C,Y,N,A,3,0,0,0,22350.0,5,37.754219055175774,-121.45389556884766,4
2019,2019-06-17,746,6,2,7,1,Y,A,N,A,H,B,D,22,,03,C,,,,,C,N,N,A,1,0,0,0,22350.0,2,37.7252082824707,-121.43644714355467,4
2019,2019-06-09,331,6,2,3,7,Y,A,N,A,H,C,A,01,,00,E,,,,,I,Y,N,D,1,0,0,0,21352.0,1,37.798753,-121.314195,2
2019,2019-06-07,838,6,2,8,5,N,A,N,A,H,A,A,01,E,12,D,,,,,C,Y,N,A,1,0,0,0,21453.0,2,37.739421844482415,-121.45062255859376,4
2019,2019-04-12,1048,4,1,10,5,Y,A,N,A,H,A,D,22,,03,A,,,,,C,Y,N,-,1,0,0,0,22350.0,2,,,4
2019,2019-06-07,1146,6,2,11,5,N,A,Y,A,H,A,A,01,W,01,B,,,,,C,Y,N,A,1,0,0,0,23152.0,2,38.115547180175774,-121.29369354248048,4
2019,2019-04-03,1307,4,1,13,3,N,A,N,A,H,A,D,22,E,03,C,,,,,C,N,N,A,1,0,0,0,22350.0,2,38.11628341674805,-121.25851440429688,4
2019,2019-04-13,1719,4,1,17,6,Y,A,N,A,H,A,D,22,,03,C,,,,,C,N,F,A,1,0,0,0,22350.0,2,38.10158157348633,-121.26180267333984,4
2019,2019-06-10,1455,6,2,14,1,N,A,N,A,H,A,J,48,E,03,C,,,,,C,N,N,A,1,0,0,0,22350.0,2,37.93708038330078,-121.29679107666016,4
2019,2019-06-01,1058,6,2,10,6,N,A,N,A,D,A,A,01,S,03,C,,,,,E,Y,N,D,2,0,0,0,22350.0,3,37.92778778076172,-121.31828308105467,3
2019,2019-06-12,1638,6,2,16,3,Y,A,N,A,H,A,D,22,,09,D,,,,,C,N,N,A,1,0,0,0,21801.0,2,37.98590087890625,-121.30171966552734,4
2019,2019-06-11,1302,6,2,13,2,Y,A,N,A,H,A,A,01,,09,D,,,,,C,Y,N,A,4,0,0,0,21802.0,4,37.95983123779297,-121.27265167236328,4
2019,2019-06-11,1842,6,2,18,2,N,A,Y,A,H,A,A,01,W,03,C,,,,,C,N,N,A,1,0,0,0,22350.0,2,38.0555534362793,-121.3720932006836,4
2019,2019-06-09,1311,6,2,13,7,N,A,N,A,H,A,A,01,S,03,C,,,,,C,Y,N,A,2,0,0,0,22350.0,3,38.015419006347656,-121.3223876953125,3
2019,2019-06-15,1910,6,2,19,6,Y,A,N,A,H,A,D,22,,12,D,,,,,C,Y,N,A,3,0,0,0,21453.0,2,37.8046989440918,-121.21018981933594,3
2019,2019-05-26,741,5,1,7,7,Y,B,N,A,H,A,A,01,,12,D,,,,,C,Y,N,A,2,0,0,0,21453.0,2,38.02104949951172,-121.28990173339844,3
2019,2019-05-18,2140,5,1,21,6,Y,C,N,B,H,C,A,01,,12,D,,,,,C,N,F,A,1,0,0,0,22450.0,2,38.000930786132805,-121.32644653320312,4
2019,2019-05-24,1906,5,1,19,5,N,A,N,A,H,A,A,01,S,03,C,,,,,E,Y,N,D,1,0,0,0,22350.0,2,37.96446228027344,-121.29299926757812,4
2019,2019-05-21,1144,5,1,11,2,N,B,N,B,H,A,A,01,N,03,C,,,,,C,N,F,D,2,0,0,0,22350.0,3,37.9840087890625,-121.31976318359376,4
2019,2019-05-02,1116,5,1,11,4,N,A,N,A,H,A,A,07,E,10,G,Y,,,,B,N,N,A,1,1,0,0,21950.0,2,37.98945999145508,-121.35391235351562,3
2019,2019-05-16,1532,5,1,15,4,Y,B,Y,B,H,A,A,01,,12,D,,,,,C,Y,N,A,2,0,0,0,21453.0,2,37.924514770507805,-121.29386138916016,4
2019,2019-05-26,255,5,1,2,7,N,G,N,B,H,C,A,01,S,01,H,,,,,A,Y,N,D,2,0,0,0,23152.0,1,37.90060043334961,-121.28578948974608,3
2019,2019-05-21,1819,5,1,18,2,Y,A,N,A,H,A,A,01,,09,D,,,,,C,N,N,A,1,0,0,0,21802.0,2,37.97444152832031,-121.31712341308594,4
2019,2019-05-07,1800,5,1,18,2,N,A,N,A,H,A,A,01,E,03,E,,,,,I,Y,F,D,1,0,0,0,22350.0,1,37.96315002441406,-121.24307250976562,4
2019,2019-05-19,2200,5,1,22,7,N,A,N,A,H,C,N,60,N,11,G,Y,,,,B,N,F,D,1,1,0,0,21954.0,2,37.940616607666016,-121.27696228027344,4
2019,2019-05-25,1049,5,1,10,6,N,A,N,A,H,A,A,07,S,03,C,,,,,C,N,F,A,1,0,0,0,22350.0,2,38.01063537597656,-121.29420471191406,4
2019,2019-05-21,551,5,1,5,2,Y,A,N,A,H,A,A,01,,12,D,,,,,D,Y,N,A,1,0,0,0,21453.0,2,38.021270751953125,-121.27173614501952,4
2019,2019-05-26,2108,5,1,21,7,Y,A,N,A,H,C,A,01,,09,A,,,,,C,Y,N,A,1,0,0,0,21453.0,2,37.980018615722656,-121.29930877685548,4
2019,2019-05-20,1108,5,1,11,1,N,A,N,A,H,A,A,07,W,03,C,,,,,C,Y,N,A,2,0,0,0,22350.0,3,38.00208282470703,-121.29109954833984,4
2019,2019-05-25,1217,5,1,12,6,N,A,N,A,H,A,A,08,E,03,C,,,,,C,Y,N,D,1,0,0,0,22350.0,2,37.86838912963867,-121.24352264404295,4
2019,2019-05-20,1624,5,1,16,1,N,A,N,A,H,A,A,08,S,09,D,,,,,C,Y,N,D,6,0,0,0,21804.0,2,38.03529739379882,-121.33885192871094,4
2019,2019-05-28,720,5,1,7,2,N,A,N,A,H,A,L,04,N,12,D,,Y,,,G,N,N,A,1,0,1,0,21453.0,2,37.95074462890625,-121.2892608642578,4
2019,2019-05-27,2156,5,1,21,1,Y,A,N,A,H,C,A,01,,09,H,,Y,,,G,N,F,A,1,0,1,0,21453.0,2,38.02104949951172,-121.29499816894533,4
2019,2019-05-25,237,5,1,2,6,Y,A,N,A,H,C,A,01,,01,D,,,,,C,Y,N,A,1,0,0,0,23152.0,2,37.901958465576165,-121.25469970703124,4
2019,2019-05-23,2335,5,1,23,4,Y,A,N,A,H,C,A,01,,12,D,,,,,C,Y,N,A,1,0,0,0,21453.0,2,37.99769973754882,-121.31011962890624,4
2019,2019-05-22,1558,5,1,15,3,N,A,N,A,H,A,A,01,N,03,D,,,,,C,N,N,D,1,0,0,0,22350.0,2,37.97480010986328,-121.3172607421875,3
2019,2019-05-23,1300,5,1,13,4,Y,A,N,A,H,A,-,- ,,12,A,,,,,C,Y,N,A,3,0,0,0,21453.0,2,37.911148071289055,-121.2757568359375,4
2019,2019-05-17,2218,5,1,22,5,Y,B,N,A,H,C,A,01,,05,H,,Y,,,G,N,F,A,1,0,1,0,21650.0,2,37.98908996582031,-121.32196807861328,4
2019,2019-05-23,917,5,1,9,4,Y,A,N,A,H,A,A,01,,03,D,,,,,C,Y,N,A,1,0,0,0,22350.0,2,37.99663925170898,-121.3147201538086,4
2019,2019-05-15,2057,5,1,20,3,Y,C,N,B,H,C,A,01,,01,D,,,,,C,Y,N,A,5,0,0,0,23152.0,2,38.0212516784668,-121.26412200927734,2
2019,2019-05-23,1732,5,1,17,4,Y,A,N,A,H,A,A,07,,12,D,,,,,C,N,F,A,1,0,0,0,21453.0,2,37.9583396911621,-121.27497863769533,4
2019,2019-05-20,2058,5,1,20,1,Y,B,N,A,H,B,A,01,,03,C,,,,,C,N,N,A,2,0,0,0,22350.0,2,38.002140045166016,-121.29084777832033,3
2019,2019-05-31,1922,5,1,19,5,Y,A,N,A,H,A,A,01,,12,D,,,Y,,C,Y,N,A,1,0,0,1,21453.0,2,37.96279144287109,-121.2734375,3
2019,2019-05-21,1326,5,1,13,2,N,A,N,A,H,A,A,01,S,09,D,,,,,C,Y,N,D,1,0,0,0,21801.0,2,38.03042221069336,-121.36231231689452,4
2019,2019-05-31,2207,5,1,22,5,Y,A,N,A,H,C,A,07,,01,D,,,,,C,Y,N,A,2,0,0,0,23152.0,2,38.05493927001953,-121.35157012939452,4
2019,2019-05-19,424,5,1,4,7,N,C,N,B,H,C,A,01,E,03,E,,,,,I,Y,N,A,1,0,0,0,22350.0,1,37.938091278076165,-121.29010009765624,4
2019,2019-05-31,1630,5,1,16,5,Y,A,N,A,H,A,A,01,,09,D,,,,,C,Y,N,A,1,0,0,0,21801.0,2,37.95423889160156,-121.28748321533205,4
2019,2019-05-17,2300,5,1,23,5,Y,C,N,B,H,C,A,01,,01,C,,,,,C,Y,N,A,2,0,0,0,23152.0,4,37.98661804199219,-121.32080841064452,2
2019,2019-05-29,1322,5,1,13,3,N,A,N,A,H,A,-,- ,E,00,H,,Y,,,G,N,N,D,1,0,1,0,,2,37.96123504638672,-121.28248596191406,3
2019,2019-05-16,1410,5,1,14,4,Y,C,N,B,H,A,A,07,,09,D,,,,,C,N,F,A,3,0,0,0,21802.0,2,37.992950439453125,-121.30056762695312,4
2019,2019-05-20,2128,5,1,21,1,N,A,N,A,H,C,A,01,W,03,C,,,,,C,Y,F,D,1,0,0,0,22350.0,2,38.020992279052734,-121.30982208251952,4
2019,2019-05-28,2230,5,1,22,2,N,A,Y,A,H,C,A,01,N,03,G,Y,,,,B,N,F,D,1,1,0,0,22350.0,2,37.94832229614258,-121.3013916015625,3
2019,2019-06-23,1400,6,2,14,7,Y,A,N,A,H,A,L,04,,05,D,,Y,,,G,N,N,A,1,0,1,0,21202.0,2,37.73944091796875,-121.44815063476562,3
2019,2019-06-25,2232,6,2,22,2,N,A,N,A,H,C,A,01,W,03,C,,,,,E,Y,N,D,1,0,0,0,22350.0,2,37.70246505737305,-121.42728424072266,3
2019,2019-06-24,1639,6,2,16,1,Y,A,N,A,H,A,A,08,,09,D,,,,,C,N,N,A,1,0,0,0,21802.0,2,37.73851013183594,-121.43347930908205,4