ACCIDENT_YEAR,COLLISION_DATE,COLLISION_TIME,MONTH,SEASON,24HOURS,DAY_OF_WEEK,INTERSECTION,WEATHER_1,STATE_HWY_IND,ROAD_SURFACE,ROAD_COND_1,LIGHTING,STWD_VEHTYPE_AT_FAULT,CHP_VEHTYPE_AT_FAULT,DIRECTION,PCF_VIOL_CATEGORY,TYPE_OF_COLLISION,PEDESTRIAN_ACCIDENT,BICYCLE_ACCIDENT,MOTORCYCLE_ACCIDENT,TRUCK_ACCIDENT,MVIW,TOW_AWAY,HIT_AND_RUN,CONTROL_DEVICE,NUMBER_INJURED,COUNT_PED_INJURED,COUNT_BICYCLIST_INJURED,COUNT_MC_INJURED,PCF_VIOLATION,PARTY_COUNT,POINT_Y,POINT_X,COLLISION_SEVERITY
2015,2015-07-05,17,7,2,0,7,N,A,Y,A,H,C,A,01,S,08,E,,,,,I,Y,N,D,3,0,0,0,22107.0,1,38.17304298,-121.26236923,4
2015,2015-07-17,1120,7,2,11,5,N,A,Y,A,H,A,A,07,N,03,C,,,,,C,N,N,D,1,0,0,0,22350.0,2,37.90678156,-121.28712472,4
2015,2015-07-19,1845,7,2,18,7,N,A,N,A,D,A,D,22,S,01,B,,,,Y,C,Y,N,D,1,0,0,0,23152.0,3,38.00200264,-121.35052393,3
2015,2015-07-06,1550,7,2,15,1,N,A,Y,A,H,A,A,01,S,04,C,,,,Y,C,Y,N,D,1,0,0,0,21703.0,4,,,4
2015,2015-07-20,747,7,2,7,1,N,A,Y,A,H,A,D,22,E,03,C,,,,,C,Y,N,D,2,0,0,0,22350.0,3,37.75416,-121.46338,3
2015,2015-07-06,1605,7,2,16,1,N,A,N,A,H,A,A,07,W,03,C,,,,,C,N,N,D,4,0,0,0,22350.0,2,37.88240003,-121.28888962,4
2015,2015-07-17,710,7,2,7,5,N,A,Y,A,H,A,A,01,N,01,B,,,,,C,Y,N,D,2,0,0,0,23152.0,2,38.2099365,-121.26516979,3
2015,2015-07-16,925,7,2,9,4,N,A,N,A,H,A,A,07,E,06,B,,,Y,,C,Y,N,D,1,0,0,1,21750.0,2,37.71056425,-121.46376194,3
2015,2015-07-12,130,7,2,1,7,N,A,N,A,H,D,A,01,S,01,E,,,,,I,Y,N,A,1,0,0,0,23152.0,1,37.97046,-121.14869,3
2015,2015-05-24,430,5,1,4,7,N,A,Y,A,H,D,D,22,W,01,C,,,,,C,Y,F,D,1,0,0,0,23152.0,2,38.20109794,-121.0478785,3
2015,2015-07-01,2116,7,2,21,3,N,A,Y,A,H,C,J,48,S,03,C,,,,,C,Y,N,D,3,0,0,0,22350.0,3,38.18763161,-121.26277868,4
2015,2015-07-01,2053,7,2,20,3,N,B,Y,A,D,D,D,22,W,01,C,,,Y,,C,Y,N,D,3,0,0,1,23152.0,6,37.92691154,-121.3692902,3
2015,2015-07-17,550,7,2,5,5,N,A,Y,A,H,B,A,01,W,07,B,,,Y,,C,Y,N,D,1,0,0,1,21658.0,2,37.74368235,-121.55054777,4
2015,2015-07-01,748,7,2,7,3,Y,A,N,A,H,A,A,07,,03,C,,,,,C,Y,M,D,1,0,0,0,22350.0,2,38.0210999,-121.26064992,4
2015,2015-07-20,1615,7,2,16,1,N,A,Y,A,H,A,E,22,W,03,C,,,,,C,Y,N,D,1,0,0,0,22350.0,2,37.76282,-121.42662194,4
2015,2015-07-10,1500,7,2,15,5,N,B,Y,A,H,A,A,01,N,03,C,,,,,C,N,N,D,1,0,0,0,22350.0,2,37.82805046,-121.28925961,4
2015,2015-07-03,1325,7,2,13,5,N,A,Y,A,H,A,A,01,N,08,E,,,,,I,Y,N,D,1,0,0,0,22107.0,1,,,4
2015,2015-07-09,605,7,2,6,4,N,B,Y,A,H,B,A,01,N,07,E,,,,,I,Y,F,D,1,0,0,0,21658.0,2,37.9207532,-121.29250776,4
2015,2015-07-09,1909,7,2,19,4,N,A,Y,A,H,A,-,- ,S,18,E,,,,,J,Y,N,D,1,0,0,0,,1,38.08454143,-121.26008992,4
2015,2015-07-09,1537,7,2,15,4,Y,A,N,A,H,A,A,08,,15,C,,,,,C,Y,N,A,1,0,0,0,26453.0,3,37.753056,-121.352004,4
2015,2015-07-12,1540,7,2,15,7,N,A,Y,A,H,A,A,01,N,03,C,,,,,C,Y,N,D,4,0,0,0,22350.0,2,37.91330749,-121.28947951,3
2015,2015-07-10,1345,7,2,13,5,N,A,Y,A,H,A,A,01,S,08,E,,,,,I,Y,N,D,1,0,0,0,22107.0,1,37.94133932,-121.23485945,3
2015,2015-07-07,1530,7,2,15,2,Y,A,N,A,H,A,D,22,,09,D,,,,,C,Y,N,D,1,0,0,0,21800.0,2,37.82678989,-121.14428996,4
2015,2015-07-10,1515,7,2,15,5,N,A,Y,A,H,A,E,22,W,07,B,,,,,C,N,N,D,1,0,0,0,21658.0,2,37.78350682,-121.19279991,4
2015,2015-07-10,700,7,2,7,5,N,B,N,A,H,A,A,01,W,03,C,,,,,C,Y,N,D,2,0,0,0,22350.0,2,37.7582441,-121.05116873,4
2015,2015-07-25,2020,7,2,20,6,N,A,N,A,H,B,D,22,E,08,E,,,,,I,Y,N,D,1,0,0,0,22107.0,1,37.71056,-121.46558739,4
2015,2015-07-25,955,7,2,9,6,N,A,Y,A,H,A,A,01,W,04,C,,,,,C,Y,N,D,1,0,0,0,21703.0,2,37.76548444,-121.35057441,4
2015,2015-07-22,1605,7,2,16,3,N,A,Y,A,H,A,A,01,E,03,C,,,,,C,Y,N,D,2,0,0,0,22350.0,2,37.76469924,-121.41276872,3
2015,2015-07-10,230,7,2,2,5,N,B,N,A,H,D,A,01,N,08,E,,,,,I,Y,N,D,1,0,0,0,22107.0,1,38.04469427,-121.29541714,4
2015,2015-07-11,1150,7,2,11,6,N,F,Y,A,C,A,E,22,N,03,C,Y,,,,E,Y,N,D,3,1,0,0,22350.0,3,38.11711,-121.40021,4
2015,2015-07-11,1620,7,2,16,6,N,B,Y,A,D,A,A,01,S,08,E,,,,,I,Y,N,D,2,0,0,0,22107.0,1,38.14276865,-121.26052838,4
2015,2015-07-11,1645,7,2,16,6,N,A,N,B,H,A,C,02,N,03,H,,,Y,,A,N,N,D,2,0,0,2,22350.0,1,37.93439927,-121.42162,3
2015,2015-07-10,1635,7,2,16,5,N,A,N,A,H,A,A,01,S,08,E,,,,,I,Y,N,D,1,0,0,0,22107.0,1,37.97354,-121.23183,3
2015,2015-07-27,1335,7,2,13,1,Y,A,N,A,H,A,-,- ,,12,A,,,,,C,Y,N,A,5,0,0,0,22450.0,2,37.795212,-121.551192,3
2015,2015-07-13,813,7,2,8,1,Y,A,N,A,H,A,A,01,,12,D,,,,,C,Y,N,A,1,0,0,0,21453.0,3,37.95395994,-121.23426996,4
2015,2015-07-09,545,7,2,5,4,Y,A,N,A,H,A,A,01,,12,D,,,,,C,Y,N,A,2,0,0,0,22450.0,2,38.01909999,-121.22098995,3
2015,2015-07-12,1715,7,2,17,7,N,A,Y,A,D,A,D,22,N,08,E,,,,,I,Y,N,D,1,0,0,0,22107.0,1,38.16074203,-121.26190433,4
2015,2015-07-16,1730,7,2,17,4,Y,A,N,A,H,A,L,04,,12,D,,Y,,,G,N,N,A,0,0,0,0,22450.0,2,37.75682993,-121.54724997,1
2015,2015-07-19,2350,7,2,23,7,N,A,Y,A,H,C,A,08,N,08,F,,,,,A,Y,N,D,9,0,0,0,22107.0,1,37.59466572,-121.33796117,3
2015,2015-07-14,1815,7,2,18,2,N,A,N,A,H,A,A,08,S,00,F,,,,,I,Y,N,D,1,0,0,0,22017.0,1,37.92154071,-120.96595999,4
2015,2015-07-14,1720,7,2,17,2,N,A,Y,A,H,A,C,02,N,03,C,,,Y,,C,Y,N,D,1,0,0,1,22350.0,2,,,2
2015,2015-07-15,725,7,2,7,3,N,A,Y,A,H,A,D,22,E,10,G,Y,,,,B,N,N,D,1,1,0,0,21950.0,2,37.98680669,-121.24681476,2
2015,2015-07-09,710,7,2,7,4,Y,B,N,A,H,A,A,01,,09,D,,,,,C,Y,N,A,1,0,0,0,21802.0,2,38.10176998,-121.16673993,3
2015,2015-07-09,1630,7,2,16,4,N,B,Y,A,D,A,D,22,S,08,B,,,,,C,Y,N,D,1,0,0,0,22107.0,2,38.07856833,-121.25979417,3
2015,2015-07-15,745,7,2,7,3,N,A,N,A,H,A,A,01,W,08,E,,,,,I,Y,N,D,1,0,0,0,22107.0,1,38.20403061,-121.21340201,3
2015,2015-07-15,2300,7,2,23,3,N,A,Y,A,D,D,A,01,S,03,C,,,,,C,Y,N,A,1,0,0,0,22350.0,2,38.08455114,-121.26009006,4
2015,2015-07-26,2251,7,2,22,7,N,A,Y,A,H,C,D,22,S,03,C,,,,,C,Y,N,D,1,0,0,0,22350.0,2,,,3
2015,2015-07-26,2250,7,2,22,7,N,A,Y,A,H,C,A,01,S,03,C,,,,,C,Y,N,D,1,0,0,0,22350.0,2,,,4
2015,2015-07-13,1535,7,2,15,1,N,A,Y,A,D,A,-,99,N,06,B,,,,,C,N,M,D,2,0,0,0,21755.0,5,37.95168263,-121.30570852,4
2015,2015-07-13,1143,7,2,11,1,N,A,Y,A,D,A,D,22,N,08,D,,,,,C,Y,N,D,2,0,0,0,22107.0,3,37.95490784,-121.23953365,4
2015,2015-07-13,1721,7,2,17,1,N,A,N,A,H,A,A,01,N,03,C,,,,,C,Y,N,A,1,0,0,0,22350.0,2,38.02157913,-121.32998631,4
2015,2015-07-15,845,7,2,8,3,N,A,Y,A,H,A,D,22,S,03,C,,,,,C,Y,N,D,1,0,0,0,22350.0,2,37.93258288,-121.29641424,4
2015,2015-07-18,210,7,2,2,6,N,A,Y,A,D,D,A,07,S,01,E,,,,,I,Y,N,D,1,0,0,0,23152.0,1,37.93376641,-121.23411914,2
2015,2015-07-23,2110,7,2,21,4,N,A,N,A,H,D,C,06,W,01,F,,,Y,,A,N,N,D,1,0,0,1,23152.0,1,37.75099424,-121.34817839,4
2015,2015-08-02,1400,8,2,14,7,N,A,Y,A,D,A,A,07,N,01,C,,,,,C,Y,N,D,1,0,0,0,23152.0,2,37.93433,-121.29682,3
2015,2015-07-18,230,7,2,2,6,N,A,N,A,H,D,A,01,W,01,E,,,,,I,Y,M,D,1,0,0,0,23152.0,1,37.82767025,-121.0006498,3
2015,2015-07-17,1407,7,2,14,5,N,A,Y,A,H,A,D,22,W,08,E,,,,Y,I,Y,N,D,2,0,0,0,22107.0,3,37.76202661,-121.44299404,4
2015,2015-07-26,1430,7,2,14,7,N,A,Y,A,H,A,A,01,W,08,F,,,,,A,Y,N,D,1,0,0,0,22107.0,1,37.76511074,-121.35523982,4
2015,2015-07-27,133,7,2,1,1,N,A,N,A,H,D,A,01,W,01,E,,,,,I,Y,N,D,1,0,0,0,23152.0,1,37.79292761,-121.28495727,3
2015,2015-07-16,655,7,2,6,4,N,A,Y,A,H,A,A,01,W,08,F,,,,,A,Y,N,D,1,0,0,0,22107.0,1,38.01334811,-121.10719584,4
2015,2015-07-28,1820,7,2,18,2,N,A,N,A,H,A,A,01,E,03,C,,,,,C,N,N,D,1,0,0,0,22350.0,2,37.75443219,-121.37094471,3
2015,2015-07-16,105,7,2,1,4,N,A,Y,A,H,D,C,02,E,08,F,,,Y,,A,Y,N,D,2,0,0,2,22107.0,1,38.11611901,-121.41250972,3
2015,2015-07-17,710,7,2,7,5,N,A,N,A,H,A,C,02,N,04,F,,,Y,,A,N,N,D,1,0,0,1,21703.0,1,38.00586925,-121.32845248,3
2015,2015-07-17,1005,7,2,10,5,N,A,Y,A,H,A,F,27,N,07,B,,,,Y,C,Y,N,D,1,0,0,0,21658.0,2,37.94116711,-121.29813931,4
2015,2015-08-02,735,8,2,7,7,N,A,Y,A,H,A,A,07,S,08,E,,,,,I,Y,N,D,1,0,0,0,22107.0,1,37.78431477,-121.30758336,3
2015,2015-08-02,1736,8,2,17,7,N,A,Y,A,H,A,A,01,E,03,C,,,,,C,Y,N,D,2,0,0,0,22350.0,2,37.76504823,-121.387391,3
2015,2015-08-04,1745,8,2,17,2,N,A,Y,A,H,A,D,22,W,08,E,,,,,I,Y,N,D,1,0,0,0,22107.0,1,37.74070619,-121.50501067,3
2015,2015-08-03,625,8,2,6,1,N,A,Y,A,H,A,A,01,E,08,A,,,,,C,Y,N,D,2,0,0,0,22107.0,2,37.61016499,-121.35833485,3
2015,2015-08-04,1730,8,2,17,2,N,A,Y,A,H,A,A,01,E,03,C,,,,,C,Y,N,D,2,0,0,0,22350.0,2,37.63796888,-121.31637997,4
2015,2015-07-19,1824,7,2,18,7,N,A,Y,A,H,A,D,22,S,03,C,,,,,C,N,N,D,1,0,0,0,22350.0,3,38.11559321,-121.39759219,4
2015,2015-07-10,1740,7,2,17,5,N,A,Y,A,H,A,-,99,N,03,C,,,,,C,N,F,D,1,0,0,0,22350.0,2,37.94804,-121.30047,4
2015,2015-07-02,1448,7,2,14,4,N,A,N,A,H,A,A,01,S,01,C,,,,,C,Y,N,A,2,0,0,0,23152.0,2,37.775775,-121.179335,4
2015,2015-07-02,652,7,2,6,4,N,A,Y,A,H,B,A,01,E,08,B,,,,Y,C,Y,N,D,2,0,0,0,22107.0,4,37.63805344,-121.31805016,1
2019,2019-12-11,1438,12,4,14,3,N,A,N,A,H,A,A,01,S,09,D,,,,,C,Y,N,D,4,0,0,0,21804.0,2,,,3
2019,2019-12-11,930,12,4,9,3,N,A,N,A,H,A,A,01,W,08,E,,,,,I,Y,N,D,1,0,0,0,22107.0,1,37.723388671875,-121.45310974121094,4
2015,2015-07-31,1413,7,2,14,5,N,A,Y,A,H,A,A,07,W,01,E,,,,,I,Y,N,D,1,0,0,0,23152.0,1,37.75868874,-121.45154993,4
2015,2015-08-04,1830,8,2,18,2,N,A,Y,A,H,A,A,01,E,03,C,,,,,C,N,N,D,1,0,0,0,22350.0,3,37.74105758,-121.51064204,4
2015,2015-07-17,530,7,2,5,5,N,A,N,A,H,A,D,22,E,03,C,,,,,C,Y,N,D,1,0,0,0,22350.0,2,38.23328304,-121.2580472,4
2015,2015-08-06,655,8,2,6,4,N,B,Y,A,H,A,A,01,E,08,E,,,,,J,Y,N,D,1,0,0,0,22107.0,1,37.61466156,-121.36419539,3
2015,2015-07-31,1535,7,2,15,5,N,A,N,A,H,A,A,01,E,05,B,,,,,C,Y,N,A,1,0,0,0,21460.0,2,37.87204875,-121.40177958,4
2015,2015-07-01,842,7,2,8,3,N,A,N,A,H,A,D,22,N,01,B,,,,,C,Y,N,D,1,0,0,0,23152.0,2,37.85420127,-121.23703507,3
2015,2015-07-17,1531,7,2,15,5,N,A,Y,A,H,A,D,22,N,03,C,,,,,C,Y,N,D,5,0,0,0,22350.0,3,37.81388223,-121.19886792,4
2015,2015-07-31,1835,7,2,18,5,N,A,N,A,H,A,A,01,W,01,C,,,,,C,N,F,D,1,0,0,0,23152.0,2,37.71059,-121.45296569,4
2015,2015-07-20,635,7,2,6,1,N,A,N,A,H,A,D,22,N,08,E,,,,,I,Y,N,D,1,0,0,0,22107.0,1,38.11592,-121.39554,3
2015,2015-07-20,1125,7,2,11,1,Y,A,N,A,H,A,A,01,,09,D,,,,,C,Y,N,A,1,0,0,0,21802.0,2,37.855528,-121.281273,4
2015,2015-07-21,1454,7,2,14,2,N,A,N,A,H,A,A,01,N,03,C,,,,,C,Y,N,D,1,0,0,0,22350.0,2,37.78210611,-121.17942523,3
2015,2015-07-21,505,7,2,5,2,N,A,Y,A,D,C,A,01,S,03,C,,,,,C,Y,N,A,1,0,0,0,22350.0,2,38.01222657,-121.25792546,4
2015,2015-08-05,1030,8,2,10,3,N,A,Y,A,H,A,-,99,W,07,B,,,,,C,Y,N,D,1,0,0,0,21658.0,2,37.76509025,-121.36195022,4
2015,2015-07-25,2204,7,2,22,6,N,A,N,A,H,D,D,22,S,01,E,,,,,I,Y,M,D,1,0,0,0,23152.0,1,37.85122198,-121.23696393,2
2015,2015-08-07,2355,8,2,23,5,N,A,Y,A,H,D,A,01,S,08,F,,,,,A,Y,N,D,1,0,0,0,22107.0,1,37.6488149,-121.30718289,4
2015,2015-08-02,2347,8,2,23,7,N,A,Y,A,D,D,A,01,S,01,E,,,,,I,Y,N,D,1,0,0,0,23152.0,1,37.93434662,-121.23420122,2
2015,2015-08-02,1253,8,2,12,7,N,A,Y,A,H,A,A,01,N,01,E,,,,,I,Y,N,D,1,0,0,0,23152.0,1,37.89044624,-121.28123365,3
2015,2015-07-14,1101,7,2,11,2,Y,A,Y,A,H,A,A,01,,09,B,,,,Y,C,Y,N,A,3,0,0,0,21802.0,2,38.18923,-121.26431996,4
2015,2015-08-04,2145,8,2,21,2,Y,A,N,A,H,C,D,22,,01,D,,,,,C,Y,N,A,1,0,0,0,23152.0,2,37.88181992,-121.27622989,4
2015,2015-07-22,1453,7,2,14,3,N,A,N,A,H,A,E,22,N,03,C,,,,,C,Y,N,D,1,0,0,0,22350.0,3,38.00219276,-121.14968281,4
2015,2015-07-23,807,7,2,8,4,N,A,Y,A,H,A,D,22,S,03,C,,,,,D,Y,N,D,1,0,0,0,22350.0,2,38.21470972,-121.26845194,4
2015,2015-07-23,645,7,2,6,4,N,A,Y,A,H,A,G,27,S,03,C,,,,Y,C,Y,N,D,1,0,0,0,22350.0,3,37.77328416,-121.17737003,4
2015,2015-07-23,1045,7,2,10,4,N,A,Y,A,H,A,A,01,E,03,C,,,,,C,N,N,A,1,0,0,0,22350.0,2,37.98809997,-121.19443581,4
2015,2015-07-23,1225,7,2,12,4,Y,A,N,A,H,A,A,07,,12,D,,,,,C,Y,N,A,1,0,0,0,22450.0,2,38.05780991,-121.21025988,4
2015,2015-07-24,2335,7,2,23,5,N,A,Y,A,D,C,A,01,N,07,B,,,,,C,N,N,D,1,0,0,0,21658.0,2,38.10350146,-121.26031346,4
2015,2015-07-24,2015,7,2,20,5,N,A,Y,A,H,A,A,01,N,09,D,,,,,C,N,N,D,1,0,0,0,21804.0,2,38.2196999,-121.27164735,4
2015,2015-07-24,1625,7,2,16,5,N,A,Y,A,H,A,A,07,N,03,C,,,,,C,N,N,D,1,0,0,0,22350.0,2,37.77733026,-121.18256148,4
2015,2015-07-24,1030,7,2,10,5,N,A,Y,A,H,A,-,- ,N,18,E,,,,,I,Y,N,D,1,0,0,0,,1,37.79846844,-121.19164164,4
2015,2015-07-24,1345,7,2,13,5,N,A,N,A,H,A,A,07,W,08,F,,,,,I,Y,N,D,1,0,0,0,22107.0,1,37.73952759,-121.15178882,4
2015,2015-08-11,1729,8,2,17,2,N,A,Y,A,H,A,A,01,W,03,C,,,,,C,Y,N,D,1,0,0,0,22350.0,2,37.76647343,-121.3375197,4
2015,2015-07-11,2055,7,2,20,6,N,A,Y,A,H,C,A,01,S,08,B,,,,,C,Y,N,D,1,0,0,0,22107.0,2,38.14032853,-121.25885328,4
2015,2015-08-07,635,8,2,6,5,N,A,N,A,H,A,A,01,N,03,C,,,,,C,N,N,A,1,0,0,0,22350.0,2,37.72532986,-121.3982,4
2015,2015-07-22,543,7,2,5,3,N,A,Y,A,H,B,D,22,W,03,C,,,,,C,Y,N,D,2,0,0,0,22350.0,3,37.94897543,-121.29742757,4
2015,2015-07-22,1600,7,2,16,3,N,A,Y,A,H,A,A,01,S,03,C,,,,,C,N,N,D,1,0,0,0,22350.0,3,37.93853785,-121.29769132,4
2015,2015-07-25,35,7,2,0,6,N,A,Y,A,H,D,A,01,N,08,E,,,,,I,Y,N,D,1,0,0,0,22107.0,1,37.86778547,-121.21898344,3
2015,2015-07-15,1837,7,2,18,3,N,A,Y,A,D,A,A,01,N,07,B,,,,,C,Y,N,D,2,0,0,0,21658.0,2,37.9657211,-121.3357954,4
2015,2015-08-16,305,8,2,3,7,N,A,N,A,H,D,D,22,W,08,E,,,,,I,Y,N,D,1,0,0,0,22107.0,1,38.18926872,-121.27524446,3
2015,2015-07-21,2037,7,2,20,2,Y,A,N,A,H,C,-,- ,,00,D,,,Y,,C,Y,N,A,1,0,0,1,,2,38.08646,-121.27860998,2
2015,2015-07-26,1800,7,2,18,7,N,A,Y,A,H,A,A,01,W,03,C,,,,,C,N,N,D,3,0,0,0,22350.0,2,37.79444,-121.1904,4
2015,2015-07-26,2153,7,2,21,7,N,A,Y,A,H,C,A,01,N,08,D,,,,,C,Y,M,D,2,0,0,0,22107.0,2,37.82669261,-121.21742302,3
2015,2015-07-26,1555,7,2,15,7,N,A,Y,A,H,A,A,01,N,03,C,,,,,C,N,N,D,2,0,0,0,22350.0,2,37.94003773,-121.2982438,4
2015,2015-07-26,2040,7,2,20,7,N,A,Y,A,H,D,A,01,S,07,D,,,,,C,Y,N,D,1,0,0,0,21658.0,2,37.86681579,-121.27876654,4
2015,2015-07-26,250,7,2,2,7,N,A,Y,A,H,D,A,01,S,01,E,,,,,I,Y,N,D,1,0,0,0,23152.0,1,38.0211,-121.25804,2
2015,2015-07-27,729,7,2,7,1,N,A,Y,A,H,A,A,01,N,08,D,,,,Y,C,Y,N,D,1,0,0,0,22107.0,2,38.0304289,-121.25821321,4
2015,2015-07-27,1340,7,2,13,1,N,A,N,A,H,A,A,07,E,08,E,,,,,I,Y,N,D,1,0,0,0,22107.0,1,37.95630394,-121.22578723,4
2015,2015-07-27,2200,7,2,22,1,N,A,N,A,H,D,A,01,W,01,E,,,,,J,Y,N,D,1,0,0,0,23152.0,1,37.93985077,-121.43645302,3
2015,2015-07-27,2238,7,2,22,1,N,A,N,A,H,D,G,26,E,08,F,,,,Y,A,Y,N,D,1,0,0,0,22107.0,1,38.20401,-121.26295,3
2015,2015-07-28,1320,7,2,13,2,Y,A,Y,A,H,A,A,01,,12,D,,,,,C,Y,N,A,1,0,0,0,22450.0,2,38.07964897,-121.18500853,4
2015,2015-07-31,1400,7,2,14,5,N,A,N,A,H,A,A,08,E,08,E,,,,,I,Y,N,D,1,0,0,0,22107.0,1,38.00079448,-121.24363839,4
2015,2015-07-06,448,7,2,4,1,N,A,Y,A,H,B,A,01,N,03,C,,,,,C,Y,N,D,3,0,0,0,22350.0,2,38.18940381,-121.26258036,3
2015,2015-07-21,5,7,2,0,2,N,A,Y,A,D,D,A,07,S,08,F,,,,,A,Y,N,D,2,0,0,0,22107.0,1,38.17335888,-121.26238308,3
2015,2015-07-19,1512,7,2,15,7,N,A,Y,A,D,A,A,01,S,08,E,,,,,I,Y,N,D,1,0,0,0,22107.0,1,37.94311066,-121.23505215,2
2015,2015-07-28,1145,7,2,11,2,Y,A,N,A,H,A,A,01,,09,D,,,,,C,Y,N,A,1,0,0,0,21802.0,2,38.16030992,-121.37150986,4
2015,2015-08-10,1202,8,2,12,1,N,A,Y,A,H,A,D,22,N,03,C,,,,,C,Y,N,D,1,0,0,0,22350.0,2,37.78146456,-121.3119408,4
2015,2015-07-29,950,7,2,9,3,N,A,Y,A,H,A,A,01,S,07,B,,,,,C,N,N,D,1,0,0,0,21658.0,2,,,4
2015,2015-07-29,2027,7,2,20,3,N,A,Y,A,D,B,A,07,E,08,F,,,,,I,Y,N,D,1,0,0,0,22107.0,1,38.1153886,-121.4672898,4
2015,2015-08-11,1735,8,2,17,2,N,A,Y,A,H,A,A,01,W,03,C,,,,,C,Y,N,D,1,0,0,0,22350.0,2,37.63800793,-121.30012043,4
2015,2015-07-21,1415,7,2,14,2,N,A,Y,A,H,A,A,07,W,03,C,,,,,C,N,N,D,1,0,0,0,22350.0,2,37.89009,-121.27642,4
2015,2015-07-28,605,7,2,6,2,Y,A,Y,A,H,A,D,22,,17,A,,,,,C,Y,N,A,1,0,0,0,21451.0,2,38.10172,-121.17827998,4
2015,2015-07-29,1600,7,2,16,3,N,A,Y,A,D,A,A,01,N,08,E,,,,,J,N,N,D,1,0,0,0,22107.0,1,37.94857053,-121.30075291,4
2015,2015-07-30,1445,7,2,14,4,N,A,Y,A,H,A,A,01,S,08,E,,,,,I,Y,N,D,1,0,0,0,22107.0,1,38.17362727,-121.26239028,4
2015,2015-07-31,1452,7,2,14,5,N,A,N,A,H,A,A,01,E,03,C,,,,,C,N,N,A,1,0,0,0,22350.0,2,37.96741253,-121.32324043,3
2015,2015-07-31,2315,7,2,23,5,N,A,Y,A,H,D,A,01,N,03,C,,,,Y,C,Y,N,D,1,0,0,0,22350.0,2,37.84210471,-121.21767204,4
2015,2015-08-01,1410,8,2,14,6,N,A,N,A,H,A,C,02,S,03,C,,,Y,,C,N,N,D,1,0,0,1,22350.0,2,37.85565066,-121.05394212,2
2015,2015-08-01,1150,8,2,11,6,N,A,N,A,H,A,A,01,E,08,E,,,,,I,Y,N,D,1,0,0,0,22107.0,1,38.1894049,-121.39006903,3
2015,2015-08-01,2302,8,2,23,6,N,A,N,A,H,C,A,01,S,03,F,,,,,A,Y,N,A,1,0,0,0,22350.0,1,37.85638062,-121.05397726,3
2015,2015-07-30,1430,7,2,14,4,N,A,Y,A,H,A,G,25,N,08,F,,,,Y,A,Y,N,D,1,0,0,0,22107.0,1,,,4
2015,2015-07-31,1840,7,2,18,5,N,B,Y,A,H,A,A,07,W,08,B,,,,,C,Y,N,D,1,0,0,0,22107.0,2,38.07856352,-120.97636655,4
2015,2015-07-31,1505,7,2,15,5,N,A,N,A,H,A,A,01,S,03,C,,,,,C,Y,N,A,2,0,0,0,22350.0,3,38.02890987,-121.150202,3
2015,2015-07-31,730,7,2,7,5,N,A,Y,A,H,A,A,01,W,03,C,,,,,C,Y,N,D,2,0,0,0,22350.0,2,37.93007248,-120.99730893,4
2015,2015-07-31,708,7,2,7,5,N,A,Y,A,H,A,A,01,S,08,E,,,,,I,Y,N,D,2,0,0,0,22107.0,1,37.73299806,-121.11329088,3
2015,2015-08-01,850,8,2,8,6,N,A,Y,A,H,A,D,22,S,07,B,,,,,C,Y,N,D,1,0,0,0,21658.0,2,38.18740233,-121.26384901,4
2015,2015-08-01,101,8,2,1,6,N,A,Y,A,H,D,A,01,N,01,E,,,,,I,Y,N,D,1,0,0,0,23152.0,1,38.07438895,-121.25992201,3
2015,2015-07-29,1925,7,2,19,3,N,A,Y,A,H,A,-,- ,N,00,B,,,,Y,C,Y,N,D,1,0,0,0,,2,37.84114274,-121.21782302,4
2015,2015-08-01,1815,8,2,18,6,N,A,Y,A,H,A,A,08,E,03,C,,,,,C,Y,N,D,1,0,0,0,22350.0,2,37.78320746,-121.20578046,4
2015,2015-08-02,815,8,2,8,7,N,A,N,A,H,A,A,01,E,01,E,,,,,I,Y,N,D,1,0,0,0,23152.0,1,38.23416382,-121.21938842,2
2015,2015-08-02,1635,8,2,16,7,N,A,Y,A,H,A,A,01,N,01,F,,,,,A,Y,N,D,1,0,0,0,23152.0,1,37.95,-121.3007,2
2015,2015-08-02,1333,8,2,13,7,N,A,Y,A,H,A,C,02,S,08,F,,,Y,,I,Y,N,D,1,0,0,1,22107.0,1,,,3
2015,2015-08-03,1448,8,2,14,1,N,A,Y,A,H,A,A,01,E,03,B,,,,Y,C,Y,N,D,2,0,0,0,22350.0,3,37.95968,-121.24159,4
2015,2015-08-04,1315,8,2,13,2,N,A,N,A,D,A,A,07,E,08,E,,,,,I,Y,N,A,1,0,0,0,22107.0,1,38.13024538,-121.34346162,3
2015,2015-08-05,2325,8,2,23,3,N,A,Y,A,H,D,A,01,E,01,E,,,,,I,Y,N,D,1,0,0,0,23152.0,1,37.94296,-121.31181,2
2015,2015-08-05,1645,8,2,16,3,N,A,N,A,H,A,A,01,W,03,C,,,,,C,Y,N,D,1,0,0,0,22350.0,2,38.08652062,-121.27629176,4
2015,2015-08-06,1300,8,2,13,4,N,B,N,A,H,A,A,01,E,21,C,,,,,C,N,N,A,1,0,0,0,22106.0,2,38.03721858,-121.2597214,4
2015,2015-08-06,1000,8,2,10,4,Y,B,N,A,H,A,-,- ,,00,D,,,,,C,Y,N,B,2,0,0,0,,2,38.05745993,-121.2963399,4
2015,2015-08-04,30,8,2,0,2,N,A,Y,A,D,C,A,01,N,08,E,,,,,I,Y,N,D,1,0,0,0,22107.0,2,38.13862343,-121.25821541,2
2015,2015-08-08,540,8,2,5,6,Y,A,Y,A,H,B,A,01,,09,D,,,,,C,Y,N,D,2,0,0,0,21801.0,2,,,4
2015,2015-08-16,725,8,2,7,7,N,A,N,A,H,A,A,01,E,05,E,,,,,I,Y,N,D,1,0,0,0,21650.0,1,37.69285373,-121.29510305,4
2015,2015-07-10,1920,7,2,19,5,Y,A,N,A,H,A,A,07,,09,D,,,,,C,Y,N,A,1,0,0,0,21802.0,2,37.97581993,-121.33932993,3