ACCIDENT_YEAR,COLLISION_DATE,COLLISION_TIME,MONTH,SEASON,24HOURS,DAY_OF_WEEK,INTERSECTION,WEATHER_1,STATE_HWY_IND,ROAD_SURFACE,ROAD_COND_1,LIGHTING,STWD_VEHTYPE_AT_FAULT,CHP_VEHTYPE_AT_FAULT,DIRECTION,PCF_VIOL_CATEGORY,TYPE_OF_COLLISION,PEDESTRIAN_ACCIDENT,BICYCLE_ACCIDENT,MOTORCYCLE_ACCIDENT,TRUCK_ACCIDENT,MVIW,TOW_AWAY,HIT_AND_RUN,CONTROL_DEVICE,NUMBER_INJURED,COUNT_PED_INJURED,COUNT_BICYCLIST_INJURED,COUNT_MC_INJURED,PCF_VIOLATION,PARTY_COUNT,POINT_Y,POINT_X,COLLISION_SEVERITY
2016,2016-05-10,825,5,1,8,2,N,A,Y,A,H,A,-,- ,S,18,E,,,,,I,Y,N,D,1,0,0,0,,1,37.96679455,-121.24425116,3
2016,2016-05-10,1940,5,1,19,2,N,A,N,A,H,A,A,01,N,08,E,,,,,I,Y,M,D,1,0,0,0,22107.0,1,37.69157925,-121.21689481,3
2016,2016-05-01,1030,5,1,10,7,Y,A,N,A,H,A,A,07,,09,D,,,,,C,Y,N,A,1,0,0,0,21802.0,2,37.9850399,-121.26702988,3
2019,2019-12-10,1818,12,4,18,2,Y,A,N,A,H,C,A,01,,09,D,,,,,C,Y,N,A,1,0,0,0,21802.0,2,38.0054817199707,-121.31453704833984,4
2019,2019-10-07,630,10,3,6,1,Y,A,N,A,H,C,A,01,,12,E,,,Y,,I,Y,F,A,1,0,0,1,21453.0,2,38.0005989074707,-121.31646728515624,4
2019,2019-12-04,1440,12,4,14,3,Y,B,N,A,B,A,A,01,,08,A,,,,,C,N,F,D,2,0,0,0,22107.0,2,37.98617935180664,-121.328857421875,4
2019,2019-12-09,1334,12,4,13,1,Y,A,N,A,H,A,A,01,,03,C,,,,,C,N,N,D,2,0,0,0,22350.0,3,37.98281097412109,-121.31562042236328,4
2019,2019-12-09,1913,12,4,19,1,Y,A,N,A,H,B,A,01,,09,D,,,,,C,Y,N,A,3,0,0,0,21453.0,2,38.03707885742188,-121.26416015625,3
2016,2016-05-15,2015,5,1,20,7,N,A,N,A,H,A,C,02,E,01,E,,,Y,,I,Y,N,D,2,0,0,2,23152.0,1,37.7397997,-121.37066231,2
2016,2016-04-29,1436,4,1,14,5,N,A,Y,A,H,A,A,01,E,03,C,,,,,C,N,F,D,1,0,0,0,22350.0,2,37.78837553,-121.30022779,4
2019,2019-12-09,1600,12,4,16,1,N,A,N,A,H,A,A,01,S,03,C,,,,,C,N,M,A,2,0,0,0,22350.0,2,38.03678894042969,-121.29512786865234,4
2016,2016-04-09,157,4,1,1,6,N,C,Y,B,H,D,A,07,N,08,E,,,,,I,Y,N,D,1,0,0,0,22107.0,1,37.77921016,-121.31496333,1
2019,2019-12-05,1651,12,4,16,4,N,A,N,A,H,A,N,60,N,11,G,Y,,,,B,N,F,D,1,1,0,0,21955.0,2,37.95179748535156,-121.273193359375,2
2016,2016-04-09,158,4,1,1,6,N,C,Y,B,C,D,A,01,S,03,B,,,,,C,Y,N,D,1,0,0,0,22350.0,2,37.77064392,-121.326741,4
2019,2019-12-05,1815,12,4,18,4,Y,A,N,A,H,C,A,01,,12,D,,,,,C,N,F,A,1,0,0,0,21453.0,2,38.03702926635742,-121.2722396850586,4
2019,2019-10-10,2105,10,3,21,4,Y,A,N,A,H,C,L,04,,12,H,,Y,,,G,N,N,A,1,0,1,0,21453.0,2,38.001739501953125,-121.2925262451172,4
2016,2016-05-21,405,5,1,4,6,N,A,N,A,H,C,A,01,N,08,E,,,,,I,Y,N,D,1,0,0,0,22107.0,1,37.76723,-121.53154,4
2019,2019-10-28,607,10,3,6,1,Y,A,N,A,H,C,A,07,,03,E,,,,,I,Y,N,A,2,0,0,0,22350.0,1,38.05759811401367,-121.33335113525392,3
2016,2016-05-10,1342,5,1,13,2,N,A,Y,A,H,A,A,07,W,08,F,,,,,I,Y,N,D,1,0,0,0,22107.0,1,38.06895378,-120.98928653,3
2016,2016-05-12,1055,5,1,10,4,N,A,N,A,H,A,A,08,N,08,E,,,,,I,Y,N,D,1,0,0,0,22107.0,1,37.86900262,-121.26856372,2
2016,2016-05-12,1554,5,1,15,4,N,A,Y,A,H,A,G,25,W,03,C,,,,Y,C,Y,N,D,1,0,0,0,22350.0,3,37.78319995,-121.19633031,4
2016,2016-05-12,822,5,1,8,4,N,A,Y,A,D,A,D,22,N,03,C,,,,,C,N,N,D,1,0,0,0,22350.0,3,37.98784729,-121.34491197,4
2019,2019-11-18,1717,11,3,17,1,Y,A,N,A,H,C,A,07,,01,G,Y,,,,B,N,N,A,1,1,0,0,23152.0,2,37.98590087890625,-121.30171966552734,2
2019,2019-11-29,1945,11,3,19,5,Y,A,N,B,H,C,A,01,,10,G,Y,,,,B,,N,A,1,1,0,0,21950.0,2,38.02098846435546,-121.30943298339844,4
2019,2019-11-17,1630,11,3,16,7,Y,A,N,A,H,A,L,04,,12,H,,Y,,,G,N,N,A,1,0,1,0,22450.0,2,37.96686172485352,-121.31413269042967,2
2016,2016-05-15,1700,5,1,17,7,N,A,N,A,H,A,C,02,S,03,F,,,Y,,A,N,N,D,1,0,0,1,22350.0,1,38.00020738,-121.26038147,4
2016,2016-03-15,625,3,1,6,2,Y,A,N,A,H,D,A,01,,01,E,,,,,I,Y,N,D,0,0,0,0,23152.0,1,38.17751991,-121.17918991,1
2016,2016-05-13,1447,5,1,14,5,Y,A,N,A,H,A,A,08,,08,B,,,,,C,N,N,D,1,0,0,0,22107.0,2,37.95421995,-121.23326986,4
2016,2016-05-21,2205,5,1,22,6,N,A,Y,A,H,C,A,01,E,01,E,,,,,J,Y,N,D,1,0,0,0,23152.0,1,,,2
2016,2016-05-13,1230,5,1,12,5,Y,B,N,A,H,A,A,01,,09,F,,,Y,,A,N,N,A,1,0,0,1,21802.0,2,37.97540997,-121.26430995,4
2016,2016-05-23,210,5,1,2,1,N,A,Y,A,H,D,A,01,S,01,E,,,,,J,Y,N,D,1,0,0,0,23152.0,1,38.02989452,-121.25823361,3
2016,2016-05-17,1655,5,1,16,2,N,A,Y,A,H,A,A,01,N,03,C,,,,,C,N,N,D,1,0,0,0,22350.0,2,37.91635069,-121.22743696,4
2016,2016-05-13,1836,5,1,18,5,N,A,N,A,H,A,A,07,W,09,D,,,,,C,N,N,D,1,0,0,0,21804.0,2,37.98021212,-121.256894,4
2016,2016-05-15,758,5,1,7,7,N,A,Y,A,H,A,A,01,W,01,E,,,,,I,Y,N,D,1,0,0,0,23152.0,1,38.00515248,-121.34091017,3
2016,2016-05-16,540,5,1,5,1,N,A,Y,A,H,A,A,01,N,03,C,,,,,C,Y,N,D,4,0,0,0,22350.0,2,37.79094099,-121.14307767,4
2016,2016-05-10,1850,5,1,18,2,Y,A,N,A,H,A,L,04,,09,D,,Y,,,G,N,F,D,1,0,1,0,21802.0,2,37.96736993,-121.27085996,4
2016,2016-05-16,753,5,1,7,1,N,A,Y,A,D,A,A,01,N,07,E,,,,,I,Y,N,D,3,0,0,0,21658.0,4,37.98368657,-121.34327844,4
2016,2016-05-17,550,5,1,5,2,N,A,Y,A,H,A,D,22,N,03,C,,,,Y,C,Y,N,D,2,0,0,0,22350.0,2,38.08769494,-121.38198342,3
2016,2016-05-17,620,5,1,6,2,N,A,Y,A,H,A,A,01,S,08,E,,,,,I,Y,N,D,1,0,0,0,22107.0,1,38.15596709,-121.26177937,3
2016,2016-05-20,1800,5,1,18,5,N,A,N,A,H,A,A,07,S,08,E,,,,,I,Y,N,D,1,0,0,0,22107.0,1,37.78755158,-121.43516203,4
2020,2020-01-14,1441,1,4,14,2,N,A,N,A,H,A,M,94,S,00,D,,,,,C,N,N,-,2,0,0,0,21720.0,2,37.69905090332031,-121.43717956542967,3
2016,2016-05-18,840,5,1,8,3,N,A,Y,A,H,A,A,07,W,03,C,,,,,C,Y,N,D,2,0,0,0,22350.0,3,37.76531094,-121.35232406,4
2016,2016-04-30,2345,4,1,23,6,N,A,Y,A,H,C,A,01,N,01,C,,,,,C,Y,N,D,1,0,0,0,23152.0,1,37.83987042,-121.2177445,3
2016,2016-05-12,1435,5,1,14,4,N,A,Y,A,D,A,D,22,N,03,C,,,,,C,Y,N,D,1,0,0,0,22350.0,2,38.25010261,-121.44627057,4
2016,2016-05-23,330,5,1,3,1,N,A,N,A,H,D,D,22,E,01,E,,,,,I,Y,N,D,1,0,0,0,23152.0,1,37.85093631,-121.43105171,3
2016,2016-05-13,356,5,1,3,5,N,A,N,A,H,D,A,01,N,01,E,,,,,J,Y,N,D,1,0,0,0,23152.0,2,37.77548504,-121.51955009,3
2016,2016-05-23,1050,5,1,10,1,Y,A,N,A,H,A,G,25,,07,B,,,,Y,C,N,N,A,1,0,0,0,21658.0,2,37.75321112,-121.35211051,4
2020,2020-01-10,227,1,4,2,5,N,A,N,-,H,C,A,01,W,08,C,,,,,E,Y,M,A,1,0,0,0,22107.0,2,37.7578010559082,-121.42818450927734,4
2020,2020-01-11,1846,1,4,18,6,Y,A,N,A,H,C,A,01,,03,C,,,,,C,N,N,A,1,0,0,0,22350.0,2,37.75640106201172,-121.46334075927734,4
2016,2016-05-11,624,5,1,6,3,N,A,Y,A,D,A,A,01,N,07,B,,,,,C,Y,N,A,1,0,0,0,21658.0,2,37.95512534,-121.31279037,4
2016,2016-05-21,1455,5,1,14,6,N,B,Y,B,H,A,D,22,E,03,D,,,,,C,Y,N,D,3,0,0,0,22350.0,2,37.63799908,-121.29137143,2
2016,2016-05-16,945,5,1,9,1,N,A,N,A,D,A,D,22,W,05,B,,,,Y,C,Y,N,D,1,0,0,0,21460.0,2,37.75510147,-121.03394459,3
2016,2016-05-15,1,5,1,0,7,N,A,Y,A,H,C,A,07,W,07,B,,,,,C,Y,F,A,3,0,0,0,21658.0,2,37.95290728,-121.27439874,4
2016,2016-05-07,1740,5,1,17,6,N,A,Y,A,D,A,A,08,N,07,B,,,,,C,Y,N,D,3,0,0,0,21658.0,3,37.95597195,-121.32121656,4
2016,2016-05-16,738,5,1,7,1,N,A,Y,A,H,A,C,02,S,03,E,,,Y,,J,Y,N,D,1,0,0,1,22350.0,1,37.82574,-121.21607,4
2016,2016-05-16,935,5,1,9,1,Y,A,Y,A,H,A,D,22,,09,D,,,,,C,Y,N,A,1,0,0,0,21802.0,2,37.72487993,-121.23370988,4
2016,2016-05-17,535,5,1,5,2,N,A,N,A,H,B,D,22,E,03,C,,,,,C,Y,N,D,1,0,0,0,22350.0,2,38.18922,-121.26282,2
2016,2016-05-17,1715,5,1,17,2,N,A,Y,A,H,A,A,07,N,03,C,,,,,C,Y,N,D,2,0,0,0,22350.0,3,37.89805164,-121.28432313,3
2016,2016-05-17,745,5,1,7,2,Y,A,N,A,H,A,A,07,,09,D,,,,,C,Y,N,A,2,0,0,0,21802.0,3,38.21831991,-121.27076999,3
2016,2016-01-17,1715,1,4,17,7,N,B,N,B,H,B,A,01,S,01,F,,,,,A,Y,N,D,1,0,0,0,23152.0,1,37.68294815,-121.25296349,3
2016,2016-05-18,2135,5,1,21,3,N,A,Y,A,H,D,A,01,N,01,C,,,,,C,Y,N,D,1,0,0,0,23152.0,2,38.10450963,-121.2603095,3
2016,2016-05-18,2046,5,1,20,3,N,A,Y,A,D,C,-,- ,N,07,B,,,,Y,C,Y,N,D,1,0,0,0,21658.0,2,38.00533445,-121.35181417,2
2016,2016-05-18,1820,5,1,18,3,N,A,Y,A,H,A,A,01,E,03,C,,,,,C,Y,N,D,2,0,0,0,22350.0,2,38.12470047,-121.1700099,4
2016,2016-05-19,736,5,1,7,4,N,A,Y,A,H,A,D,22,W,03,C,,,,Y,C,N,N,D,1,0,0,0,22350.0,2,37.79752496,-121.19113343,4
2016,2016-05-19,1503,5,1,15,4,N,A,Y,A,D,A,A,01,S,07,C,,,,,C,Y,N,D,1,0,0,0,21658.0,3,37.94326372,-121.23507432,4
2016,2016-05-19,1255,5,1,12,4,N,B,Y,A,D,A,A,01,S,08,E,,,,,I,Y,N,D,1,0,0,0,22107.0,1,37.92166677,-121.29249353,4
2016,2016-05-20,1434,5,1,14,5,N,A,Y,A,H,A,A,01,N,03,C,,,,,C,N,N,D,1,0,0,0,22350.0,2,37.82658631,-121.28982733,4
2016,2016-05-29,637,5,1,6,7,N,A,N,A,H,A,D,22,E,09,A,,,,,C,Y,N,D,1,0,0,0,21801.0,2,37.95835986,-121.21908688,2
2016,2016-05-17,750,5,1,7,2,Y,A,N,A,H,A,A,01,,09,D,,,,,C,Y,N,D,1,0,0,0,21802.0,2,38.23349995,-121.29104988,3
2016,2016-05-17,2233,5,1,22,2,N,A,Y,A,H,C,A,01,S,08,E,,,,,I,Y,N,D,1,0,0,0,22107.0,1,37.98405483,-121.24997079,3
2016,2016-05-20,1225,5,1,12,5,N,A,Y,A,H,A,A,01,S,03,C,,,,Y,C,Y,N,D,1,0,0,0,22350.0,2,38.24587892,-121.28829784,3
2016,2016-05-20,1655,5,1,16,5,Y,A,N,A,H,A,D,22,,03,C,,,,,C,N,N,D,1,0,0,0,22350.0,2,37.82763995,-120.94253995,4
2016,2016-05-20,1145,5,1,11,5,N,A,Y,A,H,A,A,01,N,03,C,,,,,C,Y,N,D,1,0,0,0,22350.0,2,37.9735526,-121.24743204,4
2016,2016-05-20,1545,5,1,15,5,N,A,Y,A,H,A,D,22,S,03,C,,,,,C,Y,N,D,2,0,0,0,22350.0,2,37.75047702,-121.13920789,4
2016,2016-05-02,1827,5,1,18,1,N,A,N,A,H,A,A,01,N,01,A,,,,,C,Y,N,A,1,0,0,0,23152.0,2,38.01713,-121.20767,1
2016,2016-05-21,450,5,1,4,6,N,A,Y,A,H,C,D,22,E,03,C,,,,,C,Y,N,D,1,0,0,0,22350.0,2,37.94675433,-121.21100695,3
2016,2016-05-21,1305,5,1,13,6,N,B,Y,A,H,A,A,01,N,07,B,,,,,C,Y,N,D,1,0,0,0,21658.0,2,38.07043961,-121.37674128,4
2016,2016-05-21,1230,5,1,12,6,N,B,Y,A,D,A,A,01,N,07,B,,,,,C,Y,N,D,2,0,0,0,21658.0,2,37.9306354,-121.29607964,3
2016,2016-05-21,1850,5,1,18,6,N,A,Y,A,H,A,A,01,W,08,E,,,,,I,Y,N,D,1,0,0,0,22107.0,1,37.78320595,-121.20064999,3
2016,2016-05-22,1615,5,1,16,7,N,A,Y,A,D,A,A,07,E,03,C,,,,,C,Y,N,D,2,0,0,0,22350.0,3,37.95215,-121.28029,4
2016,2016-05-22,2240,5,1,22,7,N,A,N,A,H,D,-,- ,W,18,H,,,,,H,Y,N,D,1,0,0,0,,1,38.22545852,-121.4514034,3
2016,2016-05-21,1735,5,1,17,6,Y,A,N,B,H,A,D,22,,09,D,,Y,,,G,N,N,A,1,0,1,0,21802.0,2,37.73850999,-121.42789992,3
2016,2016-05-23,521,5,1,5,1,Y,A,N,A,H,A,D,22,,09,F,,,Y,,A,Y,N,D,1,0,0,1,21801.0,2,37.76208989,-120.96843995,4
2016,2016-05-27,445,5,1,4,5,N,A,N,A,H,C,D,22,W,08,E,,,,,I,Y,N,D,1,0,0,0,22107.0,1,38.07978875,-121.19697359,3
2016,2016-05-23,1250,5,1,12,1,N,A,Y,A,H,A,I,11,W,03,C,,,,,C,N,N,D,1,0,0,0,22350.0,2,37.78320617,-121.20502994,4
2016,2016-05-24,1120,5,1,11,2,N,A,N,A,H,A,A,01,N,03,C,,,,,C,Y,N,D,1,0,0,0,22350.0,2,38.05761,-121.31058,4
2016,2016-05-24,1635,5,1,16,2,N,A,Y,A,H,A,D,22,N,03,C,,,,,C,Y,N,D,1,0,0,0,22350.0,2,38.1468486,-121.39905118,3
2016,2016-05-25,1705,5,1,17,3,N,A,N,A,G,A,A,07,E,03,C,,,,,C,N,N,D,1,0,0,0,22350.0,3,37.98260411,-121.2532178,4
2016,2016-05-13,355,5,1,3,5,N,A,N,A,H,D,A,01,N,08,E,,,Y,,J,Y,N,D,1,0,0,0,22107.0,2,37.77546384,-121.51953936,1
2016,2016-05-25,2140,5,1,21,3,N,A,Y,A,H,C,A,07,W,07,B,,,,,C,N,M,D,1,0,0,0,21658.0,2,37.74045,-121.50273,4
2016,2016-05-25,1700,5,1,17,3,N,A,Y,A,H,A,A,01,W,03,C,,,,,C,Y,N,D,4,0,0,0,22350.0,2,37.76474234,-121.38883849,3
2016,2016-05-25,1635,5,1,16,3,N,A,N,A,H,A,A,08,E,08,E,,,,,I,Y,N,D,1,0,0,0,22107.0,1,38.10267354,-121.13323323,3
2016,2016-05-26,300,5,1,3,4,N,A,Y,A,D,C,D,22,E,03,C,,,,,I,Y,N,A,2,0,0,0,22350.0,2,37.74101185,-121.50991383,3
2016,2016-05-28,1430,5,1,14,6,N,A,N,A,H,A,A,01,S,03,C,,,,,C,Y,N,D,1,0,0,0,22350.0,3,37.75387078,-121.48472851,3
2016,2016-06-05,2210,6,2,22,7,N,A,Y,A,H,D,A,01,E,03,C,,,,,C,Y,N,D,1,0,0,0,22350.0,2,37.76309996,-121.43490001,4
2016,2016-05-24,640,5,1,6,2,N,A,Y,A,H,A,A,01,W,03,C,,,,,C,Y,N,D,1,0,0,0,22350.0,3,37.78354787,-121.22309057,4
2016,2016-05-25,910,5,1,9,3,N,A,Y,A,H,A,A,01,W,03,C,,,,,C,Y,N,D,2,0,0,0,22350.0,2,37.79821538,-121.07920012,3
2016,2016-05-26,1705,5,1,17,4,N,A,N,A,H,A,D,22,W,01,C,,,,,C,Y,N,D,1,0,0,0,23152.0,2,38.05742,-121.26135947,3
2016,2016-05-26,2225,5,1,22,4,N,A,Y,A,H,C,A,08,N,03,C,,,,,C,N,N,A,1,0,0,0,22350.0,2,38.19791973,-121.06816382,4
2016,2016-05-15,1730,5,1,17,7,N,A,N,A,H,A,D,23,E,08,E,,,,,I,Y,N,D,1,0,0,0,22107.0,1,38.146,-121.39906,2
2016,2016-05-28,1350,5,1,13,6,N,A,Y,A,H,A,A,01,E,03,B,,,,,C,Y,N,D,2,0,0,0,22350.0,2,37.74945069,-121.47411161,3
2016,2016-05-28,424,5,1,4,6,N,A,Y,A,H,D,A,01,W,07,D,,,,,C,Y,N,D,2,0,0,0,21658.0,2,37.75171023,-121.46866067,4
2016,2016-05-30,1855,5,1,18,1,N,A,Y,A,H,B,A,01,W,03,C,,,,,C,Y,N,D,1,0,0,0,22350.0,2,37.74293882,-121.53710684,4
2016,2016-05-31,2330,5,1,23,2,N,A,Y,A,H,D,-,99,S,06,F,,,,,A,Y,N,D,1,0,0,0,21755.0,2,37.74055,-121.49272,3
2016,2016-05-31,1505,5,1,15,2,N,A,N,A,A,A,A,01,,08,D,,,,,C,Y,N,D,1,0,0,0,22107.0,2,37.753211,-121.35213,4
2016,2016-05-27,2150,5,1,21,5,N,A,Y,A,H,D,A,01,N,01,C,,,,,C,Y,N,D,3,0,0,0,23152.0,2,38.09198897,-121.25997582,4
2016,2016-05-30,1630,5,1,16,1,N,A,Y,A,H,A,M,47,E,07,C,,,,,C,Y,N,D,1,0,0,0,21658.0,3,37.74120482,-121.5094778,4
2016,2016-05-27,1120,5,1,11,5,N,A,Y,A,C,A,A,07,S,07,B,,,,,C,Y,N,D,2,0,0,0,21658.0,2,37.92332223,-121.29345475,4
2016,2016-05-24,710,5,1,7,2,N,A,Y,A,H,A,I,11,E,03,C,,,,Y,C,Y,N,D,4,0,0,0,22350.0,4,37.64942155,-121.41929379,2
2016,2016-05-31,1500,5,1,15,2,Y,A,Y,A,H,A,D,22,,09,D,,,,,C,Y,N,A,1,0,0,0,21802.0,4,37.6647707,-121.32468811,4
2016,2016-06-01,1839,6,2,18,3,N,A,Y,A,D,A,G,27,S,03,C,,,,Y,C,N,N,D,1,0,0,0,22350.0,2,37.63010968,-121.34284727,4
2016,2016-06-01,1605,6,2,16,3,Y,A,N,A,H,A,D,22,,09,D,,Y,,,G,N,N,D,1,0,1,0,21801.0,2,37.75061999,-121.47941994,2
2016,2016-06-02,820,6,2,8,4,N,A,N,A,H,A,-,99,E,07,B,,,,,C,N,M,D,1,0,0,0,21658.0,2,37.7549939,-121.34934783,4
2016,2016-05-25,1707,5,1,17,3,N,A,Y,A,H,A,D,22,E,06,E,,,,,I,Y,F,D,1,0,0,0,21751.0,2,37.94221904,-121.13746103,3
2016,2016-05-25,1503,5,1,15,3,N,A,N,A,H,A,-,- ,S,18,C,,,,,C,Y,N,D,4,0,0,0,,5,38.02013881,-121.32996949,4
2016,2016-06-04,1054,6,2,10,6,N,A,Y,A,H,A,A,01,W,03,C,,,,,C,N,N,D,1,0,0,0,22350.0,2,37.74110288,-121.51120728,4
2016,2016-05-26,1210,5,1,12,4,N,A,Y,A,D,A,A,01,S,08,E,,,,,I,Y,N,D,1,0,0,0,22107.0,1,38.00108359,-121.35010588,3
2016,2016-06-06,510,6,2,5,1,N,A,Y,A,H,B,A,01,E,07,B,,,,,C,Y,N,D,1,0,0,0,21658.0,2,37.74105839,-121.51065197,3
2016,2016-06-05,1750,6,2,17,7,N,A,N,A,H,A,A,07,S,03,E,,,,,I,Y,N,D,2,0,0,0,22350.0,1,37.78038222,-121.52797222,4
2016,2016-05-27,1305,5,1,13,5,N,A,Y,A,D,A,A,01,S,07,B,,,,Y,C,Y,N,D,4,0,0,0,21658.0,3,37.93567803,-121.2975214,4
2016,2016-05-27,1700,5,1,17,5,Y,A,N,A,H,A,L,04,,12,D,,Y,,,G,N,F,A,1,0,1,0,22450.0,2,37.96808994,-121.32356997,3
2016,2016-05-27,2305,5,1,23,5,N,A,N,A,H,D,C,02,W,08,F,,,Y,,A,Y,N,D,1,0,0,1,22107.0,1,37.85185643,-121.19590864,3
2016,2016-05-27,2300,5,1,23,5,N,A,Y,A,H,C,D,22,N,08,E,,,,Y,I,Y,N,D,1,0,0,0,22107.0,3,37.95148,-121.30583,3
2016,2016-05-28,1720,5,1,17,6,Y,A,N,A,H,A,D,22,,09,D,,,,,C,N,N,A,1,0,0,0,21801.0,2,38.10160995,-121.26024986,4
2016,2016-05-31,1035,5,1,10,2,Y,A,N,A,B,A,C,02,,03,F,,,Y,,A,N,N,D,1,0,0,1,22350.0,1,38.0978799,-121.31035994,3
2016,2016-06-01,835,6,2,8,3,N,A,N,A,H,A,A,07,W,03,C,,,,,C,Y,N,D,4,0,0,0,22350.0,3,38.00814315,-121.33078388,4
2016,2016-05-31,1020,5,1,10,2,N,A,N,A,H,A,F,25,E,21,C,,,,Y,C,N,N,D,1,0,0,0,22106.0,2,37.91782918,-121.28288327,4
2016,2016-05-29,1205,5,1,12,7,N,A,Y,A,H,A,A,01,S,03,C,,,,,C,Y,N,D,1,0,0,0,22350.0,2,38.17031283,-121.26226123,4
2016,2016-05-30,1345,5,1,13,1,N,A,Y,A,H,A,A,01,W,03,C,,,,,C,Y,N,D,1,0,0,0,22350.0,2,37.94954597,-121.29407392,3
2016,2016-06-03,1910,6,2,19,5,N,A,Y,A,H,A,D,22,W,07,B,,,Y,,C,Y,N,D,1,0,0,1,21658.0,2,37.76891,-121.32993,2
2016,2016-06-02,635,6,2,6,4,N,A,Y,A,H,A,D,22,E,08,E,,,,,I,Y,N,A,1,0,0,0,22107.0,1,37.60799361,-121.35551029,3
2016,2016-06-02,1320,6,2,13,4,N,A,Y,A,H,A,A,01,E,03,C,,,,,C,N,N,D,1,0,0,0,22350.0,3,37.75564397,-121.45985672,4
2016,2016-06-02,1220,6,2,12,4,N,A,Y,A,H,A,A,01,W,03,C,,,,,C,Y,N,D,1,0,0,0,22350.0,2,37.75391097,-121.46398176,4
2016,2016-06-07,410,6,2,4,2,N,A,Y,A,H,D,E,22,S,08,F,,,,,A,Y,N,D,1,0,0,0,22107.0,1,,,3
2016,2016-06-08,955,6,2,9,3,Y,A,N,A,H,A,G,25,,09,A,,,,Y,C,Y,N,A,2,0,0,0,21801.0,2,37.69615988,-121.3980999,4
2016,2016-06-05,110,6,2,1,7,N,A,N,A,H,D,A,08,S,01,E,,,,,I,Y,N,D,1,0,0,0,23152.0,1,37.78236343,-121.46359101,2
2016,2016-06-08,1355,6,2,13,3,N,A,Y,A,H,A,A,01,N,08,F,,,,,I,Y,N,D,1,0,0,0,22107.0,1,,,3
2016,2016-05-27,1840,5,1,18,5,N,A,Y,A,H,A,A,01,S,03,C,,,,,C,Y,N,D,2,0,0,0,22350.0,3,37.90266165,-121.22193594,3
2016,2016-05-28,1350,5,1,13,6,N,A,Y,A,H,A,D,22,N,08,E,,,,,I,Y,N,D,1,0,0,0,22107.0,1,37.88526785,-121.27935785,4
2016,2016-05-28,155,5,1,1,6,N,A,Y,A,H,D,D,22,E,01,E,,,,,I,Y,M,D,1,0,0,0,23152.0,1,37.79384311,-120.94609445,2
2016,2016-05-29,1710,5,1,17,7,Y,A,N,A,H,A,L,04,,05,A,,Y,,,G,N,N,D,1,0,1,0,21650.0,2,38.02102995,-121.32996989,3
2016,2016-06-09,30,6,2,0,4,N,A,Y,A,D,D,C,02,E,08,F,,,Y,,A,Y,N,D,2,0,0,2,22107.0,1,37.89007763,-121.52228998,4
2016,2016-06-09,609,6,2,6,4,N,A,Y,A,H,A,A,01,E,08,F,,,,,A,Y,N,D,1,0,0,0,22107.0,1,37.66716262,-121.44857845,3
2016,2016-05-31,2130,5,1,21,2,N,A,Y,A,D,C,A,01,S,08,E,,,,,I,Y,N,D,1,0,0,0,22107.0,1,37.97766114,-121.34088251,4
2016,2016-05-31,1410,5,1,14,2,N,A,Y,A,H,A,A,01,S,03,C,,,,,C,Y,N,D,1,0,0,0,22350.0,4,,,4
2016,2016-06-01,840,6,2,8,3,N,A,Y,A,H,A,D,22,S,03,C,,,,,C,Y,N,D,1,0,0,0,22350.0,3,37.75092794,-121.13945993,4
2016,2016-05-15,2354,5,1,23,7,N,A,N,A,D,D,A,01,E,01,C,,,,Y,C,Y,N,D,2,0,0,0,23152.0,3,37.90293904,-121.46546237,3
2016,2016-05-30,150,5,1,1,1,N,A,N,A,H,C,A,01,W,01,E,,,,,I,Y,N,D,1,0,0,0,23152.0,1,37.856695,-120.99986223,3
2016,2016-06-01,705,6,2,7,3,N,A,Y,A,H,A,A,01,N,03,C,,,,,C,Y,N,D,2,0,0,0,22350.0,3,37.75487463,-121.14699613,4
2016,2016-06-01,1420,6,2,14,3,N,A,N,A,H,A,A,01,W,08,D,,,,,C,N,N,D,1,0,0,0,22103.0,2,38.00513921,-121.31593077,4
2016,2016-06-01,1545,6,2,15,3,N,A,Y,A,H,A,M,47,N,03,C,,,,,C,Y,M,D,1,0,0,0,22350.0,2,37.90521038,-121.22291896,4
2016,2016-06-01,1600,6,2,16,3,N,A,Y,A,H,A,A,01,N,03,C,,,,,C,N,N,D,1,0,0,0,22350.0,2,37.77702253,-121.18248532,4
2016,2016-06-02,1022,6,2,10,4,N,A,N,A,H,A,A,01,S,03,C,,,,,C,Y,N,A,2,0,0,0,22350.0,2,38.08581595,-121.31045,3
2016,2016-06-02,1130,6,2,11,4,N,A,Y,A,D,A,A,07,W,03,C,,,,,C,Y,N,A,2,0,0,0,22350.0,5,38.11560938,-121.3400999,3
2016,2016-06-03,1610,6,2,16,5,N,A,N,A,H,A,D,22,N,03,C,,,,,C,Y,N,D,1,0,0,0,22350.0,2,37.67869173,-121.25983179,4
2016,2016-06-03,1345,6,2,13,5,Y,A,Y,A,H,A,D,22,,03,C,,,,,C,Y,N,D,1,0,0,0,22350.0,2,38.16278764,-121.15101832,4
2016,2016-06-03,1445,6,2,14,5,N,A,N,A,H,A,A,01,S,03,C,,,,,C,N,N,D,1,0,0,0,22350.0,2,37.77398226,-121.25214789,4
2016,2016-06-02,1355,6,2,13,4,N,A,Y,A,H,A,A,01,S,01,E,,,,,I,Y,M,A,1,0,0,0,23152.0,1,38.14504,-121.26171,4
2016,2016-06-04,1030,6,2,10,6,N,A,Y,A,H,A,A,01,N,08,E,,,,,I,Y,N,D,1,0,0,0,22107.0,1,37.90550334,-121.22330286,2
2016,2016-06-04,1545,6,2,15,6,Y,A,N,A,H,A,A,01,,09,D,,,,,C,Y,N,A,3,0,0,0,21802.0,2,37.96444993,-121.23036996,4