ACCIDENT_YEAR,COLLISION_DATE,COLLISION_TIME,MONTH,SEASON,24HOURS,DAY_OF_WEEK,INTERSECTION,WEATHER_1,STATE_HWY_IND,ROAD_SURFACE,ROAD_COND_1,LIGHTING,STWD_VEHTYPE_AT_FAULT,CHP_VEHTYPE_AT_FAULT,DIRECTION,PCF_VIOL_CATEGORY,TYPE_OF_COLLISION,PEDESTRIAN_ACCIDENT,BICYCLE_ACCIDENT,MOTORCYCLE_ACCIDENT,TRUCK_ACCIDENT,MVIW,TOW_AWAY,HIT_AND_RUN,CONTROL_DEVICE,NUMBER_INJURED,COUNT_PED_INJURED,COUNT_BICYCLIST_INJURED,COUNT_MC_INJURED,PCF_VIOLATION,PARTY_COUNT,POINT_Y,POINT_X,COLLISION_SEVERITY
2016,2016-12-02,1630,12,4,16,5,N,A,Y,A,H,B,D,22,W,03,C,,,,,C,N,N,D,1,0,0,0,22350.0,2,37.7678001,-121.332187,4
2016,2016-10-22,1828,10,3,18,6,N,A,Y,A,H,C,C,02,S,08,E,,,Y,,I,Y,N,D,0,0,0,0,22107.0,1,37.81991437,-121.21449883,1
2016,2016-11-22,1712,11,3,17,2,N,A,Y,A,D,D,A,01,S,03,C,,,,,C,N,M,D,2,0,0,0,22350.0,3,37.98051349,-121.34201278,4
2016,2016-11-28,1350,11,3,13,1,N,B,Y,A,H,A,A,01,N,08,E,,,,Y,I,Y,N,D,1,0,0,0,22107.0,3,37.93780336,-121.29787985,3
2016,2016-11-29,1300,11,3,13,2,N,A,Y,A,H,A,A,01,S,03,C,,,,,C,Y,N,D,4,0,0,0,22350.0,2,,,4
2016,2016-11-24,200,11,3,2,4,N,A,Y,A,H,D,A,01,W,01,E,,,,,I,Y,N,D,1,0,0,0,23152.0,1,37.89007201,-121.51455192,3
2016,2016-11-28,1722,11,3,17,1,N,B,Y,A,H,E,D,22,S,03,B,,,,,C,Y,N,D,1,0,0,0,22350.0,2,37.80347594,-121.29873547,4
2016,2016-11-28,1740,11,3,17,1,Y,B,N,A,H,C,A,01,,09,D,,,,,C,Y,N,D,3,0,0,0,21801.0,2,37.9793699,-121.25820998,4
2016,2016-11-28,1020,11,3,10,1,Y,A,Y,A,H,A,D,22,,09,B,,,,,C,Y,N,D,1,0,0,0,21802.0,2,38.03186195,-121.05008181,4
2016,2016-11-29,1820,11,3,18,2,N,A,N,A,D,C,A,08,,03,C,,,,,C,Y,N,A,2,0,0,0,22350.0,2,38.07560992,-121.31045998,4
2016,2016-11-29,1602,11,3,16,2,N,A,Y,A,H,A,A,01,N,03,C,,,,,C,Y,N,D,2,0,0,0,22350.0,5,38.10536294,-121.26006671,3
2016,2016-11-29,1540,11,3,15,2,Y,A,N,A,H,A,A,07,,03,C,,,,,C,Y,N,D,1,0,0,0,22350.0,2,37.76871989,-120.99595993,3
2016,2016-11-30,1819,11,3,18,3,Y,A,N,A,H,D,A,01,,12,D,,,,,C,Y,N,A,1,0,0,0,22450.0,2,38.10111992,-121.33386992,3
2016,2016-11-30,1622,11,3,16,3,N,B,Y,A,H,A,A,01,N,01,E,,,,,I,Y,N,D,1,0,0,0,23152.0,1,37.94845034,-121.30097961,3
2016,2016-12-02,1035,12,4,10,5,N,A,N,A,H,A,D,22,E,09,D,,,,,C,Y,N,D,1,0,0,0,21804.0,2,37.95457468,-121.23183652,3
2016,2016-11-25,1355,11,3,13,5,Y,A,N,A,H,A,A,01,,12,D,,,,,C,Y,N,A,4,0,0,0,22450.0,2,37.88181992,-121.27622989,4
2016,2016-12-01,550,12,4,5,4,N,A,Y,A,H,D,A,08,N,08,E,,,,,I,Y,N,D,1,0,0,0,22107.0,2,37.7981,-121.41194,4
2016,2016-12-04,644,12,4,6,7,N,A,Y,A,G,B,A,07,N,01,F,,,,,J,Y,N,D,1,0,0,0,23152.0,1,38.05961867,-121.46004554,3
2016,2016-12-05,2340,12,4,23,1,N,A,Y,A,H,D,A,01,W,03,C,,,,,C,Y,N,D,2,0,0,0,22350.0,2,37.685532,-121.47889306,3
2016,2016-12-06,1400,12,4,14,2,N,A,Y,A,H,A,A,07,E,08,F,,,,,A,Y,N,D,2,0,0,0,22107.0,1,37.70906844,-121.51838813,3
2016,2016-12-05,1208,12,4,12,1,N,B,Y,A,H,A,A,07,N,07,F,,,,,A,Y,F,D,1,0,0,0,21658.0,2,38.22501424,-121.27476766,4
2016,2016-12-02,1155,12,4,11,5,Y,A,Y,A,H,A,A,01,,01,D,,,,,C,Y,N,A,2,0,0,0,23152.0,2,37.97051989,-121.33725988,3
2019,2019-11-19,857,11,3,8,2,Y,A,N,A,H,A,A,07,,12,D,,,,,C,Y,N,A,1,0,0,0,21453.0,2,37.952598571777344,-121.28433227539062,4
2016,2016-12-07,1730,12,4,17,3,N,A,Y,A,H,D,A,01,W,08,E,,,,,I,Y,N,D,1,0,0,0,22107.0,1,37.76352558,-121.41861438,3
2019,2019-11-25,1532,11,3,15,1,N,A,N,A,H,A,A,01,N,07,D,,,,,C,N,N,D,1,0,0,0,21658.0,2,38.00365829467773,-121.29145050048828,4
2019,2019-11-25,1544,11,3,15,1,N,A,N,A,H,A,-,- ,N,18,H,,,,,J,Y,N,D,1,0,0,0,,1,37.96189498901367,-121.29231262207033,4
2016,2016-10-23,153,10,3,1,7,N,A,Y,A,H,D,A,01,S,03,C,,,,,C,N,F,D,1,0,0,0,22350.0,2,37.96133017,-121.3340351,4
2019,2019-11-25,1312,11,3,13,1,N,A,N,A,H,A,A,01,S,08,D,,,,,C,Y,N,A,1,0,0,0,22100.0,2,37.962493896484375,-121.29246520996094,4
2019,2019-11-25,1738,11,3,17,1,N,A,N,A,H,B,A,01,S,01,E,,,,,I,Y,N,D,1,0,0,0,23152.0,1,37.93848037719727,-121.28726959228516,4
2019,2019-11-26,1501,11,3,15,2,Y,A,N,A,H,A,A,08,,09,D,,,,,C,N,N,A,1,0,0,0,21802.0,2,37.9492301940918,-121.2861099243164,4
2019,2019-11-25,929,11,3,9,1,N,A,N,A,H,A,A,07,S,09,D,,,,,C,Y,N,A,2,0,0,0,21802.0,2,38.01876068115234,-121.30050659179688,3
2016,2016-12-07,1056,12,4,10,3,N,B,Y,A,H,A,A,01,N,08,F,,,,,I,Y,N,D,1,0,0,0,22107.0,1,37.82763771,-121.2897354,4
2016,2016-12-08,730,12,4,7,4,N,C,Y,B,H,A,A,01,E,08,E,,,,,I,Y,N,D,1,0,0,0,22107.0,1,37.9518463,-121.27917188,4
2019,2019-11-25,852,11,3,8,1,N,A,N,A,H,A,A,07,N,03,C,,,,,C,N,N,A,1,0,0,0,22350.0,3,37.96066665649414,-121.28652191162108,4
2019,2019-11-18,1726,11,3,17,1,N,A,N,A,H,C,A,07,W,03,C,,,,,C,Y,N,D,1,0,0,0,22350.0,3,37.99944686889648,-121.30097198486328,4
2019,2019-11-28,1440,11,3,14,4,N,B,N,A,H,A,A,01,S,03,D,,,,,C,N,F,A,1,0,0,0,22350.0,2,38.02097702026367,-121.31520080566406,4
2019,2019-11-24,1237,11,3,12,7,Y,A,N,A,H,A,A,01,,12,D,,,,,C,Y,N,A,1,0,0,0,21453.0,2,37.96136093139648,-121.27581024169922,4
2016,2016-11-12,240,11,3,2,6,N,A,Y,A,H,D,A,01,S,01,E,,,,,I,Y,N,D,4,0,0,0,23152.0,1,38.2427267,-121.44283407,2
2019,2019-11-23,1707,11,3,17,6,Y,A,N,A,H,B,A,01,,09,D,,,,,C,Y,F,A,1,0,0,0,21802.0,4,37.962890625,-121.26242065429688,4
2019,2019-11-30,1730,11,3,17,6,Y,C,N,B,H,C,A,07,,09,D,,,,,C,Y,N,B,2,0,0,0,21800.0,2,38.02103042602539,-121.31941986083984,4
2019,2019-11-29,2050,11,3,20,5,N,A,N,A,H,C,A,07,W,09,D,,,,,C,Y,N,D,1,0,0,0,21804.0,2,37.99726104736328,-121.31220245361328,4
2019,2019-11-30,1714,11,3,17,6,Y,C,N,B,H,B,A,07,,09,D,,,,,C,Y,N,B,2,0,0,0,21800.0,2,38.03010177612305,-121.32285308837892,4
2019,2019-11-29,1818,11,3,18,5,Y,B,N,B,H,C,A,01,,09,D,,,,,C,Y,F,A,1,0,0,0,21802.0,2,37.94860076904297,-121.29003143310548,4
2019,2019-11-30,926,11,3,9,6,N,B,N,A,C,A,A,07,S,03,A,,,,,C,Y,N,D,1,0,0,0,22350.0,3,37.944778442382805,-121.27129364013672,4
2019,2019-11-22,1809,11,3,18,5,N,A,N,A,H,C,A,01,S,03,C,,,,,C,N,N,A,1,0,0,0,22350.0,2,38.00999450683594,-121.29397583007812,4
2019,2019-11-29,1435,11,3,14,5,N,B,N,B,H,A,A,01,N,09,D,,,,,C,Y,N,D,1,0,0,0,21804.0,2,37.98578643798828,-121.340087890625,4
2019,2019-11-22,1631,11,3,16,5,Y,A,N,A,H,A,A,01,,09,D,,,,,C,N,N,D,2,0,0,0,21800.0,2,37.99745178222656,-121.27911376953124,3
2019,2019-11-23,1304,11,3,13,6,Y,A,N,A,H,A,A,01,,09,D,,,,,C,N,N,A,1,0,0,0,21801.0,2,37.95439147949219,-121.27393341064452,4
2019,2019-11-21,1720,11,3,17,4,Y,A,N,A,H,C,A,01,,12,D,,,,,C,N,N,A,1,0,0,0,21453.0,2,37.98754119873047,-121.31242370605467,4
2016,2016-11-17,2200,11,3,22,4,N,A,N,A,H,D,A,01,W,01,E,,,,,I,Y,N,A,1,0,0,0,23152.0,1,37.95560876,-121.42217854,3
2019,2019-11-20,1246,11,3,12,3,Y,A,N,A,H,A,A,01,,12,D,,,,,C,Y,N,A,1,0,0,0,21453.0,2,37.950679779052734,-121.28923797607422,4
2016,2016-11-19,2330,11,3,23,6,N,C,Y,B,H,D,A,01,N,01,E,,,,,I,Y,N,D,1,0,0,0,23152.0,1,37.81370658,-121.20659467,4
2016,2016-11-20,1845,11,3,18,7,N,C,N,B,H,C,N,60,E,11,G,Y,,,,B,N,F,D,1,1,0,0,21954.0,2,37.98267925,-121.25308953,3
2016,2016-11-20,934,11,3,9,7,N,B,N,A,H,A,A,01,S,01,C,,,,,C,Y,N,D,2,0,0,0,23152.0,2,37.83374137,-121.18598775,3
2019,2019-11-20,722,11,3,7,3,N,B,N,A,H,A,-,- ,S,12,D,,,,,D,Y,N,A,1,0,0,0,21453.0,2,38.01632690429688,-121.3125457763672,4
2019,2019-11-19,1615,11,3,16,2,N,A,N,A,H,B,A,01,N,10,G,Y,,,,B,N,M,A,1,1,0,0,21950.0,2,37.93216323852539,-121.26237487792967,4
2019,2019-11-19,1709,11,3,17,2,N,A,N,A,H,C,A,01,E,03,E,,,,,I,Y,M,D,1,0,0,0,22350.0,2,37.98416519165039,-121.35094451904295,4
2016,2016-12-01,1210,12,4,12,4,Y,A,N,A,H,A,A,07,,12,D,,,,,C,Y,N,A,1,0,0,0,21453.0,3,38.02102995,-121.32996989,4
2016,2016-12-04,1845,12,4,18,7,N,A,N,A,H,D,A,01,N,01,D,,,,,C,Y,N,A,1,0,0,0,23152.0,2,37.77945887,-121.17938101,4
2016,2016-12-05,1700,12,4,17,1,N,B,Y,A,H,B,A,01,E,03,B,,,,,C,N,N,D,1,0,0,0,22350.0,2,38.13025206,-121.34418476,4
2016,2016-12-03,1250,12,4,12,6,N,A,N,A,H,A,C,02,S,09,D,,,Y,,C,Y,N,D,1,0,0,1,21804.0,2,37.991622,-121.28667,3
2016,2016-12-05,239,12,4,2,1,N,A,Y,A,H,D,A,01,N,01,F,,,,,A,Y,N,D,2,0,0,0,23152.0,1,38.19509118,-121.40903911,3
2016,2016-11-23,1615,11,3,16,3,N,A,Y,A,H,A,A,01,N,03,C,,,,,C,N,N,D,1,0,0,0,22350.0,3,37.77936813,-121.31474862,4
2016,2016-12-14,620,12,4,6,3,N,E,N,A,H,D,D,22,E,03,F,,,,,J,Y,N,D,1,0,0,0,22350.0,1,37.65372722,-121.25837803,4
2016,2016-12-05,1120,12,4,11,1,N,B,Y,A,H,A,A,01,S,03,C,,,,,C,Y,N,D,2,0,0,0,22350.0,2,37.94668443,-121.29971423,2
2016,2016-12-06,2256,12,4,22,2,N,A,Y,A,H,C,A,01,W,03,C,,,,,C,Y,N,D,1,0,0,0,22350.0,2,37.78336082,-121.26241113,4
2016,2016-12-07,1705,12,4,17,3,N,B,Y,A,H,D,A,01,W,03,C,,,,,C,Y,N,D,1,0,0,0,22350.0,3,37.95601837,-121.26449488,4
2016,2016-12-07,1720,12,4,17,3,N,B,Y,B,H,C,A,01,E,03,C,,,,,C,N,N,D,2,0,0,0,22350.0,3,37.9515174,-121.28127961,4
2016,2016-12-13,1805,12,4,18,2,N,A,N,A,H,D,-,- ,S,18,H,,,,,H,Y,N,D,1,0,0,0,,1,38.14423865,-121.39826362,4
2016,2016-12-08,1100,12,4,11,4,N,C,N,B,H,A,-,- ,W,18,E,,,,,J,Y,N,D,1,0,0,0,,1,38.18945454,-121.41053159,4
2016,2016-12-08,140,12,4,1,4,N,B,Y,B,H,D,A,01,S,08,E,,,,,I,Y,N,D,1,0,0,0,22107.0,1,38.10974521,-121.39392557,4
2016,2016-12-07,1455,12,4,14,3,Y,B,N,A,D,A,A,01,,12,D,,,,,C,Y,N,A,1,0,0,0,21453.0,2,38.08652995,-121.31044987,4
2016,2016-12-09,1200,12,4,12,5,N,A,N,A,H,A,D,23,W,01,F,,,,,A,Y,N,D,1,0,0,0,23152.0,1,38.2348511,-121.13632997,4
2016,2016-12-07,1300,12,4,13,3,N,A,Y,A,H,A,A,01,N,08,F,,,,,A,Y,N,D,1,0,0,0,22107.0,1,37.68420655,-121.343075,3
2016,2016-12-07,1715,12,4,17,3,N,C,Y,B,H,C,A,01,S,03,C,,,,,C,N,N,D,1,0,0,0,22350.0,2,37.78315999,-121.22175999,4
2016,2016-12-07,610,12,4,6,3,N,A,Y,A,H,B,A,01,E,03,C,,,,,C,N,N,D,2,0,0,0,22350.0,2,37.67047619,-121.45395798,4
2016,2016-12-10,1356,12,4,13,6,N,B,Y,B,H,A,A,01,S,03,D,,,,Y,C,Y,N,D,2,0,0,0,22350.0,2,38.10802085,-121.39213343,3
2016,2016-12-07,1445,12,4,14,3,N,A,Y,A,H,A,A,01,S,03,C,,,,,C,N,N,D,1,0,0,0,22350.0,3,38.1151,-121.2584,4
2016,2016-12-12,1646,12,4,16,1,N,A,Y,A,H,B,A,01,W,05,B,,,,,C,Y,N,D,2,0,0,0,21650.0,2,38.07636708,-121.18602037,4
2016,2016-12-15,800,12,4,8,4,N,B,N,A,H,A,D,22,S,08,E,,,,,I,Y,N,D,1,0,0,0,22107.0,1,37.90248285,-121.34165926,3
2016,2016-12-10,1950,12,4,19,6,N,B,N,B,H,D,A,07,W,09,D,,,,,C,N,N,D,1,0,0,0,21804.0,2,37.71058801,-121.45472545,4
2016,2016-11-13,1827,11,3,18,7,N,A,Y,A,H,D,A,07,W,08,F,,,,,A,Y,N,D,1,0,0,0,22107.0,1,37.78309992,-121.23979964,3
2016,2016-12-14,1615,12,4,16,3,Y,B,Y,A,H,A,D,22,,12,D,,,,,C,Y,N,A,2,0,0,0,21453.0,2,37.85994999,-121.21879999,4
2016,2016-12-15,1130,12,4,11,4,N,C,Y,B,H,A,G,25,E,03,C,,,,Y,C,Y,N,D,1,0,0,0,22350.0,2,37.78320259,-121.20232013,4
2016,2016-12-14,948,12,4,9,3,N,B,Y,A,H,A,A,01,N,00,E,,,,,I,Y,N,D,1,0,0,0,21685.0,1,37.94688744,-121.29950702,2
2016,2016-11-28,1253,11,3,12,1,N,A,Y,A,H,A,-,99,S,08,B,,,,,C,Y,F,D,1,0,0,0,22107.0,3,37.8962902,-121.22051454,3
2016,2016-12-03,420,12,4,4,6,N,A,Y,A,H,C,A,01,S,08,F,,,,,A,Y,N,D,1,0,0,0,22107.0,1,38.18824871,-121.40376485,4
2016,2016-12-04,2005,12,4,20,7,N,A,Y,A,H,D,A,01,E,03,C,,,,,C,Y,N,D,2,0,0,0,22350.0,4,37.78319749,-121.19891442,4
2016,2016-12-05,250,12,4,2,1,N,A,N,A,H,D,F,24,S,09,B,,,,Y,C,Y,F,A,1,0,0,0,21802.0,2,37.93147012,-121.23372813,4
2016,2016-12-05,1150,12,4,11,1,N,A,Y,A,H,A,A,01,E,08,B,,,,,C,N,N,D,1,0,0,0,22107.0,2,38.00258828,-121.14269303,4
2016,2016-12-06,740,12,4,7,2,N,A,Y,A,H,A,N,60,S,10,G,Y,,,,B,N,N,A,1,1,0,0,21950.0,2,37.92664,-121.32093,2
2016,2016-12-09,700,12,4,7,5,N,E,Y,A,H,A,A,01,S,08,E,,,,Y,I,Y,N,D,1,0,0,0,22107.0,2,37.79854631,-121.30010917,4
2016,2016-12-12,1229,12,4,12,1,Y,B,Y,A,H,A,A,07,,09,D,,,,,C,Y,N,A,4,0,0,0,21802.0,2,38.18921997,-121.26281993,3
2016,2016-12-10,1900,12,4,19,6,N,A,Y,A,H,C,A,01,W,03,C,,,,Y,C,Y,N,D,1,0,0,0,22350.0,2,37.78319774,-121.20968944,2
2016,2016-12-12,538,12,4,5,1,N,B,Y,A,H,D,A,01,N,01,C,,,,,C,Y,N,A,1,0,0,0,23152.0,3,37.82703,-121.29069,4
2016,2016-12-06,1440,12,4,14,2,N,A,Y,A,H,A,A,07,E,08,E,,,,,I,Y,N,D,2,0,0,0,22107.0,1,37.89294387,-121.04523783,4
2016,2016-12-12,1845,12,4,18,1,N,B,Y,A,H,C,A,01,E,05,A,,,,,C,Y,N,D,1,0,0,0,21460.0,2,,,4
2016,2016-10-01,2131,10,3,21,6,N,A,N,A,H,D,A,01,S,01,C,,,,,E,Y,N,D,1,0,0,0,23152.0,3,37.9865728,-121.28486812,1
2016,2016-12-14,1700,12,4,17,3,N,B,Y,A,H,D,A,01,E,03,F,,,,,A,Y,N,D,1,0,0,0,22350.0,1,37.73761215,-121.55591329,4
2016,2016-12-18,1545,12,4,15,7,N,A,Y,A,H,A,A,07,E,03,C,,,,,C,Y,N,D,2,0,0,0,22350.0,2,37.7545875,-121.46156401,4
2020,2020-01-05,940,1,4,9,7,Y,-,N,A,H,A,-,- ,,12,D,,,,,C,N,N,A,2,0,0,0,21453.0,2,37.9673080444336,-121.2951431274414,4
2016,2016-12-18,1740,12,4,17,7,N,A,Y,A,H,D,A,01,S,04,C,,,,,C,Y,N,D,1,0,0,0,21703.0,3,37.77760634,-121.31773467,4
2016,2016-12-19,1435,12,4,14,1,N,A,Y,A,H,A,A,01,E,07,C,,,,,C,Y,N,D,1,0,0,0,21658.0,2,37.74223526,-121.52901096,4
2016,2016-12-19,1020,12,4,10,1,N,A,Y,A,H,A,-,- ,E,18,B,,,,Y,C,Y,N,D,1,0,0,0,,2,37.74358783,-121.54722138,4
2016,2016-12-12,640,12,4,6,1,N,B,Y,A,H,B,A,01,W,03,C,,,,,C,Y,N,D,1,0,0,0,22350.0,2,37.79834945,-121.06186999,4
2016,2016-12-12,1703,12,4,17,1,N,B,Y,A,H,D,A,01,W,03,C,,,,,C,N,N,D,2,0,0,0,22350.0,2,37.9496,-121.2954,4
2020,2020-01-25,2324,1,4,23,6,Y,C,Y,B,H,C,A,01,,01,D,,,,,C,Y,N,A,1,0,0,0,23152.0,2,37.75573348999024,-121.45964050292967,2
2016,2016-12-19,1509,12,4,15,1,N,A,N,A,H,A,A,01,N,03,C,,,,Y,C,Y,F,D,2,0,0,0,22350.0,2,37.98695518,-121.26925847,2
2020,2020-01-26,2040,1,4,20,7,N,A,N,A,H,C,A,01,S,09,D,,,,,D,Y,N,D,1,0,0,0,21804.0,2,38.018348693847656,-121.32350158691406,4
2016,2016-12-14,1857,12,4,18,3,N,A,Y,A,H,D,A,01,E,03,C,,,,,C,Y,N,D,2,0,0,0,22350.0,2,37.76442897,-121.41273099,3
2020,2020-02-06,1738,2,4,17,4,N,A,Y,A,H,B,A,01,W,03,C,,,,,C,Y,N,A,1,0,0,0,22350.0,3,37.9306869506836,-121.32038879394533,4
2016,2016-12-15,2025,12,4,20,4,N,B,N,B,H,D,A,01,E,03,F,,,,,A,Y,N,D,1,0,0,0,22350.0,1,37.76920736,-120.93479357,4
2016,2016-12-05,19,12,4,0,1,N,A,Y,A,D,C,G,25,N,07,B,,,,Y,C,Y,N,D,1,0,0,0,21658.0,2,37.82726318,-121.2898878,1
2016,2016-12-09,1319,12,4,13,5,N,A,Y,A,H,A,A,01,S,03,C,,,,,C,Y,F,D,1,0,0,0,22350.0,2,37.84798582,-121.2837788,4
2016,2016-12-03,1813,12,4,18,6,N,A,Y,A,H,C,A,01,S,01,C,,,,,C,Y,N,D,1,0,0,0,23152.0,2,37.79994005,-121.29997486,3
2016,2016-12-10,2017,12,4,20,6,Y,A,N,A,H,C,D,22,,09,D,,,,,C,Y,N,A,1,0,0,0,21802.0,2,38.15839994,-121.31570998,4
2016,2016-11-20,1640,11,3,16,7,N,A,Y,B,H,D,A,01,E,03,C,,,,,C,Y,N,D,4,0,0,0,22350.0,4,37.78315069,-121.22983,2
2016,2016-12-22,2050,12,4,20,4,N,A,Y,A,H,D,A,07,N,03,C,,,,,C,Y,N,D,5,0,0,0,22350.0,3,37.60082025,-121.34303011,4
2016,2016-12-22,1925,12,4,19,4,N,A,Y,A,H,D,A,01,E,03,C,,,,,C,N,N,D,1,0,0,0,22350.0,2,37.75810628,-121.45303278,4
2016,2016-12-09,302,12,4,3,5,N,B,Y,B,H,C,A,01,W,01,E,,,,,I,Y,N,D,1,0,0,0,23152.0,1,37.9479841,-121.30315955,3
2016,2016-12-10,1940,12,4,19,6,N,B,Y,B,H,D,D,22,S,03,F,,,,,I,Y,N,D,1,0,0,0,22350.0,1,38.14468,-121.26049,3
2016,2016-12-06,1357,12,4,13,2,N,A,Y,A,H,A,D,22,W,03,C,,,,,C,Y,N,D,2,0,0,0,22350.0,2,37.78320282,-121.19834994,3
2016,2016-12-06,1610,12,4,16,2,N,A,N,A,H,A,A,07,W,03,C,,,,,C,Y,N,D,2,0,0,0,22350.0,2,37.73952001,-121.15875623,4
2016,2016-12-13,1750,12,4,17,2,N,B,Y,B,H,D,A,01,N,08,E,,,,,I,Y,N,D,1,0,0,0,22107.0,1,38.03558858,-121.36587764,4
2016,2016-12-13,848,12,4,8,2,N,B,Y,A,H,A,A,07,W,03,C,,,,Y,C,Y,N,D,1,0,0,0,22350.0,2,37.79862609,-121.0360696,4
2016,2016-12-13,1338,12,4,13,2,N,B,Y,A,H,A,D,22,S,01,C,,,,,C,N,N,D,1,0,0,0,23152.0,2,37.76817498,-121.16972529,4
2016,2016-12-16,1755,12,4,17,5,N,A,N,A,H,C,D,22,E,03,C,,,,,C,Y,N,A,1,0,0,0,22350.0,2,37.782162,-121.530798,4
2016,2016-12-11,535,12,4,5,7,N,B,N,A,H,D,A,01,E,08,E,,,,,I,Y,N,D,1,0,0,0,22107.0,1,37.73975738,-121.37106666,4
2016,2016-12-21,1720,12,4,17,3,N,A,N,A,H,D,A,01,N,03,C,,,,,C,Y,N,D,3,0,0,0,22350.0,2,37.75478215,-121.48624524,3
2016,2016-12-18,1158,12,4,11,7,N,A,Y,A,H,A,A,01,S,03,C,,,,,C,Y,N,D,2,0,0,0,22350.0,2,37.97782141,-121.34094562,3
2016,2016-12-26,1525,12,4,15,1,N,A,Y,A,H,A,A,01,E,03,E,,,,,I,Y,N,D,1,0,0,0,22350.0,1,37.74200186,-121.52542143,3
2016,2016-12-25,1945,12,4,19,7,N,B,Y,A,H,D,A,01,S,01,E,,,,,I,Y,N,D,1,0,0,0,23152.0,2,37.85886953,-121.21855478,3
2020,2020-07-01,1707,7,2,17,3,N,A,N,A,H,A,J,48,N,03,C,,,,,A,N,N,D,1,0,0,0,22350.0,2,38.1330680847168,-121.27516174316406,3
2016,2016-12-25,1800,12,4,18,7,Y,A,Y,A,H,D,A,01,,01,D,,,,,C,Y,F,D,3,0,0,0,23152.0,2,38.13793931,-121.20598998,3
2016,2016-12-12,1415,12,4,14,1,N,A,Y,A,H,A,E,22,W,03,B,,,,,C,N,N,D,2,0,0,0,22350.0,2,37.96161,-121.24257,4
2016,2016-12-20,1400,12,4,14,2,N,A,Y,A,H,A,A,01,S,03,C,,,,,C,Y,N,D,2,0,0,0,22350.0,2,38.09921052,-121.26026004,4
2016,2016-12-26,642,12,4,6,1,N,A,Y,A,H,A,A,01,N,08,E,,,,,I,Y,N,D,1,0,0,0,22107.0,1,38.17560743,-121.26222048,3
2016,2016-12-14,1201,12,4,12,3,N,A,Y,A,H,A,D,22,N,08,E,,,,,I,Y,N,D,1,0,0,0,22107.0,1,38.23903539,-121.2837073,4
2016,2016-12-26,1404,12,4,14,1,N,A,N,A,H,A,D,22,E,03,C,,,,,C,N,N,A,1,0,0,0,22350.0,2,38.05746,-121.2962879,4
2016,2016-12-14,1540,12,4,15,3,N,A,N,A,H,A,A,01,E,09,D,,,,,C,N,N,A,3,0,0,0,21802.0,2,38.21833952,-121.26315171,4
2016,2016-12-16,1013,12,4,10,5,N,A,Y,A,H,A,A,01,N,03,C,,,,,C,Y,N,D,1,0,0,0,22350.0,2,37.81281147,-121.29544299,4
2016,2016-12-14,458,12,4,4,3,N,B,Y,A,H,D,-,- ,E,00,B,,,,,C,Y,N,D,2,0,0,0,,2,38.1284909,-121.16779049,4
2016,2016-12-13,710,12,4,7,2,N,A,Y,A,H,A,D,22,W,07,B,,,,Y,C,Y,N,D,2,0,0,0,21658.0,2,37.74084192,-121.50399067,2
2016,2016-12-25,1735,12,4,17,7,N,A,N,A,H,D,A,07,N,01,E,,,,,I,Y,N,D,4,0,0,0,23152.0,1,38.20600921,-121.26203838,2
2016,2016-12-14,2325,12,4,23,3,N,B,Y,A,D,C,D,22,W,03,C,,,,,C,Y,N,A,1,0,0,0,22350.0,2,37.76476729,-121.37192994,2
2016,2016-12-28,600,12,4,6,3,N,A,Y,A,H,D,G,25,S,07,B,,,,Y,C,Y,N,D,2,0,0,0,21658.0,2,37.87245599,-121.2778189,4
2016,2016-12-22,1220,12,4,12,4,N,A,Y,A,H,A,E,22,N,08,E,,,,,I,Y,N,D,1,0,0,0,22107.0,1,37.97981999,-121.34173083,3
2016,2016-12-22,700,12,4,7,4,N,B,Y,A,H,A,A,01,W,07,B,,,,,C,Y,N,D,1,0,0,0,21658.0,2,,,4
2016,2016-12-16,435,12,4,4,5,N,A,Y,A,H,C,A,01,S,03,C,,,,,C,Y,N,D,1,0,0,0,22350.0,2,37.80917028,-121.29673594,4
2016,2016-12-16,1130,12,4,11,5,Y,A,N,A,H,A,A,01,,12,B,,,,,C,Y,N,A,1,0,0,0,21453.0,3,38.01010998,-121.32395992,4
2016,2016-12-16,1730,12,4,17,5,N,B,Y,A,H,D,D,22,N,03,C,,,,,C,Y,N,D,1,0,0,0,22350.0,3,37.98809375,-121.34500993,4
2016,2016-12-16,1413,12,4,14,5,N,A,N,A,H,A,A,07,N,09,D,,,,,C,Y,N,D,1,0,0,0,21804.0,2,37.992473,-121.266153,4
2016,2016-12-17,1145,12,4,11,6,N,A,Y,A,H,A,A,01,S,08,E,,,,,I,Y,N,D,1,0,0,0,22107.0,2,37.73510231,-121.11552894,4
2016,2016-12-17,925,12,4,9,6,Y,A,Y,A,H,A,C,02,,21,F,,,Y,,A,N,N,D,1,0,0,1,22106.0,1,,,4
2016,2016-12-17,1720,12,4,17,6,N,A,N,A,H,D,A,07,N,03,C,,,,,C,Y,N,D,2,0,0,0,22350.0,2,37.99310968,-121.26579289,4
2016,2016-12-18,1312,12,4,13,7,Y,A,N,A,H,A,A,01,,12,D,,,,,C,Y,N,A,1,0,0,0,21453.0,2,37.98334988,-121.27126991,2
2016,2016-12-28,1205,12,4,12,3,N,A,Y,A,H,A,A,01,W,08,E,,,,,J,Y,N,D,1,0,0,0,22107.0,1,37.74252652,-121.5335167,3