ACCIDENT_YEAR,COLLISION_DATE,COLLISION_TIME,MONTH,SEASON,24HOURS,DAY_OF_WEEK,INTERSECTION,WEATHER_1,STATE_HWY_IND,ROAD_SURFACE,ROAD_COND_1,LIGHTING,STWD_VEHTYPE_AT_FAULT,CHP_VEHTYPE_AT_FAULT,DIRECTION,PCF_VIOL_CATEGORY,TYPE_OF_COLLISION,PEDESTRIAN_ACCIDENT,BICYCLE_ACCIDENT,MOTORCYCLE_ACCIDENT,TRUCK_ACCIDENT,MVIW,TOW_AWAY,HIT_AND_RUN,CONTROL_DEVICE,NUMBER_INJURED,COUNT_PED_INJURED,COUNT_BICYCLIST_INJURED,COUNT_MC_INJURED,PCF_VIOLATION,PARTY_COUNT,POINT_Y,POINT_X,COLLISION_SEVERITY
2017,2017-04-13,514,4,1,5,4,N,A,Y,A,H,D,A,07,W,08,F,,,,,A,Y,N,D,1,0,0,0,22107.0,1,37.68201769,-121.47308576,4
2017,2017-03-13,1520,3,1,15,1,N,A,N,A,H,A,D,22,W,03,C,,,,,C,Y,N,D,3,0,0,0,22350.0,3,38.00047854,-121.26092003,4
2017,2017-04-03,1615,4,1,16,1,N,A,N,A,H,A,A,07,S,03,E,,,,,I,N,N,D,1,0,0,0,22350.0,1,37.91703648,-121.00012501,4
2017,2017-03-31,822,3,1,8,5,N,A,Y,A,H,A,D,22,N,03,C,,,,,C,Y,N,D,3,0,0,0,22350.0,3,37.99267191,-121.34680735,4
2017,2017-04-10,1523,4,1,15,1,N,A,Y,A,H,A,A,01,S,08,C,,,,,C,Y,N,D,1,0,0,0,22107.0,2,37.84830599,-121.28397988,4
2017,2017-04-10,1005,4,1,10,1,Y,A,Y,A,H,A,D,22,,01,A,,,,,C,Y,N,D,1,0,0,0,23152.0,2,38.19066212,-121.08848319,2
2017,2017-04-17,1924,4,1,19,1,N,B,Y,B,H,C,A,01,W,03,C,,,,,C,Y,N,D,1,0,0,0,22350.0,3,,,4
2017,2017-04-06,805,4,1,8,4,Y,B,Y,A,H,A,G,55,,09,D,,,,Y,C,Y,N,D,1,0,0,0,21801.0,2,37.79809685,-121.09265886,4
2017,2017-04-14,1725,4,1,17,5,N,A,N,A,H,A,A,01,W,13,H,,,,,A,N,N,D,1,0,0,0,22515.0,1,38.02895424,-121.18755601,4
2017,2017-04-14,1850,4,1,18,5,N,A,Y,A,H,A,C,02,S,03,E,,,Y,,A,Y,N,D,1,0,0,1,22350.0,1,38.2162456,-121.26918141,3
2017,2017-04-15,730,4,1,7,6,N,A,N,A,H,A,A,01,N,08,E,,,,,I,Y,N,D,1,0,0,0,22107.0,1,37.89442638,-121.27598345,3
2017,2017-04-14,2120,4,1,21,5,N,A,Y,A,H,C,A,07,W,03,C,,,,,C,Y,N,D,1,0,0,0,22350.0,3,37.78319,-121.19588302,4
2020,2020-02-02,1605,2,4,16,7,Y,A,N,A,H,A,A,01,,08,D,,,,,C,,N,A,1,0,0,0,22100.0,2,38.00461959838867,-121.3180694580078,4
2017,2017-04-12,347,4,1,3,3,N,A,Y,A,H,D,A,01,N,03,C,,,,,C,Y,N,D,1,0,0,0,22350.0,2,37.77051754,-121.32747156,4
2017,2017-04-15,529,4,1,5,6,N,A,Y,A,H,B,A,07,S,04,C,,,,,A,Y,N,D,1,0,0,0,21703.0,3,37.76988568,-121.32833281,4
2017,2017-04-19,1555,4,1,15,3,N,B,Y,A,H,A,-,- ,W,00,B,,,Y,,D,Y,N,D,1,0,0,1,,2,37.78942089,-121.29750457,3
2017,2017-04-19,945,4,1,9,3,N,A,Y,A,H,D,A,01,E,08,B,,,,,C,Y,N,D,3,0,0,0,22107.0,2,37.74367754,-121.55067222,3
2017,2017-04-19,240,4,1,2,3,N,A,Y,A,H,D,D,22,,08,E,,,,,I,Y,N,D,1,0,0,0,22107.0,1,37.70672365,-121.51386539,4
2017,2017-04-19,1830,4,1,18,3,N,A,Y,A,H,A,A,08,W,03,C,,,,,C,N,N,D,2,0,0,0,22350.0,2,37.74812074,-121.47735937,4
2017,2017-04-20,724,4,1,7,4,N,B,N,A,H,A,A,07,N,08,F,,,,,A,Y,N,D,1,0,0,0,22107.0,1,37.71289896,-121.3616011,4
2017,2017-04-13,1510,4,1,15,4,N,A,Y,A,H,A,-,- ,S,00,B,,,,,C,Y,N,D,5,0,0,0,,3,37.78007211,-121.31380368,3
2017,2017-04-13,1,4,1,0,4,Y,B,N,B,H,D,D,22,,08,E,,,,,I,Y,N,D,1,0,0,0,22107.0,1,37.85674999,-120.94648991,3
2017,2017-04-14,1845,4,1,18,5,N,A,N,A,H,A,A,01,N,09,D,,,Y,,C,N,N,D,1,0,0,1,21804.0,2,37.88295096,-121.27315847,3
2017,2017-04-18,2050,4,1,20,2,N,B,Y,A,H,C,A,01,S,08,E,,,,,I,Y,N,D,1,0,0,0,22107.0,1,37.77208049,-121.17585165,4
2017,2017-04-18,740,4,1,7,2,Y,C,Y,A,H,A,D,22,,04,C,,,,,C,Y,N,A,1,0,0,0,21703.0,2,38.16409468,-121.14918762,4
2017,2017-04-05,2110,4,1,21,3,N,A,N,A,H,D,A,01,E,01,A,,,,,C,Y,N,D,4,0,0,0,23153.0,2,37.73983516,-121.37048811,2
2017,2017-04-23,1850,4,1,18,7,N,B,N,A,H,A,D,22,N,01,C,,,,,C,Y,F,D,2,0,0,0,23152.0,2,37.990717,-121.267144,3
2017,2017-04-23,438,4,1,4,7,N,A,Y,A,H,D,A,01,N,01,E,,,,,I,Y,N,D,1,0,0,0,23152.0,1,37.96877232,-121.33738763,4
2017,2017-04-10,647,4,1,6,1,N,A,Y,A,H,A,A,01,E,03,C,,,,,C,Y,N,D,2,0,0,0,22350.0,2,37.76309724,-121.43086038,4
2017,2017-04-20,1410,4,1,14,4,N,A,Y,A,H,A,A,01,E,03,C,,,,,C,Y,N,D,2,0,0,0,22350.0,2,37.76552295,-121.34720422,4
2017,2017-04-23,1615,4,1,16,7,N,A,Y,A,H,A,A,07,E,03,C,,,,,C,Y,N,D,3,0,0,0,22350.0,2,37.76556771,-121.34675872,4
2017,2017-04-23,1605,4,1,16,7,N,A,Y,A,H,A,A,01,S,07,C,,,,,C,Y,N,D,1,0,0,0,21658.0,2,,,4
2017,2017-04-24,1355,4,1,13,1,N,A,Y,A,H,A,A,01,W,08,E,,,,,I,Y,N,D,1,0,0,0,22107.0,1,37.7650718,-121.37433994,4
2017,2017-04-24,2225,4,1,22,1,N,A,Y,A,H,D,A,01,E,05,A,,,,Y,C,Y,N,D,1,0,0,0,21460.0,2,37.89281849,-121.48721129,3
2017,2017-04-25,840,4,1,8,2,N,A,Y,A,H,A,A,01,W,03,C,,,,,C,Y,N,D,1,0,0,0,22350.0,2,37.74295954,-121.53742651,4
2017,2017-04-17,540,4,1,5,1,N,B,Y,B,H,D,A,07,N,08,C,,,,,C,Y,N,B,2,0,0,0,22107.0,1,,,3
2017,2017-04-17,1550,4,1,15,1,N,B,Y,B,H,A,G,25,N,07,B,,,,Y,C,Y,N,D,3,0,0,0,21658.0,2,37.95536791,-121.3142425,3
2017,2017-04-18,1830,4,1,18,2,N,B,Y,A,H,A,D,22,W,08,B,,,,,C,Y,F,D,1,0,0,0,22107.0,2,37.79414524,-120.97052974,4
2017,2017-04-18,1820,4,1,18,2,Y,A,N,A,H,A,C,02,,05,D,,,Y,,C,Y,N,D,1,0,0,1,21752.0,2,37.88238994,-121.28836993,2
2017,2017-04-18,1052,4,1,10,2,N,A,Y,A,H,A,A,07,S,08,E,,,,,I,Y,N,D,2,0,0,0,22107.0,1,37.89866912,-121.22066251,4
2017,2017-04-19,132,4,1,1,3,N,A,N,A,H,D,A,01,E,01,E,,,,,J,Y,N,D,2,0,0,0,23152.0,1,37.7577569,-121.0493479,4
2017,2017-04-14,915,4,1,9,5,Y,A,N,A,H,A,A,07,,08,D,,,,,C,N,N,D,1,0,0,0,22107.0,2,38.15245995,-121.30707986,4
2017,2017-04-14,2052,4,1,20,5,N,A,Y,A,H,D,-,- ,N,00,C,,,,,C,Y,M,D,1,0,0,0,,3,,,4
2017,2017-04-14,1630,4,1,16,5,N,A,Y,A,H,A,A,01,S,03,C,,,,,C,Y,N,D,1,0,0,0,22350.0,2,,,4
2017,2017-04-15,1103,4,1,11,6,N,A,Y,A,H,A,A,07,W,03,C,,,,,C,Y,N,D,2,0,0,0,22350.0,3,38.11555842,-121.33524949,4
2017,2017-04-15,1715,4,1,17,6,N,A,Y,A,H,A,E,22,E,01,B,,,,,C,Y,N,D,4,0,0,0,23152.0,2,38.06744482,-121.18873034,3
2017,2017-04-16,1830,4,1,18,7,N,C,Y,B,H,A,A,01,E,03,C,,,,,C,Y,N,D,5,0,0,0,22350.0,5,37.78343973,-121.24544998,3
2017,2017-04-16,1815,4,1,18,7,N,C,Y,B,H,A,A,07,W,03,F,,,,,I,Y,N,D,1,0,0,0,22350.0,1,37.78800463,-121.28157361,3
2017,2017-04-16,1235,4,1,12,7,Y,A,Y,A,H,A,A,01,,09,D,,,,,C,Y,N,D,4,0,0,0,21801.0,3,38.23606805,-121.05106005,3
2017,2017-04-16,1730,4,1,17,7,N,B,Y,B,H,B,E,22,S,03,C,,,,,C,Y,F,D,3,0,0,0,22350.0,3,38.12794295,-121.3998606,4
2017,2017-04-14,440,4,1,4,5,Y,A,Y,A,H,D,A,01,,12,D,,,,,C,Y,N,A,1,0,0,0,22450.0,2,37.75821991,-121.51323989,4
2017,2017-04-16,2340,4,1,23,7,N,B,Y,A,H,D,G,25,W,03,C,,,,Y,C,Y,N,D,1,0,0,0,22350.0,2,37.76327961,-121.42028524,4
2017,2017-04-21,2045,4,1,20,5,N,A,Y,A,H,D,A,07,E,03,C,,,,,C,Y,N,D,1,0,0,0,22350.0,2,37.74898302,-121.47525352,4
2017,2017-04-22,1325,4,1,13,6,N,B,N,A,H,A,-,- ,N,18,H,,,Y,,H,N,N,D,1,0,0,1,,1,37.82122,-121.44974,3
2017,2017-04-23,442,4,1,4,7,N,A,Y,A,H,D,A,01,W,08,F,,,,,A,Y,N,D,3,0,0,0,22107.0,1,37.76619749,-121.34037362,3
2017,2017-04-14,1935,4,1,19,5,N,A,N,A,H,B,A,01,W,01,D,,,,,C,Y,N,D,1,0,0,0,23152.0,2,37.98650871,-121.2471723,3
2017,2017-04-27,1555,4,1,15,4,N,A,Y,A,H,A,A,01,N,04,C,,,,,C,Y,N,D,2,0,0,0,21703.0,2,38.1261021,-121.25728137,4
2017,2017-04-20,1800,4,1,18,4,N,A,Y,A,H,A,A,07,N,03,C,,,,,C,Y,N,D,1,0,0,0,22350.0,3,37.78315999,-121.22175999,4
2017,2017-04-21,2245,4,1,22,5,N,A,N,A,H,D,C,02,,05,E,,,Y,,I,Y,N,D,0,0,0,0,21460.0,1,38.04984998,-121.31521994,1
2017,2017-04-21,1820,4,1,18,5,N,A,Y,A,H,A,A,01,S,03,F,,,,,I,Y,N,A,1,0,0,0,22350.0,1,,,4
2017,2017-04-21,2105,4,1,21,5,N,A,Y,A,H,D,A,01,S,03,C,,,,,C,Y,N,D,1,0,0,0,22350.0,2,37.86504043,-121.27928146,4
2017,2017-04-21,1630,4,1,16,5,N,A,Y,A,H,A,A,07,E,03,C,,,,,C,N,N,D,3,0,0,0,22350.0,5,37.95003391,-121.29115574,4
2017,2017-04-21,1834,4,1,18,5,N,A,Y,A,H,A,D,22,S,01,E,,,,,I,Y,N,D,1,0,0,0,23152.0,1,37.96125,-121.24142,4
2017,2017-04-21,1440,4,1,14,5,N,A,Y,A,H,A,A,01,E,03,C,,,,,C,Y,N,D,1,0,0,0,22350.0,2,37.78320475,-121.19970979,4
2017,2017-04-21,1310,4,1,13,5,N,A,Y,A,H,A,D,22,N,03,C,,,,,C,Y,N,D,1,0,0,0,22350.0,3,37.90885275,-121.28787141,4
2017,2017-04-22,2036,4,1,20,6,N,A,Y,A,H,D,D,22,E,01,E,,,,,I,Y,N,D,1,0,0,0,23152.0,1,38.18872819,-121.09235604,4
2017,2017-04-23,54,4,1,0,7,N,A,Y,A,H,D,A,01,N,01,C,,,,,E,Y,N,D,1,0,0,0,23152.0,2,38.17496791,-121.26244378,3
2017,2017-04-23,1,4,1,0,7,N,A,Y,A,H,D,A,01,S,01,F,,,,,I,Y,M,D,1,0,0,0,23152.0,1,37.89648118,-121.28341713,3
2017,2017-04-23,1815,4,1,18,7,N,A,Y,A,H,A,D,22,W,03,C,,,,,C,Y,N,D,2,0,0,0,22350.0,3,37.78334117,-121.26068095,2
2017,2017-04-23,8,4,1,0,7,N,A,Y,A,H,C,A,01,S,01,C,,,,,C,Y,N,D,2,0,0,0,23152.0,2,37.95655806,-121.32805765,4
2017,2017-04-24,32,4,1,0,1,N,B,Y,A,H,D,A,01,W,01,B,,,,Y,C,Y,N,D,1,0,0,0,23152.0,3,37.78320865,-121.21246003,2
2017,2017-04-24,1830,4,1,18,1,Y,A,N,A,H,A,-,98,,12,D,,,,,C,Y,N,A,1,0,0,0,22450.0,2,37.98534989,-121.2656799,4
2017,2017-04-24,830,4,1,8,1,N,B,Y,A,H,A,G,25,S,07,B,,,,Y,C,N,M,D,1,0,0,0,21658.0,2,37.81925759,-121.29265031,4
2017,2017-04-24,305,4,1,3,1,N,A,Y,A,H,D,A,01,S,08,E,,,,,I,Y,N,D,1,0,0,0,22107.0,1,37.7978496,-121.30026659,4
2017,2017-04-24,307,4,1,3,1,N,A,N,A,H,D,A,01,W,01,E,,,,,J,Y,N,D,1,0,0,0,23152.0,1,38.14586929,-121.37705689,3
2017,2017-04-04,738,4,1,7,2,N,A,Y,A,H,A,E,22,W,03,B,,,,,C,Y,N,D,1,0,0,0,22350.0,2,37.79041556,-121.29277746,2
2017,2017-04-23,1838,4,1,18,7,N,A,N,A,H,A,A,08,E,03,C,,,,,C,N,N,D,1,0,0,0,22350.0,2,37.7971,-121.27062,4
2017,2017-04-25,1330,4,1,13,2,Y,A,N,A,H,A,D,22,,12,D,,,,,C,Y,N,A,1,0,0,0,21453.0,2,37.95564994,-121.22759994,4
2017,2017-04-25,2135,4,1,21,2,N,A,Y,A,H,D,A,07,N,08,F,,,,,I,Y,N,D,1,0,0,0,22107.0,1,37.79441008,-121.30094541,2
2017,2017-04-25,843,4,1,8,2,Y,A,N,A,H,A,A,01,,09,D,,,,,C,N,N,A,1,0,0,0,21802.0,2,38.15612999,-121.14195994,4
2017,2017-04-25,1339,4,1,13,2,N,A,N,A,H,A,A,01,N,08,D,,,,,C,Y,N,D,1,0,0,0,22107.0,2,38.05746,-121.29634,4
2017,2017-04-26,740,4,1,7,3,N,C,Y,B,H,A,D,22,E,03,C,,,,,C,Y,N,D,2,0,0,0,22350.0,3,37.95133051,-121.28353144,4
2017,2017-02-03,2036,2,4,20,5,N,C,N,B,H,D,A,01,W,01,A,,,,Y,C,Y,N,D,1,0,0,0,23152.0,2,38.18929,-121.36527,1
2020,2020-01-18,2328,1,4,23,6,N,B,Y,A,H,C,A,01,W,01,C,,,,,C,Y,N,A,2,0,0,0,23152.0,2,38.1153678894043,-121.2830810546875,4
2017,2017-04-26,1555,4,1,15,3,N,B,Y,A,H,A,A,08,N,03,C,,,,,C,N,M,A,1,0,0,0,22350.0,2,37.9705,-121.33842,4
2017,2017-04-18,1555,4,1,15,2,N,A,Y,A,H,D,A,07,S,03,C,,,,,C,Y,N,D,1,0,0,0,22350.0,4,37.78617592,-121.30459146,4
2017,2017-04-26,825,4,1,8,3,N,B,Y,B,H,A,A,01,N,03,C,,,,,C,Y,N,D,2,0,0,0,22350.0,3,37.9796005,-121.34128409,4
2017,2017-04-26,1040,4,1,10,3,N,A,Y,A,H,A,A,01,W,03,C,,,,,C,N,N,D,2,0,0,0,22350.0,2,37.76502316,-121.39806024,4
2017,2017-04-27,1310,4,1,13,4,N,A,Y,A,H,A,D,22,E,03,C,,,,,C,Y,N,D,2,0,0,0,22350.0,3,37.98117575,-121.20531173,3
2017,2017-04-28,246,4,1,2,5,N,A,Y,A,H,D,A,01,S,01,C,,,,,C,Y,N,D,2,0,0,0,23152.0,2,38.21326128,-121.26753224,3
2017,2017-04-23,2243,4,1,22,7,N,A,Y,A,H,C,A,07,E,03,C,,,,,C,Y,N,A,3,0,0,0,22350.0,2,38.10194745,-121.17818101,4
2017,2017-04-26,225,4,1,2,3,N,A,Y,A,H,C,A,01,S,01,E,,,,,I,Y,N,D,1,0,0,0,23152.0,1,38.13618239,-121.25765129,3
2017,2017-04-28,1230,4,1,12,5,N,A,Y,A,H,A,A,07,S,08,E,,,,,I,Y,N,D,2,0,0,0,22107.0,1,37.95241,-121.30799,4
2017,2017-04-21,915,4,1,9,5,N,A,Y,A,H,A,A,01,S,03,C,,,,,C,N,N,A,1,0,0,0,22350.0,3,,,4
2017,2017-04-30,1430,4,1,14,7,N,A,N,A,H,A,A,01,W,03,D,,,,,C,Y,N,A,1,0,0,0,22350.0,2,37.89009,-121.27642,3
2017,2017-04-29,1130,4,1,11,6,N,A,Y,A,H,A,A,01,E,03,C,,,,,C,Y,N,D,2,0,0,0,22350.0,3,37.78314469,-121.23160965,4
2017,2017-04-28,2342,4,1,23,5,N,A,Y,A,H,C,A,07,N,03,F,,,,,A,Y,N,D,1,0,0,0,22350.0,1,37.985,-121.25081,3
2017,2017-04-29,1040,4,1,10,6,N,A,Y,A,H,A,D,22,W,03,C,,,,,C,Y,N,D,1,0,0,0,22350.0,3,37.78320376,-121.19900994,4
2017,2017-04-29,1324,4,1,13,6,N,A,N,A,H,A,A,01,E,08,D,,,,Y,C,Y,N,D,2,0,0,0,22107.0,2,38.10292077,-121.12415068,2
2017,2017-04-24,1444,4,1,14,1,N,B,Y,A,H,A,D,22,W,03,C,,,,,C,N,N,D,1,0,0,0,22350.0,2,37.76040328,-121.44735725,4
2017,2017-05-01,639,5,1,6,1,Y,A,Y,A,H,A,A,08,,09,D,,,,,C,N,N,A,1,0,0,0,21802.0,2,38.02470296,-121.07260009,4
2017,2017-05-03,1350,5,1,13,3,N,A,Y,A,H,A,A,07,E,03,C,,,,,C,Y,N,D,2,0,0,0,22350.0,2,37.78319983,-121.19934004,4
2017,2017-04-26,1515,4,1,15,3,N,B,Y,A,H,A,A,01,E,05,A,,,,Y,C,Y,N,D,2,0,0,0,21460.0,2,37.63796171,-121.31983996,3
2017,2017-05-03,1310,5,1,13,3,N,A,N,A,H,A,A,07,S,09,D,,,,,C,Y,N,D,1,0,0,0,21801.0,2,38.01754535,-121.25802909,2
2017,2017-04-29,2000,4,1,20,6,N,A,Y,A,H,B,A,01,S,08,F,,,,,A,Y,N,D,1,0,0,0,22107.0,1,37.81967745,-121.29248945,3
2017,2017-04-20,1733,4,1,17,4,N,A,Y,A,H,A,-,99,S,07,C,,,,,C,Y,F,D,2,0,0,0,21658.0,3,37.95608923,-121.32462003,4
2017,2017-04-29,2305,4,1,23,6,N,A,N,A,H,C,N,60,E,11,G,Y,,,,B,N,N,A,1,1,0,0,21954.0,2,37.9630142,-121.23573382,4
2017,2017-05-04,845,5,1,8,4,N,A,Y,A,H,A,A,01,W,03,C,,,,,C,Y,N,A,1,0,0,0,22350.0,2,38.11555359,-121.33478986,4
2017,2017-05-01,940,5,1,9,1,N,A,Y,A,D,A,A,07,E,08,E,,,,,I,Y,N,D,2,0,0,0,22107.0,1,37.70022951,-121.50310263,3
2017,2017-05-01,800,5,1,8,1,N,A,N,A,H,A,D,22,E,03,C,,,,,C,Y,N,A,1,0,0,0,22350.0,2,37.73972454,-121.37896244,4
2020,2020-01-21,1715,1,4,17,2,Y,B,N,B,H,B,A,01,,09,D,,,,,C,Y,N,A,1,0,0,0,21802.0,2,37.95269012451172,-121.26122283935548,4
2017,2017-04-22,625,4,1,6,6,N,A,Y,A,H,A,G,25,E,03,C,,,,Y,C,Y,N,D,1,0,0,0,22350.0,2,37.76954734,-121.32902232,4
2017,2017-04-29,1815,4,1,18,6,N,A,N,A,H,A,A,01,W,03,B,,,,,I,Y,N,D,1,0,0,0,22350.0,1,37.66747001,-121.28039163,3
2017,2017-05-02,230,5,1,2,2,N,A,Y,A,H,D,A,01,E,03,C,,,,,C,Y,N,D,3,0,0,0,22350.0,2,37.76477139,-121.37026012,4
2020,2020-01-21,1841,1,4,18,2,Y,A,N,A,H,C,A,07,,10,G,Y,,,,B,,N,A,1,1,0,0,21950.0,2,37.984371185302734,-121.34754943847656,3
2020,2020-01-21,2354,1,4,23,2,Y,C,N,B,H,C,A,01,,09,D,,,,,C,Y,M,D,1,0,0,0,21801.0,2,38.00629806518555,-121.31877136230467,4
2020,2020-01-21,1525,1,4,15,2,Y,C,N,B,H,A,A,07,,09,D,,,,,C,Y,N,A,2,0,0,0,21802.0,2,37.955520629882805,-121.27961730957033,3
2017,2017-05-03,540,5,1,5,3,N,A,Y,A,H,D,A,01,S,08,E,,,,,J,Y,N,D,1,0,0,0,22107.0,1,37.63787149,-121.29523209,4
2017,2017-05-04,730,5,1,7,4,N,A,Y,A,H,A,A,01,E,07,B,,,Y,,C,Y,N,D,1,0,0,1,21658.0,2,37.74259543,-121.49164201,3
2017,2017-05-04,2215,5,1,22,4,N,A,N,A,H,D,A,07,W,03,C,,,,,C,Y,N,D,1,0,0,0,22350.0,3,37.72522062,-121.39833831,4
2017,2017-05-04,1020,5,1,10,4,N,A,Y,A,H,A,A,01,W,03,C,,,,,C,Y,N,D,1,0,0,0,22350.0,2,37.74284004,-121.53554437,4
2017,2017-05-04,1545,5,1,15,4,Y,A,N,A,H,A,A,07,,09,A,,,,,C,Y,N,A,1,0,0,0,21801.0,2,37.71051995,-121.4765399,4
2020,2020-01-21,131,1,4,1,2,N,A,N,A,H,D,N,60,W,11,G,Y,,,,B,N,N,D,1,1,0,0,21954.0,2,38.03547286987305,-121.34095764160156,4
2017,2017-05-04,1200,5,1,12,4,N,A,Y,A,H,A,A,01,W,03,C,,,,Y,C,N,N,D,1,0,0,0,22350.0,2,37.76504565,-121.38852997,4
2017,2017-05-05,750,5,1,7,5,N,A,Y,A,H,A,D,22,E,07,C,,,,,C,N,N,D,1,0,0,0,21658.0,2,37.74193407,-121.52128654,3
2020,2020-01-03,2146,1,4,21,5,N,A,N,A,H,C,A,01,N,12,D,,,Y,,C,,F,A,2,0,0,2,22450.0,3,37.933399200439446,-121.28044128417967,3
2017,2017-04-28,1817,4,1,18,5,N,A,Y,A,H,A,A,01,N,08,E,,,,,I,Y,N,D,1,0,0,0,22107.0,1,38.12223866,-121.40024087,3
2017,2017-04-28,2336,4,1,23,5,N,A,N,A,H,C,D,22,W,01,E,,,,,I,Y,N,D,1,0,0,0,23152.0,1,38.0355,-121.18714,3
2017,2017-05-01,255,5,1,2,1,N,A,Y,A,H,D,A,01,S,01,E,,,,,I,Y,N,D,1,0,0,0,23152.0,1,38.05647374,-121.25955884,2
2020,2020-01-03,1455,1,4,14,5,N,A,N,A,H,A,A,01,N,03,C,Y,,,,E,Y,F,A,1,1,0,0,22350.0,3,38.01961898803711,-121.31556701660156,4
2017,2017-05-06,940,5,1,9,6,Y,B,Y,A,H,A,A,01,,09,D,,,,,C,Y,N,A,1,0,0,0,21802.0,2,38.08829,-121.26117,4
2017,2017-05-08,1900,5,1,19,1,Y,A,N,A,H,A,A,01,,09,D,,,,,C,Y,N,A,1,0,0,0,21802.0,2,37.86242989,-121.05419986,4
2017,2017-05-07,520,5,1,5,7,N,A,Y,A,H,D,A,01,S,03,C,,,,,C,Y,N,D,1,0,0,0,22350.0,2,37.8203063,-121.29223746,3
2017,2017-05-08,540,5,1,5,1,N,A,Y,A,H,D,A,07,E,08,F,,,,,A,Y,N,D,1,0,0,0,22107.0,1,38.08428162,-121.1836041,3
2017,2017-05-07,500,5,1,5,7,N,B,Y,A,H,D,A,01,N,08,F,,,,,I,Y,N,D,2,0,0,0,22107.0,1,37.78957248,-121.3017622,2
2017,2017-05-09,600,5,1,6,2,N,A,Y,A,H,A,A,01,W,08,F,,,,,I,Y,N,D,1,0,0,0,22107.0,1,37.78343886,-121.24296,3
2017,2017-05-05,1545,5,1,15,5,N,A,N,A,H,A,D,22,S,08,B,,,,,C,Y,N,D,1,0,0,0,22107.0,2,38.08684991,-121.21499911,4
2017,2017-05-04,745,5,1,7,4,N,A,Y,A,H,A,G,25,N,21,C,,,,Y,C,N,N,D,1,0,0,0,22106.0,2,37.9368,-121.29844,4
2017,2017-04-28,1612,4,1,16,5,N,A,N,A,H,A,A,01,N,05,B,,,,,C,Y,N,A,2,0,0,0,21650.0,2,37.77651467,-120.96948578,4
2017,2017-05-03,1803,5,1,18,3,N,A,N,A,H,A,A,01,E,01,F,,,,,A,Y,N,D,1,0,0,0,23152.0,1,38.1894,-121.38976,2
2017,2017-05-01,1225,5,1,12,1,N,A,N,A,H,A,C,02,E,03,E,,,Y,,J,N,N,D,1,0,0,1,22350.0,1,37.72467372,-121.32566113,4
2017,2017-05-05,920,5,1,9,5,N,A,Y,A,H,A,C,02,S,08,B,,,Y,,C,Y,N,D,1,0,0,1,22107.0,2,37.849734,-121.21820868,2
2017,2017-05-05,1735,5,1,17,5,N,A,Y,A,H,A,D,22,S,03,C,,,,,C,Y,N,D,1,0,0,0,22350.0,2,37.93541173,-121.29746498,4
2017,2017-05-01,455,5,1,4,1,N,A,Y,A,H,D,A,01,E,03,C,,,,,C,N,N,D,1,0,0,0,22350.0,2,37.7413168,-121.49537552,4
2017,2017-05-04,1640,5,1,16,4,N,A,Y,A,H,A,A,01,S,03,C,,,,,C,Y,N,D,2,0,0,0,22350.0,2,37.78394742,-121.30817582,3
2017,2017-05-04,1740,5,1,17,4,N,A,Y,A,H,A,A,07,S,07,C,,,,,C,N,N,D,3,0,0,0,21658.0,2,37.77852652,-121.31591668,4
2017,2017-05-05,955,5,1,9,5,Y,A,N,A,H,A,A,08,,12,D,,,,,C,Y,N,A,4,0,0,0,22450.0,3,37.71058995,-121.4529,3
2017,2017-05-05,1605,5,1,16,5,Y,B,N,A,H,A,A,01,,09,D,,,,,C,Y,N,A,4,0,0,0,21802.0,2,38.07482995,-121.35277997,3
2017,2017-05-05,1230,5,1,12,5,Y,A,N,A,H,A,L,04,,09,D,,Y,,,G,N,F,A,1,0,1,0,21802.0,2,37.96631996,-121.22894993,4
2017,2017-05-07,1115,5,1,11,7,N,A,N,A,H,A,A,08,E,09,D,,,,,C,Y,N,D,1,0,0,0,21802.0,2,37.75819328,-121.50958686,4
2017,2017-05-08,610,5,1,6,1,N,A,Y,A,H,A,A,01,W,09,D,,,,,C,Y,N,D,1,0,0,0,21801.0,2,37.63802,-121.29718664,4
2017,2017-04-29,1936,4,1,19,6,Y,A,N,A,H,A,C,02,,03,E,,,Y,,I,N,N,C,1,0,0,1,22350.0,1,37.96889998,-121.3302499,3
2017,2017-05-04,1645,5,1,16,4,N,A,Y,A,H,A,A,07,N,07,B,,,,,C,Y,N,A,1,0,0,0,21658.0,2,37.76851497,-121.33023165,4
2020,2020-01-31,1210,1,4,12,5,Y,A,N,A,H,A,A,07,,04,-,,,,,C,N,N,A,1,0,0,0,21703.0,2,37.71059036254882,-121.43473052978516,4
2017,2017-05-03,1840,5,1,18,3,N,A,N,A,H,A,A,01,S,01,C,,,,,C,N,N,D,1,0,0,0,23152.0,2,37.94275409,-121.31022055,4
2017,2017-05-05,1555,5,1,15,5,N,A,Y,A,H,A,A,01,S,03,C,,,,,C,Y,N,D,1,0,0,0,22350.0,4,,,3
2017,2017-05-08,1040,5,1,10,1,N,A,Y,A,H,A,A,01,W,08,D,,,,,C,Y,N,D,5,0,0,0,22107.0,2,38.02676548,-121.19585225,3
2017,2017-05-09,2247,5,1,22,2,N,A,Y,A,H,C,-,99,S,07,B,,,,,C,Y,N,D,1,0,0,0,21658.0,2,37.93231997,-121.29635376,4
2017,2017-05-09,240,5,1,2,2,N,A,N,A,H,D,A,07,N,01,E,,,,,I,Y,N,D,1,0,0,0,23152.0,1,38.05560322,-121.09679215,3
2017,2017-05-09,2100,5,1,21,2,Y,A,Y,A,H,D,A,07,,09,D,,,,,C,Y,N,A,1,0,0,0,21802.0,2,,,4
2017,2017-04-20,1223,4,1,12,4,N,A,Y,A,H,A,A,01,N,03,C,,,,,C,N,N,D,1,0,0,0,22350.0,2,37.77817309,-121.18365012,4
2017,2017-04-29,740,4,1,7,6,Y,A,Y,A,H,A,A,01,,09,D,,,,,C,Y,N,D,4,0,0,0,21802.0,2,37.79807996,-121.09249992,2