ACCIDENT_YEAR,COLLISION_DATE,COLLISION_TIME,MONTH,SEASON,24HOURS,DAY_OF_WEEK,INTERSECTION,WEATHER_1,STATE_HWY_IND,ROAD_SURFACE,ROAD_COND_1,LIGHTING,STWD_VEHTYPE_AT_FAULT,CHP_VEHTYPE_AT_FAULT,DIRECTION,PCF_VIOL_CATEGORY,TYPE_OF_COLLISION,PEDESTRIAN_ACCIDENT,BICYCLE_ACCIDENT,MOTORCYCLE_ACCIDENT,TRUCK_ACCIDENT,MVIW,TOW_AWAY,HIT_AND_RUN,CONTROL_DEVICE,NUMBER_INJURED,COUNT_PED_INJURED,COUNT_BICYCLIST_INJURED,COUNT_MC_INJURED,PCF_VIOLATION,PARTY_COUNT,POINT_Y,POINT_X,COLLISION_SEVERITY
2017,2017-04-30,1718,4,1,17,7,N,A,Y,A,H,A,E,22,S,07,E,,,,,I,Y,N,D,1,0,0,0,21658.0,2,38.18497236,-121.26270925,4
2017,2017-05-01,1718,5,1,17,1,N,A,Y,A,H,A,A,01,S,08,E,,,,,I,Y,N,D,1,0,0,0,22107.0,1,38.00058089,-121.34990302,4
2017,2017-04-29,2225,4,1,22,6,N,A,Y,A,H,C,A,01,S,01,C,,,,,C,Y,N,D,2,0,0,0,23152.0,2,37.95928328,-121.3328861,4
2017,2017-05-05,2145,5,1,21,5,Y,A,Y,A,H,D,D,22,,01,D,,,,,C,Y,N,A,1,0,0,0,23152.0,2,37.75794997,-121.53170994,3
2017,2017-05-10,1925,5,1,19,3,N,A,Y,A,H,A,A,01,E,08,E,,,,,I,Y,N,D,1,0,0,0,22107.0,2,37.75860228,-121.45176138,3
2017,2017-04-21,657,4,1,6,5,N,A,Y,A,H,A,A,01,W,03,C,,,,,C,Y,N,D,1,0,0,0,22350.0,2,,,4
2017,2017-05-01,1155,5,1,11,1,N,A,Y,A,H,A,A,01,W,08,E,,,,,I,Y,N,D,1,0,0,0,22107.0,1,37.62053418,-121.37243511,3
2017,2017-05-08,620,5,1,6,1,Y,A,N,A,H,A,G,27,,03,C,,,,Y,C,Y,N,D,1,0,0,0,22350.0,2,37.75061999,-121.47941994,3
2017,2017-05-09,1030,5,1,10,2,Y,A,Y,A,H,A,A,01,,09,D,,,,,C,Y,N,A,1,0,0,0,21802.0,2,,,4
2017,2017-05-09,1605,5,1,16,2,N,A,N,A,H,A,A,08,W,08,E,,,,,I,Y,N,D,1,0,0,0,22107.0,1,37.63848,-121.29629,3
2017,2017-05-11,1630,5,1,16,4,N,A,Y,A,H,A,A,01,N,07,B,,,,,C,Y,M,D,1,0,0,0,21658.0,2,37.9774039,-121.24905052,3
2017,2017-05-11,610,5,1,6,4,N,A,N,A,H,A,A,01,E,03,C,,,,,C,N,N,D,1,0,0,0,22350.0,2,37.66716,-121.36119561,4
2017,2017-05-10,430,5,1,4,3,N,A,Y,A,H,C,A,01,N,07,B,,,,,C,Y,N,D,1,0,0,0,21658.0,3,,,4
2017,2017-05-12,525,5,1,5,5,N,A,Y,A,H,B,A,01,N,03,C,,,,,C,Y,N,D,2,0,0,0,22350.0,2,37.77324131,-121.32374101,4
2017,2017-05-13,855,5,1,8,6,N,A,Y,A,H,A,C,02,N,03,C,,,Y,,C,Y,N,D,1,0,0,1,22350.0,2,37.63939564,-121.29688913,4
2017,2017-05-09,921,5,1,9,2,N,A,Y,A,H,A,A,01,N,07,C,,,,Y,C,Y,N,D,1,0,0,0,21658.0,2,37.77940857,-121.31469366,3
2017,2017-05-06,1250,5,1,12,6,N,A,Y,A,H,A,A,01,S,03,C,,,,,C,N,N,A,1,0,0,0,22350.0,2,37.98438,-121.3415,4
2017,2017-04-04,1515,4,1,15,2,N,A,N,A,H,A,D,22,S,08,E,,,,Y,I,Y,N,D,0,0,0,0,22107.0,2,37.66346335,-121.39780039,1
2017,2017-05-08,5,5,1,0,1,N,A,Y,A,D,C,A,01,N,01,C,,,,,C,Y,N,A,2,0,0,0,23152.0,4,37.75567542,-121.14890378,2
2017,2017-05-03,1553,5,1,15,3,N,A,Y,A,H,A,C,02,N,03,C,,,Y,,C,Y,N,D,1,0,0,1,22350.0,2,37.8609903,-121.28044863,3
2017,2017-05-10,340,5,1,3,3,N,A,Y,A,H,D,-,99,N,03,G,Y,,,,B,N,F,D,1,1,0,0,22350.0,2,,,2
2017,2017-05-10,1630,5,1,16,3,Y,A,Y,A,H,A,A,01,,09,D,,,,,C,Y,N,A,2,0,0,0,21802.0,2,37.63118331,-121.28790225,4
2017,2017-05-08,700,5,1,7,1,Y,A,Y,A,H,A,D,23,,09,D,,,,,C,Y,N,A,2,0,0,0,21802.0,2,37.66436952,-121.32424884,3
2017,2017-05-16,1635,5,1,16,2,N,A,Y,A,H,A,A,01,E,03,C,,,,,C,Y,N,D,1,0,0,0,22350.0,3,37.74122527,-121.51313395,4
2017,2017-05-03,2253,5,1,22,3,N,A,Y,A,D,C,G,25,N,03,C,,,,Y,C,Y,N,A,2,0,0,0,22350.0,2,37.75852368,-121.15332459,4
2017,2017-05-05,2002,5,1,20,5,N,B,Y,A,H,B,-,- ,E,18,E,,,,,J,N,N,D,1,0,0,0,,1,37.95552976,-121.2650578,4
2017,2017-05-12,1810,5,1,18,5,N,A,Y,A,H,E,A,07,W,08,E,,,,,I,Y,N,D,1,0,0,0,22107.0,1,38.00819501,-121.21633784,4
2017,2017-05-12,1245,5,1,12,5,N,A,Y,A,H,A,A,07,W,03,C,,,,,C,Y,N,D,1,0,0,0,22350.0,2,37.95626352,-121.26419542,4
2017,2017-05-06,235,5,1,2,6,N,B,N,A,H,D,D,22,E,01,F,,,,,A,Y,N,D,1,0,0,0,23152.0,1,37.87757867,-121.08519738,3
2017,2017-05-14,2245,5,1,22,7,N,A,N,A,H,C,L,04,N,17,D,,Y,,,G,N,F,D,1,0,1,0,21200.0,2,37.98340121,-121.27129508,3
2017,2017-05-12,2315,5,1,23,5,N,A,Y,A,H,D,A,01,W,01,E,,,,,I,Y,N,D,2,0,0,0,23152.0,1,37.75081331,-121.47079292,2
2017,2017-05-14,1616,5,1,16,7,N,A,Y,A,H,A,A,01,W,03,C,,,,,C,Y,N,D,1,0,0,0,22350.0,2,37.76473379,-121.39393975,4
2017,2017-05-16,1545,5,1,15,2,N,B,Y,A,H,A,A,01,W,03,C,,,,,C,Y,N,D,2,0,0,0,22350.0,3,37.76279948,-121.42772002,3
2017,2017-05-12,1610,5,1,16,5,N,A,Y,A,H,A,G,27,W,03,F,,,,Y,A,Y,N,A,1,0,0,0,22350.0,1,37.7643273,-121.41516759,4
2017,2017-05-17,1830,5,1,18,3,N,A,Y,A,H,A,A,01,W,07,B,,,,,C,Y,N,D,2,0,0,0,21658.0,3,37.74299902,-121.54100211,4
2017,2017-05-19,1515,5,1,15,5,N,A,Y,A,H,A,A,01,W,03,C,,,,,C,Y,N,D,1,0,0,0,22350.0,2,37.75075461,-121.47093751,4
2017,2017-05-12,2245,5,1,22,5,N,A,Y,A,H,C,A,01,N,01,E,,,,,I,Y,N,D,1,0,0,0,23152.0,1,37.84543367,-121.21801856,4
2017,2017-05-12,1540,5,1,15,5,N,A,Y,A,H,A,-,99,S,08,B,,,,,C,Y,M,D,4,0,0,0,22107.0,3,37.95090451,-121.30470711,4
2017,2017-05-13,1525,5,1,15,6,N,A,Y,A,H,A,A,01,N,03,C,,,,,C,N,N,D,1,0,0,0,22350.0,3,37.93964288,-121.29822093,4
2017,2017-02-12,1330,2,4,13,7,N,A,Y,A,H,A,A,08,S,01,C,,,,Y,C,Y,F,D,2,0,0,0,23152.0,3,38.17240914,-121.26210898,4
2017,2017-05-08,1320,5,1,13,1,N,A,Y,A,H,A,A,01,S,07,B,,,,,C,Y,N,D,1,0,0,0,21658.0,2,38.00215841,-121.35016526,4
2017,2017-05-14,738,5,1,7,7,N,A,Y,A,D,A,A,01,E,08,F,,,,,A,Y,N,A,1,0,0,0,22107.0,1,38.11507987,-121.55505654,3
2017,2017-05-21,1824,5,1,18,7,N,A,Y,A,H,A,A,01,E,08,D,,,,,C,Y,N,D,2,0,0,0,22107.0,2,37.63805778,-121.32415988,3
2017,2017-05-22,725,5,1,7,1,N,A,Y,A,H,A,A,01,E,03,C,,,,,C,Y,N,D,1,0,0,0,22350.0,2,37.70415161,-121.509585,4
2017,2017-05-12,217,5,1,2,5,N,A,Y,A,H,D,A,01,N,01,D,,,,Y,C,Y,N,D,2,0,0,0,23152.0,2,37.83122962,-121.28834628,4
2017,2017-05-14,1240,5,1,12,7,N,A,N,A,H,A,A,01,S,08,E,,,,,I,Y,N,D,1,0,0,0,22107.0,1,37.97046,-121.14869,4
2017,2017-05-14,1505,5,1,15,7,N,A,Y,A,H,A,A,01,S,03,C,,,,,C,N,N,A,1,0,0,0,22350.0,2,38.05764,-121.37209,2
2017,2017-05-14,1140,5,1,11,7,N,A,Y,A,H,A,C,02,,03,C,,,Y,,C,N,N,D,1,0,0,1,22350.0,2,37.77693166,-121.18205829,3
2017,2017-05-15,739,5,1,7,1,N,A,N,A,H,A,A,01,S,08,E,,,,,I,Y,N,D,2,0,0,0,22107.0,1,37.98641941,-121.1938825,3
2017,2017-05-15,1648,5,1,16,1,Y,A,N,A,H,A,A,01,,09,D,,,,,C,Y,N,A,1,0,0,0,21802.0,3,37.98723006,-121.27114993,3
2017,2017-05-15,1110,5,1,11,1,N,A,N,A,H,A,C,02,E,03,F,,,Y,,A,Y,N,D,1,0,0,1,22350.0,1,37.92966635,-121.03619978,2
2017,2017-05-14,1753,5,1,17,7,Y,A,N,A,H,A,D,22,,09,D,,,,,C,Y,N,A,2,0,0,0,21802.0,2,38.18921997,-121.26281993,4
2017,2017-05-06,1730,5,1,17,6,Y,A,N,A,H,A,A,01,,09,D,,,,,C,Y,N,D,5,0,0,0,21801.0,2,37.76918998,-120.9366199,3
2017,2017-05-16,750,5,1,7,2,N,A,Y,A,H,A,A,01,S,03,C,,,,,C,Y,N,D,2,0,0,0,22350.0,3,37.96944528,-121.33764377,4
2017,2017-05-12,937,5,1,9,5,N,A,Y,A,H,A,A,07,E,08,E,,,,,I,Y,N,D,1,0,0,0,22107.0,1,37.78347322,-121.23398277,3
2017,2017-05-16,715,5,1,7,2,N,B,Y,A,H,A,A,01,W,03,C,,,,,C,Y,N,D,1,0,0,0,22350.0,2,37.78355078,-121.22066021,4
2017,2017-05-17,1755,5,1,17,3,N,A,N,A,H,A,A,01,E,01,E,,,,,I,Y,N,D,1,0,0,0,23152.0,1,38.218326,-121.27059612,4
2017,2017-05-21,38,5,1,0,7,N,A,Y,A,H,D,A,01,N,01,E,,,,,I,Y,N,D,1,0,0,0,23152.0,2,37.78913963,-121.30200057,3
2017,2017-05-17,1035,5,1,10,3,N,A,Y,A,H,A,A,01,W,03,C,,,,,C,Y,N,D,3,0,0,0,22350.0,3,38.1154133,-121.48086979,3
2017,2017-05-17,515,5,1,5,3,N,A,N,A,H,D,A,01,E,03,C,,,,,C,Y,N,D,1,0,0,0,22350.0,2,38.23411818,-121.2225632,4
2017,2017-05-21,1735,5,1,17,7,N,A,Y,A,H,A,A,01,W,03,C,,,,,C,Y,N,C,5,0,0,0,22350.0,4,37.76636249,-121.34174793,3
2017,2017-05-23,740,5,1,7,2,N,A,N,A,H,A,A,01,W,08,E,,,,,I,Y,N,D,1,0,0,0,22107.0,1,37.65669,-121.48241,3
2017,2017-05-10,1900,5,1,19,3,Y,A,N,A,H,A,A,01,,09,D,,,Y,,C,Y,N,D,2,0,0,1,21801.0,2,37.97540997,-121.26430995,3
2017,2017-05-17,743,5,1,7,3,Y,A,N,A,H,A,D,22,,09,D,,,,,C,Y,N,A,2,0,0,0,21802.0,3,38.03032996,-121.09590995,4
2017,2017-05-18,1758,5,1,17,4,Y,A,N,A,H,A,A,01,,12,D,,,,,C,Y,N,A,2,0,0,0,21453.0,3,38.05745993,-121.2963399,2
2017,2017-05-18,1225,5,1,12,4,N,A,N,A,H,A,A,07,E,09,D,,,,,C,Y,N,D,3,0,0,0,21801.0,2,38.02974405,-121.12632459,3
2017,2017-05-18,745,5,1,7,4,N,A,N,A,H,A,A,01,N,08,B,,,,,C,Y,N,D,1,0,0,0,22107.0,2,37.8258221,-121.18104821,4
2017,2017-05-18,1728,5,1,17,4,N,A,Y,A,H,A,D,22,S,01,E,,,,,I,Y,N,D,1,0,0,0,23152.0,1,38.05442994,-121.25941083,3
2020,2020-01-31,1718,1,4,17,5,N,A,N,A,H,A,D,22,N,03,C,,,,,C,Y,N,A,1,0,0,0,22350.0,2,37.74184036254882,-121.45323181152344,4
2020,2020-02-02,2248,2,4,22,7,N,A,N,A,H,C,A,01,S,08,G,Y,,,,B,N,F,D,1,1,0,0,22107.0,2,37.746768951416016,-121.43502807617188,3
2020,2020-02-03,1220,2,4,12,1,Y,A,N,A,H,A,A,07,,09,D,,,,,C,N,N,A,1,0,0,0,21801.0,2,37.754219055175774,-121.44727325439452,4
2017,2017-05-19,2010,5,1,20,5,Y,A,N,A,H,D,A,01,,05,B,,,,,C,Y,N,D,1,0,0,0,21752.0,2,37.73575996,-121.25212992,4
2017,2017-05-13,1145,5,1,11,6,N,A,Y,A,H,A,D,22,E,03,C,,,,,C,Y,N,D,2,0,0,0,22350.0,4,37.78343995,-121.24610997,3
2017,2017-05-19,1120,5,1,11,5,N,A,Y,A,H,A,F,27,E,03,C,,,,Y,C,N,N,D,1,0,0,0,22350.0,2,37.78318004,-121.21291865,4
2017,2017-05-13,2122,5,1,21,6,Y,A,N,A,H,C,A,07,,12,D,,,,,C,N,N,A,1,0,0,0,21453.0,2,38.08652995,-121.31044987,4
2017,2017-05-20,1425,5,1,14,6,N,A,Y,A,H,A,C,02,N,08,D,,,Y,,C,Y,N,D,1,0,0,1,22107.0,3,37.98064805,-121.25003006,2
2017,2017-05-21,1645,5,1,16,7,Y,A,Y,A,H,A,A,01,,09,D,,,,,C,Y,N,D,3,0,0,0,21802.0,3,37.99509217,-121.23389492,4
2017,2017-05-21,1730,5,1,17,7,N,A,Y,A,H,A,A,01,W,03,C,,,,,C,Y,N,D,2,0,0,0,22350.0,2,37.78319,-121.19744019,3
2017,2017-05-10,600,5,1,6,3,N,A,N,A,H,A,A,01,E,05,B,,,,,C,Y,N,D,1,0,0,0,21460.0,2,37.8774001,-121.3671207,4
2017,2017-05-23,1720,5,1,17,2,N,A,N,A,H,A,A,01,E,03,C,,,,,C,N,N,D,1,0,0,0,22350.0,2,38.0574608,-121.29529799,4
2017,2017-05-13,1420,5,1,14,6,N,A,Y,A,H,A,A,01,W,03,B,,,,,C,Y,N,D,2,0,0,0,22350.0,2,38.05239091,-121.18819748,3
2017,2017-05-25,1615,5,1,16,4,N,A,Y,A,H,A,A,01,S,03,C,,,,,C,N,N,D,1,0,0,0,22350.0,3,37.77614437,-121.31923653,4
2017,2017-05-29,1535,5,1,15,1,Y,B,N,A,H,A,A,01,,09,A,,,,,C,Y,N,D,3,0,0,0,21801.0,2,37.78529989,-121.41432995,3
2017,2017-05-23,1630,5,1,16,2,Y,A,N,A,H,A,-,- ,,00,D,,,,,C,Y,N,A,2,0,0,0,,2,37.76702,-121.54271,3
2017,2017-05-21,1715,5,1,17,7,N,A,Y,A,H,A,A,01,N,08,F,,,,,A,Y,N,D,3,0,0,0,22107.0,1,37.62231947,-121.34316085,3
2017,2017-05-23,900,5,1,9,2,N,A,Y,A,H,A,A,01,E,08,F,,,,,A,Y,N,D,1,0,0,0,22107.0,1,37.76475913,-121.38381981,3
2017,2017-05-20,1610,5,1,16,6,N,A,Y,A,H,A,F,26,W,04,C,,,,Y,C,N,N,D,2,0,0,0,21703.0,2,37.76279257,-121.43522014,4
2017,2017-05-18,1145,5,1,11,4,N,A,Y,A,H,A,A,01,S,08,E,,,,Y,C,Y,N,D,1,0,0,0,22107.0,2,,,4
2017,2017-05-24,1710,5,1,17,3,N,B,Y,A,D,A,D,22,E,03,C,,,,,C,Y,N,D,1,0,0,0,22350.0,2,37.70524276,-121.51140238,4
2017,2017-05-25,630,5,1,6,4,N,A,Y,A,H,A,D,22,W,03,C,,,,,C,Y,N,D,2,0,0,0,22350.0,2,37.75163102,-121.46960371,3
2017,2017-05-17,940,5,1,9,3,N,A,Y,A,H,A,A,01,E,03,C,,,,,C,Y,N,D,5,0,0,0,22350.0,3,37.78342431,-121.24853038,3
2017,2017-05-27,200,5,1,2,6,N,A,Y,A,H,D,A,01,N,03,C,,,,,C,Y,N,D,2,0,0,0,22350.0,2,37.70516047,-121.34324066,4
2017,2017-05-18,1708,5,1,17,4,N,A,N,A,H,A,A,01,E,08,A,,,,,C,Y,N,D,2,0,0,0,22107.0,2,38.01420789,-121.18172975,3
2017,2017-05-22,608,5,1,6,1,N,A,Y,A,H,A,A,01,E,03,C,,,,,C,Y,N,D,1,0,0,0,22350.0,3,37.71286732,-121.52398187,4
2017,2017-05-11,2050,5,1,20,4,N,A,N,A,H,D,A,01,E,01,E,,,,,I,Y,N,D,2,0,0,0,23152.0,1,38.11550543,-121.32631821,2
2017,2017-05-30,355,5,1,3,2,N,A,Y,A,H,D,A,01,S,04,C,,,,,C,Y,N,D,1,0,0,0,21703.0,2,37.78132937,-121.31268758,4
2017,2017-05-29,1823,5,1,18,1,N,A,Y,A,H,A,A,07,W,08,E,,,,,I,Y,N,D,1,0,0,0,22107.0,1,37.676749,-121.46437269,4
2017,2017-05-30,645,5,1,6,2,N,A,Y,A,H,A,A,07,N,03,C,,,,Y,C,Y,N,D,1,0,0,0,22356.0,2,37.59336344,-121.33843025,3
2017,2017-05-19,1745,5,1,17,5,Y,A,Y,A,H,A,E,22,,09,D,,,,,C,Y,N,A,1,0,0,0,21802.0,2,37.63872152,-121.39774696,3
2017,2017-05-12,1440,5,1,14,5,N,A,N,A,H,A,A,01,E,08,E,,,,,I,Y,N,D,2,0,0,0,22107.0,1,37.92691947,-121.36575015,3
2017,2017-05-30,630,5,1,6,2,N,A,N,A,H,A,A,07,E,03,C,,,,,C,Y,N,A,3,0,0,0,22350.0,2,37.74631113,-121.36128,4
2017,2017-05-15,1616,5,1,16,1,N,A,N,A,H,A,A,01,N,08,D,,,,,C,Y,N,D,2,0,0,0,22107.0,2,38.17972517,-121.39950234,3
2017,2017-05-16,850,5,1,8,2,N,B,Y,A,H,A,A,01,N,03,C,,,,,C,N,M,D,1,0,0,0,22350.0,2,37.90656695,-121.28739191,4
2017,2017-05-31,825,5,1,8,3,Y,A,N,A,H,A,D,22,,03,C,,,,,C,Y,N,D,2,0,0,0,22350.0,2,37.74593995,-121.3617899,4
2017,2017-05-19,1742,5,1,17,5,N,A,N,A,H,A,A,01,W,05,A,,,,,C,Y,N,D,3,0,0,0,21460.0,2,37.8774,-121.3427465,2
2017,2017-05-20,1215,5,1,12,6,N,A,Y,A,H,A,D,22,E,03,C,,,,,C,Y,F,D,1,0,0,0,22350.0,2,38.18127244,-121.10842684,4
2017,2017-05-20,1113,5,1,11,6,N,A,N,A,H,A,A,01,E,05,A,,,,,C,Y,N,D,1,0,0,0,21460.0,2,38.00034583,-121.2678054,4
2017,2017-05-18,1201,5,1,12,4,N,A,Y,A,H,A,A,01,E,03,C,,,,,C,Y,N,D,1,0,0,0,22350.0,4,38.13792271,-121.21497009,4
2017,2017-05-20,1125,5,1,11,6,N,A,Y,A,H,A,A,01,N,08,D,,,,,C,Y,N,D,2,0,0,0,22107.0,2,37.96468677,-121.24312912,4
2017,2017-05-11,20,5,1,0,4,N,A,Y,A,H,D,A,01,N,01,C,,,,,C,Y,F,D,2,0,0,0,23152.0,2,37.90532408,-121.22320509,3
2017,2017-05-19,1220,5,1,12,5,N,A,Y,A,H,A,A,08,S,03,C,,,,Y,C,Y,N,D,1,0,0,0,22350.0,2,,,3
2017,2017-05-26,1845,5,1,18,5,N,A,N,A,H,A,A,01,W,10,G,Y,,,,B,N,N,A,1,1,0,0,21950.0,2,37.77100637,-121.54711074,4
2017,2017-05-09,655,5,1,6,2,N,A,Y,A,H,A,C,02,W,07,B,,,Y,Y,C,Y,N,D,0,0,0,0,21658.0,3,37.74173782,-121.51816705,1
2017,2017-05-22,1715,5,1,17,1,N,A,Y,A,H,A,D,22,E,03,C,,,,,C,Y,N,D,2,0,0,0,22350.0,2,37.95171601,-121.28130273,4
2017,2017-05-23,1610,5,1,16,2,N,A,Y,A,H,A,A,01,N,08,E,,,,,I,Y,N,D,2,0,0,0,22107.0,1,37.91688342,-121.29112189,3
2017,2017-05-23,1500,5,1,15,2,N,A,Y,A,H,A,A,01,W,05,D,,,,,C,Y,N,D,1,0,0,0,21460.0,2,38.09918098,-121.17903826,4
2017,2017-05-19,635,5,1,6,5,Y,A,N,A,H,A,A,07,,09,D,,,,,C,Y,N,B,3,0,0,0,21800.0,2,38.00566995,-121.27628997,4
2017,2017-05-16,2245,5,1,22,2,N,A,Y,A,H,D,A,01,W,08,A,,,,,A,Y,N,D,2,0,0,0,22107.0,2,37.9091454,-121.45457808,2
2017,2017-05-23,1430,5,1,14,2,N,A,N,A,H,A,A,08,W,03,C,,,,,C,Y,N,D,2,0,0,0,22350.0,3,38.23391585,-121.23196017,4
2017,2017-05-24,525,5,1,5,3,N,C,Y,A,H,A,A,01,N,07,B,,,Y,,C,Y,N,D,1,0,0,0,21658.0,2,37.81378,-121.29529,2
2017,2017-05-24,538,5,1,5,3,N,A,Y,A,H,A,A,01,E,03,C,,,,,C,N,N,D,1,0,0,0,22350.0,2,38.01681739,-121.20687664,4
2017,2017-05-24,1040,5,1,10,3,N,B,N,A,H,A,A,01,N,21,C,,,,,C,N,N,A,1,0,0,0,22106.0,2,37.98409173,-121.28395898,4
2017,2017-05-14,1430,5,1,14,7,N,A,Y,A,H,A,D,22,S,03,E,,,,,I,Y,N,D,3,0,0,0,22350.0,2,38.02114,-121.3579,2
2017,2017-05-28,1200,5,1,12,7,N,A,Y,A,H,A,A,07,W,03,C,,,,,C,Y,N,D,3,0,0,0,22350.0,3,37.76538282,-121.3515992,4
2017,2017-05-26,1735,5,1,17,5,N,A,Y,A,H,A,A,01,W,03,C,,,,,C,Y,N,D,1,0,0,0,22350.0,3,37.68532215,-121.47916322,4
2017,2017-05-30,1610,5,1,16,2,N,B,Y,A,H,A,-,99,S,17,C,,,Y,,C,Y,M,D,1,0,0,1,21658.0,2,37.76938047,-121.32902963,3
2017,2017-06-02,2220,6,2,22,5,N,A,Y,A,H,D,A,01,S,03,C,,,,,C,Y,N,D,1,0,0,0,22350.0,2,37.77040227,-121.32707266,4
2017,2017-06-05,830,6,2,8,1,N,A,Y,A,H,A,A,01,W,03,C,,,,,C,Y,N,D,1,0,0,0,22350.0,2,37.74267645,-121.53344038,4
2017,2017-05-23,1612,5,1,16,2,N,A,Y,A,H,A,F,25,N,03,C,,,,Y,C,Y,N,D,2,0,0,0,22350.0,4,37.91796687,-121.29116757,4
2017,2017-05-22,555,5,1,5,1,N,A,Y,A,H,A,D,22,E,07,C,,,,,C,Y,F,D,2,0,0,0,21658.0,2,37.78315413,-121.22881001,3
2017,2017-05-31,1615,5,1,16,3,N,A,Y,A,H,A,F,26,W,03,C,,,,Y,C,Y,N,D,2,0,0,0,22350.0,2,37.6379976,-121.29597012,4
2017,2017-03-12,2304,3,1,23,7,N,A,Y,A,H,D,A,07,N,03,A,,,,,C,Y,N,D,1,0,0,0,22350.0,2,37.65053014,-121.34298725,4
2017,2017-03-12,2303,3,1,23,7,N,A,Y,A,H,D,A,01,N,03,C,,,,,C,Y,N,D,1,0,0,0,22350.0,2,37.65053014,-121.34298725,4
2017,2017-05-25,1620,5,1,16,4,N,A,Y,A,H,A,A,01,N,01,E,,,,,I,Y,N,D,1,0,0,0,23152.0,1,38.00145572,-121.25638921,3
2017,2017-05-25,1730,5,1,17,4,Y,A,N,A,H,A,A,07,,12,D,,,,,C,Y,N,A,1,0,0,0,21453.0,2,37.89008991,-121.27641995,4
2017,2017-05-25,2007,5,1,20,4,N,A,N,A,H,A,A,01,E,01,E,,,,,I,Y,N,D,1,0,0,0,23152.0,1,38.08652172,-121.30697524,2
2017,2017-05-25,1635,5,1,16,4,Y,B,N,A,H,A,D,22,,09,D,,,,,C,Y,N,A,1,0,0,0,21802.0,2,37.98760988,-121.26963992,4
2017,2017-05-25,1600,5,1,16,4,N,A,Y,A,H,A,A,01,E,03,C,,,,,C,Y,N,D,2,0,0,0,22350.0,2,38.02011214,-121.20309891,4
2017,2017-05-25,740,5,1,7,4,N,A,N,A,H,A,A,07,N,08,B,,,,,C,Y,N,D,2,0,0,0,22107.0,2,37.7260125,-121.17865283,4
2017,2017-05-25,645,5,1,6,4,N,A,Y,A,H,A,F,25,S,07,B,,,,Y,C,Y,N,D,2,0,0,0,21658.0,2,,,3
2017,2017-05-22,1945,5,1,19,1,N,A,Y,A,H,A,A,01,N,01,D,,,,,C,Y,N,D,2,0,0,0,23152.0,2,38.1034106,-121.26031233,3
2017,2017-05-25,1815,5,1,18,4,N,A,Y,A,H,A,A,01,S,03,C,,,,,C,Y,F,D,3,0,0,0,22350.0,3,,,4
2017,2017-05-08,1907,5,1,19,1,N,A,Y,A,H,A,D,22,N,07,E,,,,,I,Y,F,D,3,0,0,0,21658.0,2,38.12060637,-121.25718519,3
2017,2017-05-12,1243,5,1,12,5,N,A,Y,A,H,A,-,99,E,07,E,,,,,I,Y,F,D,2,0,0,0,21658.0,2,37.95573221,-121.26488349,2
2017,2017-05-23,2102,5,1,21,2,N,A,Y,A,H,D,A,01,W,08,F,,,,,A,Y,N,D,1,0,0,0,22107.0,1,38.07797464,-120.97714608,4
2017,2017-05-22,1240,5,1,12,1,N,A,Y,A,H,A,A,07,W,08,D,,,,,C,N,N,D,1,0,0,0,22107.0,2,37.98890533,-121.24340353,4
2017,2017-06-06,610,6,2,6,2,N,A,Y,A,H,A,A,01,E,03,C,,,,,C,Y,N,D,4,0,0,0,22350.0,2,37.67215781,-121.45687113,4
2017,2017-05-22,700,5,1,7,1,N,A,Y,A,H,A,A,07,W,03,C,,,,,C,Y,N,D,1,0,0,0,22350.0,2,,,4
2017,2017-06-05,620,6,2,6,1,N,A,Y,A,H,A,A,07,E,07,C,,,Y,,C,N,F,D,1,0,0,1,21658.0,2,37.75009439,-121.47335721,3
2017,2017-05-26,2205,5,1,22,5,N,B,Y,A,H,C,D,23,S,08,F,,,,,A,Y,N,D,1,0,0,0,22107.0,1,37.82515957,-121.29037481,3
2017,2017-05-26,2020,5,1,20,5,Y,A,N,A,H,D,A,01,,08,E,,,,,I,Y,N,D,1,0,0,0,22107.0,1,37.76079994,-120.99575994,4
2017,2017-05-26,400,5,1,4,5,N,A,Y,A,H,D,A,01,E,08,F,,,,,A,Y,N,D,1,0,0,0,22107.0,1,38.20130875,-121.03440664,2
2017,2017-05-27,1728,5,1,17,6,N,A,Y,A,H,A,A,01,W,01,E,,,,,I,Y,N,D,2,0,0,0,23152.0,1,37.98363089,-121.25165608,3
2017,2017-05-27,1012,5,1,10,6,N,A,N,A,H,A,D,23,W,03,C,,,,,C,Y,N,D,1,0,0,0,22350.0,2,38.11581462,-121.24078063,4
2017,2017-05-11,1140,5,1,11,4,Y,A,N,A,H,A,A,01,,01,E,,,,,I,Y,N,D,1,0,0,0,23152.0,2,38.0182099,-121.32620987,3
2017,2017-05-27,2220,5,1,22,6,N,A,Y,A,H,D,A,07,S,01,F,,,,,I,Y,N,D,1,0,0,0,23152.0,1,38.11262183,-121.39631582,3
2017,2017-05-27,1440,5,1,14,6,N,A,Y,A,H,A,A,01,S,03,C,,,,,C,Y,N,D,1,0,0,0,22350.0,2,,,4
2017,2017-05-26,1625,5,1,16,5,N,A,Y,A,H,A,-,- ,W,00,H,,,Y,,A,N,N,D,1,0,0,1,,2,37.78701,-121.30274,3
2017,2017-05-28,1400,5,1,14,7,N,A,N,A,H,A,A,01,E,03,C,,,Y,,C,Y,N,D,1,0,0,1,22350.0,3,37.92757641,-121.21494589,3
2017,2017-05-23,1742,5,1,17,2,N,A,Y,A,H,A,A,01,S,03,C,,,,Y,C,Y,N,D,1,0,0,0,22350.0,2,37.94546821,-121.29920632,4
2017,2017-05-31,615,5,1,6,3,N,B,N,B,H,A,A,01,S,03,E,,,,,J,Y,N,D,1,0,0,0,22350.0,1,37.66683904,-121.34043548,4
2017,2017-05-28,1945,5,1,19,7,N,A,N,A,H,A,A,01,E,01,C,,,,,C,Y,N,A,2,0,0,0,23152.0,2,37.90501472,-121.14725172,3
2017,2017-05-28,1601,5,1,16,7,N,A,Y,A,H,A,A,08,E,03,E,,,,,J,Y,N,D,1,0,0,0,22350.0,1,37.93227756,-121.28772948,4