ACCIDENT_YEAR,COLLISION_DATE,COLLISION_TIME,MONTH,SEASON,24HOURS,DAY_OF_WEEK,INTERSECTION,WEATHER_1,STATE_HWY_IND,ROAD_SURFACE,ROAD_COND_1,LIGHTING,STWD_VEHTYPE_AT_FAULT,CHP_VEHTYPE_AT_FAULT,DIRECTION,PCF_VIOL_CATEGORY,TYPE_OF_COLLISION,PEDESTRIAN_ACCIDENT,BICYCLE_ACCIDENT,MOTORCYCLE_ACCIDENT,TRUCK_ACCIDENT,MVIW,TOW_AWAY,HIT_AND_RUN,CONTROL_DEVICE,NUMBER_INJURED,COUNT_PED_INJURED,COUNT_BICYCLIST_INJURED,COUNT_MC_INJURED,PCF_VIOLATION,PARTY_COUNT,POINT_Y,POINT_X,COLLISION_SEVERITY
2017,2017-08-11,2040,8,2,20,5,N,A,N,A,H,D,-,- ,N,18,H,,,,,H,Y,N,D,4,0,0,0,,1,38.15642807,-121.07791389,1
2017,2017-10-27,1545,10,3,15,5,N,A,Y,A,H,A,A,01,N,03,C,,,,,C,Y,N,D,4,0,0,0,22350.0,2,37.91815134,-121.29123203,4
2017,2017-10-27,1320,10,3,13,5,N,A,Y,A,H,A,A,07,N,08,B,,,,,C,Y,N,D,1,0,0,0,22107.0,2,37.95188009,-121.30670039,4
2017,2017-09-15,1255,9,3,12,5,N,A,N,A,H,A,A,01,S,08,C,,,,Y,E,Y,N,D,0,0,0,0,22107.0,2,37.9273534,-121.23209345,1
2017,2017-10-13,700,10,3,7,5,N,A,N,A,H,A,A,01,E,08,E,,,,,I,Y,F,D,1,0,0,0,22107.0,1,37.82765465,-120.97488345,3
2020,2020-01-17,1430,1,4,14,5,N,A,N,A,H,A,A,08,W,10,G,Y,,,,B,,M,A,1,1,0,0,21950.0,2,38.01303482055664,-121.2734832763672,4
2020,2020-01-22,1445,1,4,14,3,Y,A,N,A,H,A,A,01,,09,D,,,,,C,,M,A,1,0,0,0,21802.0,2,37.930809020996094,-121.26181793212892,4
2017,2017-11-02,20,11,3,0,4,N,A,N,A,H,D,D,22,S,03,E,,,,,I,Y,N,D,1,0,0,0,22350.0,1,37.67355303,-121.24289729,4
2017,2017-10-18,1815,10,3,18,3,N,A,Y,A,H,B,A,07,W,01,A,,,,,C,Y,N,D,4,0,0,0,23152.0,3,37.63805207,-121.31761972,3
2017,2017-11-02,711,11,3,7,4,N,A,N,A,H,D,A,01,E,03,C,,,,,C,Y,N,D,1,0,0,0,22350.0,2,38.18921475,-121.22191757,4
2017,2017-10-25,527,10,3,5,3,N,A,Y,A,H,D,A,08,N,03,C,,,,Y,C,Y,M,D,1,0,0,0,22350.0,3,37.77229569,-121.32504221,3
2017,2017-10-27,1645,10,3,16,5,N,A,Y,A,H,A,A,01,W,08,B,,,,,C,Y,N,D,1,0,0,0,22107.0,2,37.677065,-121.46489522,4
2017,2017-11-02,650,11,3,6,4,N,B,Y,A,H,D,A,01,N,03,C,,,,,C,Y,N,D,1,0,0,0,22350.0,2,38.04179952,-121.2585703,4
2017,2017-11-01,535,11,3,5,3,N,A,N,A,H,D,D,22,E,08,C,,,,,E,Y,N,D,1,0,0,0,22107.0,3,37.97309458,-121.32694635,4
2017,2017-11-01,2005,11,3,20,3,N,A,N,A,H,D,A,01,W,08,E,,,,,I,Y,N,D,1,0,0,0,22107.0,3,37.75601551,-121.01796537,3
2017,2017-10-31,1640,10,3,16,2,N,A,N,A,H,B,A,01,E,03,C,,,,,C,Y,N,D,1,0,0,0,22350.0,2,38.03729,-121.25832,4
2017,2017-10-28,2215,10,3,22,6,N,A,N,A,H,D,A,01,E,01,E,,,,,I,Y,N,D,2,0,0,0,23152.0,1,38.02880393,-121.19256198,2
2017,2017-10-23,1510,10,3,15,1,Y,A,N,A,D,A,A,08,,12,D,,,,,C,Y,N,A,1,0,0,0,21457.0,2,38.05745993,-121.2963399,4
2017,2017-10-21,1040,10,3,10,6,N,A,N,A,H,A,A,01,S,03,C,,,,,C,Y,N,D,1,0,0,0,22350.0,2,38.05033236,-121.29580016,4
2017,2017-10-27,1520,10,3,15,5,N,A,Y,A,H,A,A,07,E,08,E,,,,,I,Y,N,D,2,0,0,0,22107.0,2,37.71054958,-121.46789681,2
2017,2017-10-27,1910,10,3,19,5,N,A,Y,A,H,D,A,01,S,03,C,,,,,C,Y,N,D,1,0,0,0,22350.0,2,37.78348461,-121.30891808,3
2017,2017-10-27,1115,10,3,11,5,N,A,Y,A,H,A,-,99,S,07,F,,,Y,,A,Y,F,D,1,0,0,1,21658.0,2,37.7713427,-121.32634934,3
2017,2017-10-22,1305,10,3,13,7,N,A,Y,A,H,A,D,22,W,03,C,,,,,C,Y,N,D,1,0,0,0,22350.0,4,38.00233,-121.25818,4
2017,2017-10-27,1625,10,3,16,5,N,A,Y,A,H,A,D,22,S,03,C,,,,,C,Y,N,D,1,0,0,0,22350.0,3,37.77853039,-121.31591138,3
2017,2017-11-05,1920,11,3,19,7,N,A,Y,A,H,C,A,01,S,08,D,,,,,C,Y,N,D,1,0,0,0,22107.0,2,37.98469176,-121.24999,4
2017,2017-10-31,622,10,3,6,2,N,A,Y,A,H,D,A,01,E,03,C,,,,,C,Y,N,D,2,0,0,0,22350.0,3,,,3
2017,2017-10-31,1750,10,3,17,2,N,A,Y,A,H,B,A,01,E,03,F,,,,,A,Y,N,D,2,0,0,0,22350.0,1,37.89597484,-121.48230231,3
2017,2017-11-01,1855,11,3,18,3,N,A,Y,A,H,C,G,25,E,03,C,,,,Y,C,Y,N,D,1,0,0,0,22350.0,2,37.74150318,-121.5174802,4
2017,2017-10-23,650,10,3,6,1,Y,A,Y,A,H,A,A,07,,01,D,,,,,C,Y,N,A,1,0,0,0,23152.0,2,37.74700993,-121.34164992,4
2017,2017-11-05,913,11,3,9,7,N,A,Y,A,H,A,C,02,W,08,F,,,Y,,A,N,N,D,1,0,0,1,22107.0,1,38.07115365,-120.98500351,3
2017,2017-11-03,1456,11,3,14,5,N,B,Y,A,H,A,A,01,N,03,C,,,,,C,Y,N,D,1,0,0,0,22350.0,2,37.78449384,-121.307809,4
2017,2017-10-06,1817,10,3,18,5,N,A,N,A,H,A,N,60,W,11,G,Y,,,,B,N,N,A,1,1,0,0,21954.0,2,37.96742,-121.32333,3
2017,2017-11-02,835,11,3,8,4,N,A,Y,A,H,A,A,01,N,08,B,,,,Y,C,Y,N,D,1,0,0,0,22107.0,2,37.88540893,-121.2794039,4
2017,2017-10-22,1040,10,3,10,7,N,A,Y,A,H,A,D,22,W,08,F,,,,,A,Y,N,D,2,0,0,0,22107.0,1,38.07786301,-120.97727844,3
2017,2017-10-26,1920,10,3,19,4,Y,A,N,A,H,C,A,01,,03,G,Y,,,,B,N,N,D,2,2,0,0,22350.0,3,37.77336998,-121.54594988,4
2017,2017-11-01,805,11,3,8,3,N,A,N,A,H,A,A,07,N,03,C,,,,,C,Y,N,D,1,0,0,0,22350.0,4,37.72002265,-121.47661431,4
2017,2017-11-03,650,11,3,6,5,N,B,Y,B,H,D,A,01,E,03,C,,,,,C,Y,N,D,1,0,0,0,22350.0,3,37.74126418,-121.5137427,3
2017,2017-11-06,1640,11,3,16,1,N,A,Y,A,H,A,A,01,N,03,C,,,,,C,Y,N,D,1,0,0,0,22350.0,2,,,4
2017,2017-11-05,1433,11,3,14,7,N,A,Y,A,H,A,A,07,N,03,C,,,,,C,N,N,D,2,0,0,0,22350.0,2,37.93603579,-121.29728518,4
2017,2017-11-06,730,11,3,7,1,N,A,Y,A,H,A,A,01,W,03,C,,,,,C,Y,N,D,1,0,0,0,22350.0,3,37.67401296,-121.45984887,4
2017,2017-11-06,2115,11,3,21,1,N,A,Y,A,H,D,E,22,E,09,D,,,,,C,Y,N,D,1,0,0,0,21801.0,2,38.23789828,-121.04961578,4
2017,2017-11-01,1850,11,3,18,3,N,A,Y,A,H,D,-,99,E,07,B,,,Y,,C,Y,N,D,1,0,0,1,21658.0,2,37.76569154,-121.34552618,4
2017,2017-11-06,525,11,3,5,1,N,A,Y,A,H,D,A,08,N,03,C,,,,,C,Y,N,D,4,0,0,0,22350.0,3,37.76891237,-121.3296791,3
2017,2017-11-06,1620,11,3,16,1,Y,A,N,A,H,A,A,01,,09,A,,,,,C,Y,N,A,2,0,0,0,21801.0,2,37.69615988,-121.3980999,4
2017,2017-11-07,345,11,3,3,2,N,A,Y,A,H,D,A,01,S,03,C,,,,,C,N,N,D,1,0,0,0,22350.0,2,,,4
2017,2017-11-03,1310,11,3,13,5,N,B,Y,A,H,A,A,07,N,08,D,,,,Y,C,Y,N,D,1,0,0,0,22107.0,2,38.08766959,-121.25992381,4
2017,2017-10-25,630,10,3,6,3,N,A,N,A,H,B,A,01,S,21,A,,Y,,,G,N,N,D,1,0,1,0,22106.0,2,37.73641696,-121.42818474,3
2017,2017-10-28,730,10,3,7,6,N,A,N,A,H,A,D,22,E,08,F,,,,,A,Y,N,D,1,0,0,0,22107.0,1,38.11541826,-121.48304971,3
2017,2017-11-03,1455,11,3,14,5,N,A,Y,A,H,A,A,01,N,03,C,,,,,C,Y,N,D,2,0,0,0,22350.0,2,37.78570723,-121.30587018,4
2017,2017-09-16,1031,9,3,10,6,N,A,Y,A,H,A,F,26,W,03,C,,,,Y,C,Y,N,D,4,0,0,0,22350.0,5,37.78320207,-121.20261988,4
2017,2017-11-05,1910,11,3,19,7,N,B,N,A,H,C,A,07,E,01,C,,,,,C,N,M,A,1,0,0,0,23152.0,2,37.77575677,-121.54420991,4
2017,2017-11-08,1430,11,3,14,3,N,B,N,A,H,A,A,01,N,09,D,,,,,C,Y,N,D,1,0,0,0,21801.0,2,38.03798995,-121.25830983,4
2017,2017-10-06,1715,10,3,17,5,Y,A,Y,A,H,A,A,01,,09,D,,,,,C,Y,N,A,3,0,0,0,21802.0,2,37.79864627,-121.03385869,4
2017,2017-10-09,1545,10,3,15,1,N,A,N,A,H,A,D,22,E,05,A,,,,,C,Y,N,D,3,0,0,0,21460.0,2,37.75703087,-121.01372536,3
2017,2017-10-12,1423,10,3,14,4,N,A,Y,A,H,A,G,25,S,07,B,,,,Y,C,Y,N,D,1,0,0,0,21658.0,3,37.77001503,-121.173223,4
2017,2017-11-07,447,11,3,4,2,N,A,N,A,H,D,N,60,S,11,G,Y,,,,B,N,N,D,1,1,0,0,21954.0,2,37.74915157,-121.51322,3
2017,2017-10-30,1145,10,3,11,1,N,A,Y,A,H,A,D,22,E,05,B,,,,,C,Y,M,D,2,0,0,0,21460.0,2,37.92690364,-121.42550005,4
2017,2017-10-27,1000,10,3,10,5,N,A,N,A,H,A,A,01,W,08,B,,,,,C,Y,N,D,1,0,0,0,22107.0,3,37.76528683,-121.50305986,2
2017,2017-08-18,120,8,2,1,5,N,A,N,A,H,D,N,60,S,11,G,Y,,,,B,N,F,D,0,0,0,0,21954.0,2,37.89404736,-121.28329358,1
2020,2020-03-10,1734,3,1,17,2,Y,A,N,A,H,A,D,22,,22,C,,,,,E,Y,N,D,1,0,0,0,23123.0,2,37.70542144775391,-121.42489624023438,3
2017,2017-11-03,1130,11,3,11,5,N,A,Y,A,H,A,A,07,E,08,E,,,,,I,Y,N,D,1,0,0,0,22107.0,1,37.96081461,-121.24750783,4
2017,2017-11-03,1500,11,3,15,5,N,B,N,A,H,A,A,07,S,08,F,,,,,A,Y,N,D,1,0,0,0,22107.0,1,37.85326652,-120.94216094,3
2017,2017-11-08,1445,11,3,14,3,N,A,N,A,H,A,A,07,S,03,C,,,,,C,Y,N,D,1,0,0,0,22350.0,2,37.73559639,-121.42848712,3
2017,2017-11-09,1730,11,3,17,4,N,A,Y,A,H,C,A,01,S,03,C,,,,,C,Y,N,D,1,0,0,0,22350.0,3,37.93736898,-121.29750658,4
2017,2017-11-09,750,11,3,7,4,N,B,Y,B,H,A,A,01,S,03,C,,,,,C,Y,N,D,1,0,0,0,22350.0,2,37.983185,-121.25019286,4
2017,2017-11-09,1720,11,3,17,4,N,A,Y,A,H,C,A,01,N,03,C,,,,,C,Y,N,D,3,0,0,0,22350.0,3,37.95455606,-121.31152235,4
2017,2017-10-23,1405,10,3,14,1,N,A,Y,A,H,A,A,07,E,21,B,,,,,C,Y,N,D,1,0,0,0,22106.0,2,37.79758177,-121.1677199,4
2017,2017-10-23,1445,10,3,14,1,N,A,Y,A,H,A,A,01,E,03,C,,,,,C,Y,N,D,2,0,0,0,22350.0,3,37.93005091,-120.99926968,4
2017,2017-10-23,1720,10,3,17,1,N,A,Y,A,H,A,A,08,S,03,C,,,,,C,Y,N,D,4,0,0,0,22350.0,4,37.77239943,-121.17652369,4
2017,2017-11-01,1640,11,3,16,3,N,A,Y,A,H,A,D,22,W,01,C,,,,,C,Y,N,A,1,0,0,0,23152.0,2,38.11611788,-121.40021974,4
2017,2017-10-30,2300,10,3,23,1,Y,A,N,A,H,C,A,01,,01,E,,,,,I,Y,N,A,1,0,0,0,23152.0,1,37.7758699,-121.53167994,4
2017,2017-10-21,1800,10,3,18,6,N,A,N,A,H,A,A,07,S,01,B,,,,,C,Y,N,A,1,0,0,0,23152.0,3,37.795212,-121.551192,4
2017,2017-10-19,125,10,3,1,4,N,A,Y,A,H,D,A,01,N,08,B,,,,Y,C,Y,N,D,2,0,0,0,22107.0,3,38.07770454,-121.37869738,2
2017,2017-10-14,2105,10,3,21,6,Y,A,Y,A,H,C,L,04,,12,D,,Y,,,G,N,N,A,1,0,1,0,21453.0,2,37.94155439,-121.23031726,3
2017,2017-11-03,440,11,3,4,5,N,B,Y,A,H,D,A,01,W,05,A,,,,,C,Y,N,D,2,0,0,0,21460.0,3,37.89717463,-121.47862768,2
2017,2017-10-31,405,10,3,4,2,Y,A,Y,A,H,C,A,01,,03,E,,,,,J,Y,N,A,1,0,0,0,22350.0,1,,,3
2017,2017-10-30,1440,10,3,14,1,N,A,Y,A,H,A,A,01,N,03,C,,,,,C,Y,N,D,1,0,0,0,22350.0,2,38.11687986,-121.25787902,4
2017,2017-11-03,930,11,3,9,5,N,B,Y,A,H,A,G,25,W,07,B,,,,Y,C,Y,N,D,1,0,0,0,21658.0,2,37.72108868,-121.53677981,3
2017,2017-11-09,1615,11,3,16,4,N,B,N,A,H,A,A,01,W,03,C,,Y,,,G,N,N,A,1,0,1,0,22350.0,2,37.66716067,-121.36192466,3
2017,2017-10-28,742,10,3,7,6,Y,A,N,A,H,A,A,01,,09,D,,,,,C,Y,N,A,1,0,0,0,21800.0,2,37.76203997,-120.95034986,4
2017,2017-10-29,825,10,3,8,7,Y,A,N,A,H,A,A,01,,09,D,,,,,C,Y,N,A,2,0,0,0,21802.0,2,38.08743995,-121.26012996,3
2017,2017-11-10,1815,11,3,18,5,N,B,Y,A,H,D,D,22,,03,C,,,,,C,Y,N,D,2,0,0,0,22350.0,2,37.7700593,-121.17329625,4
2017,2017-11-06,835,11,3,8,1,N,B,Y,A,H,A,G,27,E,03,F,,,,Y,A,Y,N,D,1,0,0,0,22350.0,1,37.89077159,-121.48789048,3
2017,2017-10-23,508,10,3,5,1,N,A,Y,A,H,D,G,25,W,03,C,,,,Y,C,Y,N,D,1,0,0,0,22350.0,3,37.78395162,-121.26621129,3
2017,2017-10-31,1625,10,3,16,2,Y,A,Y,A,H,A,A,08,,12,D,,,,Y,C,Y,N,A,1,0,0,0,22450.0,2,37.73662999,-121.14213999,4
2017,2017-10-31,2300,10,3,23,2,N,A,N,A,H,D,A,01,N,01,E,,,,,I,Y,N,D,1,0,0,0,23152.0,1,37.95442241,-121.23779572,3
2017,2017-11-01,1721,11,3,17,3,N,A,Y,A,H,A,A,07,W,03,C,,,,,C,N,N,A,1,0,0,0,22350.0,2,37.78123,-121.25261,4
2017,2017-11-03,1840,11,3,18,5,N,A,Y,A,H,C,A,01,W,03,C,,,,,C,Y,N,A,2,0,0,0,22350.0,3,38.11594667,-121.39863004,3
2017,2017-11-07,1425,11,3,14,2,N,A,N,A,H,A,A,08,S,03,C,,,,,C,Y,N,D,1,0,0,0,22350.0,3,38.0938702,-121.27874277,4
2017,2017-11-03,300,11,3,3,5,N,B,Y,A,H,C,A,01,N,01,C,,,,Y,C,Y,N,D,1,0,0,0,23152.0,2,38.16208951,-121.26193295,2
2017,2017-11-11,1500,11,3,15,6,N,A,Y,A,H,A,D,22,E,03,C,,,,,C,Y,N,D,2,0,0,0,22350.0,2,37.75149015,-121.46919779,4
2017,2017-11-11,905,11,3,9,6,Y,B,N,A,H,A,A,01,,12,D,,,,,C,N,N,A,1,0,0,0,22450.0,2,37.9850399,-121.26702988,4
2017,2017-10-10,115,10,3,1,2,N,A,Y,A,H,D,G,25,N,03,C,,,,Y,C,Y,N,D,2,0,0,0,22350.0,2,38.01075606,-121.35358436,1
2017,2017-11-04,42,11,3,0,6,N,B,N,B,H,C,A,01,N,01,E,,,,,I,Y,N,D,1,0,0,0,23152.0,1,38.21937054,-121.27144585,3
2017,2017-11-06,830,11,3,8,1,N,A,Y,A,H,A,A,01,E,03,C,,,,,C,N,N,D,1,0,0,0,22350.0,2,37.74256137,-121.53106872,4
2017,2017-11-04,1539,11,3,15,6,Y,A,N,A,H,A,A,07,,09,D,,,,,C,Y,N,A,3,0,0,0,21802.0,2,38.16056991,-121.39904989,4
2017,2017-11-13,930,11,3,9,1,N,A,Y,A,H,A,A,07,W,03,C,,,,,C,Y,N,A,1,0,0,0,22350.0,3,37.94953,-121.29086,4
2017,2017-11-14,20,11,3,0,2,N,B,N,B,H,C,-,- ,N,07,C,,,,Y,C,Y,F,D,1,0,0,0,21658.0,2,37.74588,-121.53177,4
2017,2017-11-13,1120,11,3,11,1,Y,A,N,A,H,A,D,22,,09,A,,,,,C,Y,N,A,2,0,0,0,21802.0,2,37.96915999,-121.16142986,4
2017,2017-11-12,2045,11,3,20,7,N,A,Y,A,H,D,A,01,S,08,E,,,,,I,Y,N,D,1,0,0,0,22107.0,1,37.96965152,-121.33772227,4
2017,2017-11-08,947,11,3,9,3,Y,B,Y,A,H,A,A,01,,09,D,,,,,C,Y,N,A,3,0,0,0,21802.0,2,37.63796988,-121.32434981,3
2017,2017-11-13,1615,11,3,16,1,N,B,N,A,H,A,A,01,E,03,C,,,,,C,Y,N,D,1,0,0,0,22350.0,2,37.71060787,-121.44456105,4
2020,2020-03-06,1510,3,1,15,5,N,A,N,A,H,A,A,07,N,03,C,,,,,C,Y,N,A,4,0,0,0,22350.0,4,37.7359619140625,-121.4532470703125,4
2020,2020-03-17,1610,3,1,16,2,Y,C,N,B,H,A,A,01,,12,D,,,,,C,Y,N,A,3,0,0,0,22450.0,2,37.73851013183594,-121.43347930908205,4
2020,2020-03-04,1552,3,1,15,3,N,A,N,A,H,A,A,07,W,03,C,,,,,C,Y,N,A,3,0,0,0,22350.0,4,37.71060180664063,-121.42286682128906,3
2017,2017-11-11,36,11,3,0,6,N,A,N,A,H,D,A,01,S,01,E,,,,,I,Y,N,D,1,0,0,0,23152.0,1,38.08224077,-121.33360084,3
2017,2017-11-14,500,11,3,5,2,N,E,N,B,H,D,G,25,S,08,F,,,,Y,A,Y,N,D,1,0,0,0,22107.0,1,38.08282179,-120.93571,4
2017,2017-10-28,2300,10,3,23,6,N,A,Y,A,H,D,A,01,W,05,A,,,,,C,Y,N,D,5,0,0,0,21650.0,2,38.13496725,-121.16394369,2
2017,2017-11-03,1800,11,3,18,5,N,B,N,B,H,B,D,22,E,01,E,,,,,I,Y,N,D,1,0,0,0,23152.0,1,38.23560298,-121.07605977,3
2017,2017-11-09,455,11,3,4,4,Y,A,N,A,H,D,G,25,,09,D,,,,Y,C,Y,N,A,1,0,0,0,21802.0,2,37.93143994,-121.23410999,3
2017,2017-11-10,1920,11,3,19,5,N,A,Y,A,H,C,A,01,N,03,C,,,,,C,Y,N,D,2,0,0,0,22350.0,2,37.78315999,-121.22175999,4
2017,2017-11-14,1855,11,3,18,2,N,A,N,A,H,C,A,01,N,08,E,,,,,I,Y,N,D,2,0,0,0,22107.0,1,38.03955827,-121.25833354,3
2017,2017-11-15,605,11,3,6,3,N,B,N,A,H,D,A,01,W,03,C,,,,,C,Y,N,D,1,0,0,0,22350.0,2,37.89882873,-121.12794702,3
2017,2017-10-04,2109,10,3,21,3,N,A,Y,A,H,D,A,01,E,09,D,,,,,C,Y,N,D,2,0,0,0,21801.0,2,38.02044158,-121.08602539,1
2017,2017-11-16,1330,11,3,13,4,N,B,N,B,H,A,D,22,N,08,B,,,,,C,Y,N,D,1,0,0,0,22107.0,2,38.03873752,-121.25832124,4
2017,2017-11-03,1526,11,3,15,5,N,A,Y,A,H,A,A,01,S,03,C,,,,,C,N,N,D,1,0,0,0,22350.0,3,37.73868075,-121.12008695,4
2017,2017-10-28,1920,10,3,19,6,N,A,Y,A,H,D,D,22,E,03,C,,,,,C,Y,N,D,1,0,0,0,22350.0,3,37.76437582,-121.41292483,3
2017,2017-11-10,1810,11,3,18,5,N,B,Y,A,H,D,A,01,,03,C,,,,,C,Y,N,D,5,0,0,0,22350.0,2,37.67180637,-121.45685269,3
2017,2017-11-11,805,11,3,8,6,N,A,Y,A,H,A,A,01,E,08,B,,,,Y,C,Y,N,D,1,0,0,0,22107.0,2,37.7650704,-121.37137995,3
2017,2017-11-11,1330,11,3,13,6,N,A,Y,A,H,A,D,22,W,03,C,,,,,C,Y,F,D,2,0,0,0,22350.0,2,37.74865619,-121.47605158,3
2017,2017-11-12,1700,11,3,17,7,N,A,N,A,H,A,A,01,N,08,B,,,,,C,Y,N,D,1,0,0,0,22107.0,2,,,4
2017,2017-11-08,1047,11,3,10,3,Y,B,Y,A,H,A,A,01,,09,D,,,,,C,Y,N,A,2,0,0,0,21802.0,2,37.6385627,-121.29600757,4
2017,2017-11-08,620,11,3,6,3,Y,A,N,A,H,A,A,01,,12,D,,,,,C,Y,N,A,2,0,0,0,22450.0,2,38.17445998,-121.24339991,3
2017,2017-11-16,1200,11,3,12,4,N,B,Y,B,H,A,A,01,W,08,E,,,,,I,Y,N,D,5,0,0,0,22107.0,4,37.76213467,-121.44371421,3
2017,2017-10-20,625,10,3,6,5,N,B,N,B,H,D,A,01,S,08,D,,,,,C,Y,F,D,2,0,0,0,22107.0,2,37.97347,-120.99963,3
2017,2017-11-07,1540,11,3,15,2,N,A,Y,A,H,A,-,- ,N,07,B,,,,Y,C,N,N,D,1,0,0,0,21658.0,2,37.89772333,-121.2838617,4
2017,2017-11-09,1710,11,3,17,4,N,B,Y,A,H,B,D,22,N,03,C,,,,,C,Y,M,D,1,0,0,0,22350.0,3,37.8756605,-121.27780388,4
2017,2017-11-16,1950,11,3,19,4,N,A,Y,B,H,D,A,01,N,08,F,,,,,A,Y,N,D,2,0,0,0,22107.0,1,37.81400413,-121.2069556,3
2017,2017-11-17,1500,11,3,15,5,N,A,N,A,H,A,A,01,W,03,C,,,,,C,N,M,D,1,0,0,0,22350.0,3,38.0004574,-121.26178728,4
2017,2017-11-04,1153,11,3,11,6,Y,B,N,B,H,A,A,01,,12,D,,,,,C,Y,N,A,1,0,0,0,22450.0,2,37.84759993,-121.1863399,3
2017,2017-11-03,1358,11,3,13,5,N,A,Y,A,H,A,A,01,W,03,C,,,,,C,Y,N,D,1,0,0,0,22350.0,2,37.78350411,-121.22660986,4
2017,2017-10-05,1700,10,3,17,4,N,A,Y,A,H,A,-,99,E,03,C,,,,,C,N,N,D,1,0,0,0,22350.0,2,37.76279827,-121.43051979,4
2017,2017-11-15,1105,11,3,11,3,N,A,N,A,H,A,A,01,W,08,E,,,,,I,Y,N,D,2,0,0,0,22107.0,1,37.87711014,-121.39862553,2
2017,2017-11-16,1500,11,3,15,4,N,B,Y,B,H,A,A,01,E,08,E,,,,,I,Y,N,D,1,0,0,0,22107.0,1,37.74190328,-121.52080468,3
2017,2017-11-14,1005,11,3,10,2,N,A,Y,A,H,A,D,22,S,07,E,,,,,I,Y,N,D,2,0,0,0,21658.0,2,38.17328028,-121.26213748,4
2017,2017-11-14,900,11,3,9,2,N,A,Y,A,H,A,A,01,W,08,E,,,,,I,Y,N,D,1,0,0,0,22107.0,1,38.06887203,-120.98952817,3
2017,2017-11-12,1130,11,3,11,7,Y,A,N,A,H,A,E,22,,09,D,,,,,C,N,N,A,1,0,0,0,21802.0,2,38.20426997,-121.1893599,4
2017,2017-11-19,1945,11,3,19,7,N,A,Y,A,H,D,A,01,E,03,C,,,,,C,Y,N,D,3,0,0,0,22350.0,2,37.78313287,-121.23335062,4
2017,2017-10-18,2300,10,3,23,3,N,A,Y,A,H,D,D,22,S,01,C,,,,,C,Y,N,D,0,0,0,0,23152.0,2,37.80457344,-121.29834978,1
2017,2017-11-19,1830,11,3,18,7,N,A,Y,A,H,D,A,07,E,03,C,,,,,C,Y,N,D,2,0,0,0,22350.0,2,37.78320668,-121.20532994,4
2017,2017-11-19,1200,11,3,12,7,N,A,N,A,H,A,D,22,E,08,E,,,,,I,Y,N,D,1,0,0,0,22107.0,1,38.0081634,-121.20329772,2
2017,2017-11-08,1515,11,3,15,3,N,A,N,A,H,A,A,01,N,08,E,,,,,I,Y,N,D,1,0,0,0,22107.0,1,38.15529707,-121.30052117,2
2017,2017-11-15,2315,11,3,23,3,N,B,Y,B,H,D,A,01,N,08,E,,,,,I,Y,N,D,1,0,0,0,22107.0,1,38.08676485,-121.38158708,2
2017,2017-11-16,1735,11,3,17,4,N,C,Y,B,H,C,A,07,W,01,F,,,,,A,Y,N,D,1,0,0,0,23152.0,1,38.11609213,-121.42340982,4
2017,2017-11-19,1615,11,3,16,7,N,A,Y,A,H,A,A,07,W,03,C,,,,,C,Y,N,D,1,0,0,0,22350.0,2,37.7426484,-121.5324776,4
2017,2017-11-16,1420,11,3,14,4,N,B,Y,B,H,A,A,01,N,03,C,,,,,C,Y,N,D,2,0,0,0,22350.0,2,37.90569857,-121.28707959,4
2017,2017-11-13,235,11,3,2,1,N,A,Y,A,H,D,A,01,N,03,C,,,,Y,C,Y,N,D,1,0,0,0,22350.0,2,37.99020515,-121.34549232,2
2017,2017-11-21,1705,11,3,17,2,N,A,Y,A,H,D,D,22,W,03,C,,,,,C,Y,N,D,1,0,0,0,22350.0,4,37.63799122,-121.30257,4
2017,2017-09-20,850,9,3,8,3,N,A,Y,A,H,A,A,07,N,01,E,,,,,I,Y,N,D,0,0,0,0,23152.0,1,38.00427577,-121.25740475,1
2017,2017-11-14,600,11,3,6,2,N,B,N,A,H,B,A,01,N,03,C,,,,,C,Y,N,D,1,0,0,0,22350.0,2,37.74716,-121.53175,4
2017,2017-11-17,1540,11,3,15,5,N,A,Y,A,H,A,D,22,W,03,C,,,,,C,Y,N,D,1,0,0,0,22350.0,2,37.76279015,-121.43507012,4
2017,2017-11-21,1840,11,3,18,2,N,A,N,A,H,C,A,01,E,08,G,,,,,E,N,N,D,1,0,0,0,22107.0,2,37.78221795,-121.55553898,4
2017,2017-11-21,1750,11,3,17,2,N,A,Y,A,H,D,A,07,E,03,C,,,,,C,N,N,D,1,0,0,0,22350.0,3,37.76450401,-121.4122207,4
2020,2020-01-16,2000,1,4,20,4,Y,C,N,B,H,C,-,- ,,00,H,,Y,,,G,N,F,A,1,0,1,0,,2,37.80105972290039,-121.19833374023438,4
2017,2017-11-17,1005,11,3,10,5,N,A,Y,A,H,A,A,07,W,03,C,,,,,C,Y,N,D,2,0,0,0,22350.0,2,37.74263689,-121.53229332,4
2017,2017-11-22,1210,11,3,12,3,N,A,Y,A,H,A,A,01,E,03,C,,,,,D,N,N,D,1,0,0,0,22350.0,2,37.76456558,-121.41170759,4
2017,2017-11-23,2315,11,3,23,4,N,B,N,A,H,C,A,07,S,01,C,,,,,C,Y,N,A,2,0,0,0,23152.0,2,37.98676669,-121.27265681,3
2017,2017-11-15,2115,11,3,21,3,N,B,Y,A,H,D,A,01,S,03,C,,,,,C,N,N,D,1,0,0,0,22350.0,2,38.0972604,-121.2600447,4
2017,2017-11-15,1305,11,3,13,3,N,B,Y,A,H,A,A,07,E,03,C,,,,,C,Y,N,D,3,0,0,0,22350.0,2,37.78319726,-121.20963043,3
2017,2017-11-16,1640,11,3,16,4,N,C,Y,B,H,D,A,01,S,08,E,,,,,I,Y,N,D,1,0,0,0,22107.0,1,37.84890235,-121.28351896,3