ACCIDENT_YEAR,COLLISION_DATE,COLLISION_TIME,MONTH,SEASON,24HOURS,DAY_OF_WEEK,INTERSECTION,WEATHER_1,STATE_HWY_IND,ROAD_SURFACE,ROAD_COND_1,LIGHTING,STWD_VEHTYPE_AT_FAULT,CHP_VEHTYPE_AT_FAULT,DIRECTION,PCF_VIOL_CATEGORY,TYPE_OF_COLLISION,PEDESTRIAN_ACCIDENT,BICYCLE_ACCIDENT,MOTORCYCLE_ACCIDENT,TRUCK_ACCIDENT,MVIW,TOW_AWAY,HIT_AND_RUN,CONTROL_DEVICE,NUMBER_INJURED,COUNT_PED_INJURED,COUNT_BICYCLIST_INJURED,COUNT_MC_INJURED,PCF_VIOLATION,PARTY_COUNT,POINT_Y,POINT_X,COLLISION_SEVERITY
2018,2018-07-14,910,7,2,9,6,N,A,Y,A,H,A,A,01,S,07,B,,,,,C,Y,N,D,3,0,0,0,21658.0,3,37.89165496826172,-121.2820053100586,4
2018,2018-07-15,525,7,2,5,7,N,A,Y,A,H,B,A,01,S,01,E,,,,,I,Y,N,D,1,0,0,0,23152.0,1,38.01945114135742,-121.357421875,3
2018,2018-07-15,1142,7,2,11,7,N,A,Y,A,H,A,A,01,E,03,C,,,,,C,Y,N,D,4,0,0,0,22350.0,2,38.02342987060546,-121.19952392578124,3
2018,2018-07-15,1535,7,2,15,7,N,A,Y,A,H,A,A,01,N,01,C,,,,,C,Y,N,D,1,0,0,0,23152.0,2,37.93063354492188,-121.29608154296876,3
2018,2018-07-20,1415,7,2,14,5,N,A,N,A,H,A,C,02,W,03,F,,,Y,,A,N,N,D,1,0,0,1,22350.0,1,37.73974609375,-121.37289428710938,3
2018,2018-07-17,1155,7,2,11,2,N,A,N,A,H,A,A,01,E,10,G,Y,,,,B,N,M,A,1,1,0,0,21950.0,2,37.9770622253418,-121.26179504394533,4
2018,2018-07-18,1600,7,2,16,3,N,A,Y,A,H,A,A,01,N,03,C,,,,,C,Y,N,D,1,0,0,0,22350.0,2,,,4
2018,2018-07-18,530,7,2,5,3,Y,A,Y,A,H,A,A,07,,12,D,,,,,C,Y,N,A,1,0,0,0,21453.0,2,38.05782699584961,-121.18869018554688,4
2018,2018-07-19,1717,7,2,17,4,N,A,Y,A,H,A,A,01,S,01,F,,,,,A,Y,N,D,2,0,0,0,23152.0,1,38.010719299316406,-121.25812530517578,2
2018,2018-07-19,1645,7,2,16,4,N,A,Y,A,H,A,A,07,E,08,E,,,,,I,Y,N,D,4,0,0,0,22107.0,1,37.93010711669922,-120.99026489257812,3
2018,2018-07-13,1718,7,2,17,5,N,A,N,A,H,A,A,07,W,03,C,,,,,C,Y,M,A,2,0,0,0,22350.0,3,37.87369155883789,-121.25357055664062,4
2018,2018-07-14,1420,7,2,14,6,N,A,Y,A,H,A,D,22,S,08,F,,,,,J,Y,N,D,2,0,0,0,22107.0,1,38.07662582397461,-121.18594360351562,2
2018,2018-07-20,616,7,2,6,5,Y,B,N,A,H,A,D,22,,01,D,,,,,C,Y,N,A,2,0,0,0,23152.0,2,37.970458984375,-121.14868927001952,3
2018,2018-07-21,1945,7,2,19,6,N,A,Y,A,H,A,A,01,E,07,C,,,,,C,Y,N,D,2,0,0,0,21658.0,2,37.76500701904297,-121.4053192138672,3
2018,2018-07-14,1326,7,2,13,6,N,A,Y,A,H,A,-,99,W,04,C,,,,,C,Y,M,D,1,0,0,0,21703.0,2,37.7426872253418,-121.53311157226562,4
2018,2018-07-16,1711,7,2,17,1,N,A,N,A,H,A,A,07,N,08,E,,,,,I,Y,N,D,2,0,0,0,22107.0,2,37.96526718139648,-121.24097442626952,3
2018,2018-07-16,1430,7,2,14,1,N,A,Y,A,H,A,E,22,S,08,D,,,,,C,Y,N,D,2,0,0,0,22107.0,3,37.98355102539063,-121.25020599365234,3
2018,2018-07-18,2230,7,2,22,3,N,A,N,A,H,D,A,01,E,08,E,,,,,I,Y,N,D,1,0,0,0,22107.0,1,37.827613830566406,-120.9573974609375,2
2018,2018-07-19,1433,7,2,14,4,N,A,Y,A,H,A,-,- ,W,18,D,,,,,C,Y,N,D,1,0,0,0,,2,38.017288208007805,-121.09577941894533,4
2018,2018-06-28,1300,6,2,13,4,N,A,Y,A,H,A,A,01,E,08,D,,,,,C,Y,N,D,1,0,0,0,22107.0,2,37.9786376953125,-121.21474456787108,3
2018,2018-07-06,1130,7,2,11,5,N,A,Y,A,H,A,C,02,N,03,C,,,Y,,C,Y,N,D,1,0,0,1,22350.0,2,37.74825668334961,-121.1359634399414,2
2018,2018-07-20,438,7,2,4,5,N,A,N,A,H,D,A,01,S,08,A,,,,,C,Y,N,A,2,0,0,0,22107.0,2,38.23175,-121.42836,4
2018,2018-07-20,800,7,2,8,5,N,A,Y,A,H,A,A,01,W,08,E,,,,,I,Y,N,D,1,0,0,0,22107.0,1,37.798526763916016,-121.01554870605467,4
2018,2018-07-21,750,7,2,7,6,N,A,N,A,H,A,D,22,E,08,E,,,,,I,Y,N,D,1,0,0,0,22107.0,1,37.82758331298828,-121.0438995361328,3
2018,2018-07-23,715,7,2,7,1,N,A,N,A,H,A,D,22,W,08,A,,,,,C,Y,N,D,1,0,0,0,22107.0,2,37.90508270263672,-121.1474609375,4
2018,2018-07-25,1255,7,2,12,3,N,A,N,A,H,A,A,01,W,08,E,,,,,I,Y,N,D,1,0,0,0,22107.0,1,38.04389572143555,-121.25407409667967,3
2018,2018-07-16,240,7,2,2,1,N,A,Y,A,H,D,A,07,W,01,E,,,,,I,Y,N,D,4,0,0,0,23153.0,2,37.766727447509766,-121.33489990234376,3
2018,2018-07-17,1420,7,2,14,2,N,A,N,A,H,A,D,22,W,08,A,,,,,C,Y,N,D,11,0,0,0,22107.0,2,38.16011428833008,-121.25045776367188,2
2018,2018-07-18,2113,7,2,21,3,N,A,Y,A,H,A,A,08,S,03,C,,,,,C,Y,N,D,1,0,0,0,22350.0,2,37.7502326965332,-121.1387176513672,4
2018,2018-07-22,2120,7,2,21,7,N,A,Y,A,H,D,A,01,N,08,F,,,,,A,Y,N,D,1,0,0,0,22107.0,1,37.91835784912109,-121.2913055419922,4
2018,2018-07-27,30,7,2,0,5,N,A,Y,A,H,C,-,99,N,03,C,,,,,C,N,M,D,1,0,0,0,22350.0,2,37.951210021972656,-121.238037109375,4
2018,2018-07-18,1530,7,2,15,3,N,A,Y,A,H,A,A,01,N,03,C,,,,,C,Y,N,D,1,0,0,0,22350.0,5,37.93692779541016,-121.29773712158205,4
2018,2018-07-21,227,7,2,2,6,N,A,Y,A,H,D,D,22,E,05,B,,,,,C,Y,N,D,1,0,0,0,21460.0,2,37.91630172729492,-121.4443130493164,4
2018,2018-07-21,939,7,2,9,6,Y,A,N,A,H,A,A,07,,09,D,,,,,C,Y,N,D,5,0,0,0,21802.0,2,37.862430572509766,-121.05419921875,4
2018,2018-07-21,910,7,2,9,6,N,A,N,A,H,A,D,22,S,08,E,,,,,I,Y,N,D,1,0,0,0,22107.0,1,38.252611,-121.171503,3
2018,2018-07-22,220,7,2,2,7,Y,A,N,A,H,C,A,01,,12,D,,,,,C,Y,F,A,3,0,0,0,22450.0,2,37.974159240722656,-121.2628173828125,4
2018,2018-07-15,1240,7,2,12,7,N,A,N,A,H,A,A,07,S,01,E,,,,,I,N,N,D,1,0,0,0,23152.0,1,37.730422973632805,-121.47675323486328,4
2018,2018-07-21,1325,7,2,13,6,N,A,N,A,H,A,A,01,W,01,F,,,,,A,Y,N,D,1,0,0,0,23152.0,1,37.89007186889648,-121.51634979248048,3
2018,2018-07-15,809,7,2,8,7,N,A,Y,A,H,A,A,08,W,01,E,,,,,I,Y,N,D,1,0,0,0,23152.0,1,37.762168884277344,-121.44248962402344,2
2018,2018-07-20,1055,7,2,10,5,N,A,Y,A,H,A,D,22,E,03,C,,,,,C,N,M,D,2,0,0,0,22350.0,3,37.76338958740234,-121.4345932006836,4
2020,2020-02-21,851,2,4,8,5,Y,A,Y,A,H,A,A,01,,09,D,,,,,C,Y,N,D,1,0,0,0,21801.0,2,37.79428863525391,-120.98483276367188,2
2018,2018-07-18,428,7,2,4,3,N,A,Y,A,H,D,A,01,N,05,E,,,,,I,Y,N,D,1,0,0,0,21651.0,1,37.784934997558594,-121.30709838867188,4
2018,2018-07-23,2225,7,2,22,1,N,A,Y,A,D,D,F,26,E,03,C,,,,Y,C,Y,N,D,4,0,0,0,22350.0,3,37.75123596191406,-121.47056579589844,4
2018,2018-07-26,843,7,2,8,4,N,A,Y,A,H,A,A,07,E,01,F,,,,,A,Y,N,D,2,0,0,0,23152.0,1,37.93024063110352,-120.97542572021484,2
2020,2020-01-23,609,1,4,6,4,Y,A,Y,A,H,C,A,01,,12,D,,,,,C,N,N,A,2,0,0,0,21453.0,2,38.11627197265625,-121.26039123535156,4
2018,2018-07-08,1410,7,2,14,7,Y,A,N,A,H,A,A,01,,09,D,,,,,C,Y,N,A,2,0,0,0,21802.0,2,37.95560836791992,-121.42212677001952,3
2018,2018-07-15,1712,7,2,17,7,Y,A,Y,A,H,A,A,08,,09,D,,,,,C,Y,N,A,1,0,0,0,21802.0,2,38.236061096191406,-121.05108642578124,3
2018,2018-07-24,1330,7,2,13,2,N,A,Y,A,H,A,A,07,E,08,F,,,,,A,Y,N,D,1,0,0,0,22107.0,1,37.75943374633789,-121.4497299194336,3
2018,2018-07-22,2255,7,2,22,7,N,A,N,A,H,D,A,07,N,01,E,,,,,I,Y,N,D,1,0,0,0,23152.0,1,38.15729904174805,-121.0779266357422,2
2018,2018-07-25,2020,7,2,20,3,N,A,N,A,H,B,D,22,W,08,F,,,,,A,Y,N,D,1,0,0,0,22107.0,1,38.13793563842773,-121.41374969482422,4
2018,2018-07-12,440,7,2,4,4,N,A,Y,A,H,B,D,22,N,03,C,,,,,C,Y,N,D,2,0,0,0,22350.0,2,37.81204605102539,-121.29572296142578,4
2018,2018-07-17,805,7,2,8,2,N,A,Y,A,H,A,A,01,W,03,C,,,,,C,N,N,D,1,0,0,0,22350.0,2,37.786251068115234,-121.27489471435548,4
2018,2018-07-17,1705,7,2,17,2,N,A,Y,A,H,A,A,01,S,01,C,,,,Y,C,Y,F,D,1,0,0,0,23152.0,3,38.01605987548828,-121.35603332519533,2
2018,2018-07-18,1750,7,2,17,3,N,A,Y,A,H,A,A,01,S,03,C,,,,,C,N,M,D,1,0,0,0,22350.0,2,37.78585815429688,-121.30509948730467,4
2018,2018-07-11,1359,7,2,13,3,N,A,Y,A,H,A,A,01,S,08,F,,,,,I,Y,N,D,1,0,0,0,22107.0,1,,,3
2018,2018-07-24,1025,7,2,10,2,N,A,Y,A,H,A,G,27,W,08,B,,,,Y,C,N,N,D,1,0,0,0,22107.0,2,37.76530838012695,-121.3493423461914,4
2018,2018-07-25,2210,7,2,22,3,N,A,Y,A,H,D,A,08,W,03,C,,,,,C,Y,N,D,1,0,0,0,22350.0,3,37.74528884887695,-121.48428344726562,4
2018,2018-06-24,1304,6,2,13,7,N,A,N,A,H,A,C,02,S,03,D,,,Y,,C,Y,N,D,1,0,0,1,22350.0,2,37.92035675048828,-121.24134063720705,2
2018,2018-07-25,1555,7,2,15,3,N,A,N,A,H,A,A,01,E,03,C,,,,,C,Y,N,D,2,0,0,0,22350.0,3,38.18920135498047,-121.29307556152344,4
2018,2018-07-26,1623,7,2,16,4,N,A,Y,A,H,A,A,01,N,03,C,,,,,C,N,N,D,1,0,0,0,22350.0,2,37.73129653930664,-121.11099243164062,4
2018,2018-07-27,1535,7,2,15,5,N,A,Y,A,H,A,A,01,E,03,C,,,,,C,Y,N,D,1,0,0,0,22350.0,3,37.76476287841797,-121.38144683837892,4
2018,2018-07-19,1609,7,2,16,4,Y,A,N,A,H,A,D,22,,09,A,,,,,C,Y,N,D,3,0,0,0,21801.0,2,37.87739944458008,-121.34239959716795,3
2018,2018-07-25,1302,7,2,13,3,N,A,Y,A,H,A,G,27,W,08,B,,,,Y,C,Y,N,D,2,0,0,0,22107.0,3,37.7662353515625,-121.33998870849608,4
2018,2018-07-26,1825,7,2,18,4,Y,A,N,A,H,A,G,25,,09,A,,,,Y,C,N,N,A,1,0,0,0,21801.0,2,37.71052169799805,-121.4765396118164,4
2018,2018-07-27,40,7,2,0,5,N,A,Y,A,D,D,A,01,E,03,E,,,,,I,Y,N,D,2,0,0,0,22350.0,1,37.63834381103516,-121.39389038085938,4
2018,2018-07-27,600,7,2,6,5,Y,A,N,A,H,B,-,99,,09,C,,,,,C,Y,M,A,1,0,0,0,21802.0,2,37.78049850463867,-121.49961090087892,4
2018,2018-07-27,2055,7,2,20,5,Y,A,N,A,H,D,D,22,,09,D,,,,,C,Y,N,A,2,0,0,0,21802.0,2,37.80529022216797,-121.44963073730467,4
2018,2018-07-21,528,7,2,5,6,N,A,Y,A,H,B,A,01,W,08,E,,,,,I,Y,N,D,2,0,0,0,22107.0,1,37.93136215209961,-121.2937469482422,3
2018,2018-07-21,231,7,2,2,6,Y,A,N,A,H,C,A,01,,12,B,,,,,C,Y,N,A,1,0,0,0,21453.0,2,38.02603149414063,-121.32974243164062,4
2018,2018-07-31,1850,7,2,18,2,N,A,Y,A,H,B,A,01,W,03,C,,,,,C,Y,N,D,3,0,0,0,22350.0,2,37.713138580322266,-121.54920959472656,4
2018,2018-07-31,1540,7,2,15,2,N,A,N,A,H,A,A,07,N,03,C,,,,,C,Y,N,D,1,0,0,0,22350.0,2,37.81975173950195,-121.44969940185548,4
2018,2018-07-22,1534,7,2,15,7,N,A,Y,A,H,A,A,01,S,08,E,,,,,I,Y,N,D,1,0,0,0,22107.0,1,37.822509765625,-121.21615600585938,4
2018,2018-07-26,2340,7,2,23,4,N,A,Y,A,H,D,G,25,W,03,C,,,,Y,C,Y,N,D,5,0,0,0,22350.0,3,37.75244903564453,-121.46678924560548,3
2018,2018-07-28,1130,7,2,11,6,N,A,Y,A,H,A,A,07,S,08,E,,,,,I,Y,N,D,2,0,0,0,22107.0,1,38.02052688598633,-121.35824584960938,3
2018,2018-07-29,1425,7,2,14,7,N,A,Y,A,H,A,A,01,N,03,C,,,,,C,Y,N,D,1,0,0,0,22350.0,3,37.7583122253418,-121.15338897705078,4
2018,2018-07-29,1350,7,2,13,7,N,A,Y,A,H,A,A,07,N,03,C,,,,,C,N,N,D,1,0,0,0,22350.0,4,37.740989685058594,-121.12364196777344,4
2018,2018-06-29,1654,6,2,16,5,N,A,N,A,H,A,A,01,E,08,E,,,,,I,Y,N,D,1,0,0,0,22107.0,1,38.02682876586913,-121.33118438720705,2
2018,2018-06-22,1245,6,2,12,5,N,A,N,A,H,A,A,01,E,03,F,,,,,I,Y,N,D,2,0,0,0,22350.0,1,37.77131271362305,-121.29389190673828,2
2018,2018-08-03,539,8,2,5,5,N,A,Y,A,H,B,A,01,E,07,C,,,,,C,Y,N,D,2,0,0,0,21658.0,2,37.765033721923835,-121.38552856445312,4
2018,2018-07-27,1535,7,2,15,5,N,A,Y,A,H,A,A,01,S,03,C,,,,,C,Y,N,D,2,0,0,0,22350.0,2,37.76365661621094,-121.33632659912108,4
2018,2018-07-25,510,7,2,5,3,N,A,Y,A,H,D,A,01,W,06,D,,,,,C,Y,N,D,1,0,0,0,21750.0,2,37.89102554321289,-121.50867462158205,3
2018,2018-08-01,515,8,2,5,3,N,A,N,A,H,D,I,11,E,03,C,,,,,C,Y,N,D,2,0,0,0,22350.0,2,37.721633911132805,-121.32181549072266,4
2020,2020-01-12,1720,1,4,17,7,N,A,N,A,H,C,A,01,N,03,G,Y,,,,B,N,N,D,1,1,0,0,22350.0,3,38.127220153808594,-121.26515197753906,2
2018,2018-07-30,1715,7,2,17,1,N,A,N,A,H,A,A,01,S,01,E,,,,,I,Y,N,D,1,0,0,0,23152.0,1,37.78219223022461,-121.4635772705078,4
2018,2018-08-04,1440,8,2,14,6,N,A,Y,A,H,A,A,01,W,03,C,,,,,C,Y,N,D,1,0,0,0,22350.0,2,37.76309585571289,-121.43047332763672,4
2018,2018-07-28,1600,7,2,16,6,N,A,N,A,H,A,A,01,E,08,C,,,,,E,Y,N,D,1,0,0,0,22107.0,3,37.96636199951172,-121.32746887207033,4
2018,2018-03-20,2158,3,1,21,2,Y,C,N,B,H,D,D,22,,12,D,,,,,C,Y,N,A,3,0,0,0,22450.0,2,37.82730865478516,-121.07138824462892,1
2018,2018-07-29,335,7,2,3,7,N,A,Y,A,H,D,A,01,S,01,E,,,,,I,Y,N,D,1,0,0,0,23152.0,1,,,2
2018,2018-07-27,1621,7,2,16,5,N,B,Y,A,H,A,C,02,E,03,C,,,Y,,C,Y,F,D,1,0,0,1,22350.0,2,37.78364944458008,-121.26638793945312,2
2018,2018-07-24,645,7,2,6,2,N,A,Y,A,H,A,A,01,N,21,C,,,,,C,N,N,A,1,0,0,0,22106.0,2,37.88254165649414,-121.28153228759766,4
2018,2018-08-03,1430,8,2,14,5,N,A,Y,A,H,A,A,01,E,03,C,,,,,C,Y,N,D,3,0,0,0,22350.0,2,37.7519645690918,-121.46797943115234,4
2018,2018-08-05,1835,8,2,18,7,N,A,Y,A,H,A,A,01,W,07,B,,,,,C,Y,N,D,1,0,0,0,21658.0,2,37.76510238647461,-121.35794830322266,4
2018,2018-07-30,605,7,2,6,1,N,B,N,A,H,A,A,01,E,08,D,,,,,C,Y,N,A,3,0,0,0,22107.0,2,38.08646011352539,-121.2785415649414,4
2018,2018-06-14,2240,6,2,22,4,N,A,Y,A,H,D,A,07,E,01,F,,,,,A,Y,N,D,0,0,0,0,23152.0,1,37.62594223022461,-121.38114166259766,1
2018,2018-07-31,148,7,2,1,2,N,A,Y,A,H,D,A,01,S,03,C,,,,Y,C,N,F,D,1,0,0,0,22350.0,2,38.049419403076165,-121.3701629638672,4
2018,2018-07-31,1743,7,2,17,2,N,A,Y,A,H,A,A,01,S,03,C,,,,,C,Y,N,D,4,0,0,0,22350.0,2,38.21474838256836,-121.26847839355467,4
2018,2018-08-05,1425,8,2,14,7,N,A,Y,A,H,A,A,07,S,08,E,,,,,I,Y,N,D,1,0,0,0,22107.0,1,37.76619338989258,-121.3334732055664,3
2018,2018-08-01,1510,8,2,15,3,N,A,N,A,H,A,A,07,N,01,E,,,,,I,Y,N,D,3,0,0,0,23152.0,1,38.048187255859375,-121.0962142944336,2
2018,2018-08-02,1521,8,2,15,4,N,A,Y,A,H,A,A,07,W,03,C,,,,,C,Y,N,D,1,0,0,0,22350.0,2,37.96083068847656,-121.2467803955078,4
2018,2018-08-02,955,8,2,9,4,N,A,Y,A,H,A,D,22,N,03,E,,,,,I,Y,N,D,1,0,0,0,22350.0,1,38.02302169799805,-121.25749206542967,3
2018,2018-08-02,1058,8,2,10,4,N,A,Y,A,H,A,A,07,N,12,D,,,,,C,Y,N,A,2,0,0,0,21453.0,3,,,4
2018,2018-08-07,6,8,2,0,2,Y,A,N,A,H,D,A,01,,09,D,,,,,C,Y,N,D,4,0,0,0,21801.0,2,37.68355178833008,-121.34535217285156,4
2018,2018-04-22,202,4,1,2,7,N,A,Y,A,H,D,D,22,S,01,E,,,,,I,Y,N,D,1,0,0,0,23152.0,1,38.10651779174805,-121.39130401611328,1
2018,2018-07-30,1750,7,2,17,1,Y,A,N,A,H,A,A,01,,09,D,,,,,C,Y,N,A,1,0,0,0,21802.0,2,37.82761001586913,-120.96090698242188,3
2018,2018-07-10,2007,7,2,20,2,N,A,Y,A,H,B,A,01,E,03,C,,,,,C,N,F,D,2,0,0,0,22350.0,2,37.78343963623047,-121.24169921875,4
2018,2018-08-02,1037,8,2,10,4,Y,A,N,A,H,A,L,04,,12,D,,Y,,,G,N,N,A,1,0,1,0,22450.0,2,37.97600173950195,-121.33081817626952,3
2018,2018-08-02,719,8,2,7,4,N,A,N,A,H,A,A,01,E,04,C,,,,,C,Y,N,D,3,0,0,0,21703.0,3,38.057918548583984,-121.37248992919922,4
2018,2018-08-03,1154,8,2,11,5,N,A,Y,A,H,A,G,25,W,07,B,,,,Y,C,Y,N,D,1,0,0,0,21658.0,2,37.951473236083984,-121.2831573486328,4
2018,2018-08-03,1250,8,2,12,5,N,A,Y,A,H,A,D,22,N,03,C,,,,,C,Y,N,D,1,0,0,0,22350.0,3,37.85511779785156,-121.2823486328125,4
2018,2018-08-03,40,8,2,0,5,N,A,Y,A,H,D,A,07,S,01,C,,,,Y,C,Y,N,D,1,0,0,0,23152.0,2,38.11314392089844,-121.39665985107422,3
2018,2018-08-04,1305,8,2,13,6,Y,A,N,A,H,A,A,07,,09,D,,,,,C,Y,N,A,3,0,0,0,21802.0,2,38.21876907348633,-121.18963623046876,2
2018,2018-08-05,110,8,2,1,7,N,A,Y,A,C,D,A,01,E,08,E,,,,,I,Y,N,D,1,0,0,0,22107.0,1,38.115867614746094,-121.22827911376952,3
2018,2018-08-06,1558,8,2,15,1,N,A,Y,A,H,A,A,01,N,08,E,,,,,I,N,N,D,1,0,0,0,22107.0,1,37.88728713989258,-121.28043365478516,4
2018,2018-07-12,903,7,2,9,4,N,A,N,A,H,A,D,22,E,03,C,,,,,C,Y,N,A,2,0,0,0,22350.0,2,38.043899536132805,-121.15046691894533,3
2018,2018-07-31,1328,7,2,13,2,N,A,N,A,H,A,E,22,E,09,C,,,,Y,C,Y,N,D,2,0,0,0,21804.0,2,37.827198028564446,-121.08792114257812,3
2018,2018-07-31,204,7,2,2,2,N,A,Y,A,H,D,A,01,W,01,E,,,,,I,Y,N,D,3,0,0,0,23152.0,1,38.13302993774414,-121.16489410400392,3
2018,2018-07-16,2105,7,2,21,1,N,A,Y,A,H,D,A,01,W,03,C,,,,,C,Y,N,A,2,0,0,0,22350.0,2,38.11538314819336,-121.46119689941406,2
2018,2018-06-11,137,6,2,1,1,N,A,Y,A,H,D,G,25,E,03,B,Y,,,Y,C,Y,N,D,7,1,0,0,22350.0,7,37.77331161499024,-121.32274627685548,1
2018,2018-08-06,1825,8,2,18,1,N,A,Y,A,H,A,A,01,W,07,E,,,,,I,Y,N,D,1,0,0,0,21658.0,1,37.74072265625,-121.49933624267578,3
2018,2018-08-08,1100,8,2,11,3,Y,A,N,A,H,A,A,07,,09,A,,,,,C,Y,N,A,3,0,0,0,21801.0,2,37.69615936279297,-121.39810180664062,4
2018,2018-08-07,1110,8,2,11,2,N,A,Y,A,H,A,A,01,S,07,B,,,,,C,Y,N,D,1,0,0,0,21658.0,3,37.77733612060546,-121.31810760498048,4
2018,2018-08-07,440,8,2,4,2,N,A,Y,A,H,D,A,01,E,03,C,,,,,C,Y,M,D,1,0,0,0,22350.0,2,37.63801574707031,-121.32938385009766,4
2018,2018-08-03,1436,8,2,14,5,N,A,Y,A,H,A,A,01,S,03,C,,,,,C,Y,N,D,1,0,0,0,22350.0,4,37.893497467041016,-121.28233337402344,4
2018,2018-07-29,1543,7,2,15,7,Y,A,N,A,D,A,A,07,,09,D,,,,,C,Y,N,D,1,0,0,0,21453.0,3,38.02103042602539,-121.32997131347656,4
2018,2018-08-08,435,8,2,4,3,N,A,Y,A,H,D,D,22,W,03,C,,,,,C,Y,N,D,2,0,0,0,22350.0,2,37.63804626464844,-121.29966735839844,4
2018,2018-08-03,1611,8,2,16,5,N,A,Y,A,H,A,-,- ,E,00,C,,,,,C,N,N,D,1,0,0,0,,2,37.78320693969727,-121.2080307006836,4
2018,2018-08-07,1050,8,2,10,2,Y,A,Y,A,H,A,A,01,,09,A,,,,,C,Y,N,D,2,0,0,0,21801.0,2,38.23352813720703,-121.28170776367188,4
2018,2018-08-10,1700,8,2,17,5,N,A,Y,A,H,A,A,07,W,03,C,,,,,C,Y,N,D,1,0,0,0,22350.0,3,37.89131927490234,-121.49956512451172,3
2018,2018-08-05,850,8,2,8,7,N,A,Y,A,H,A,C,02,N,08,E,,,Y,,I,Y,N,D,1,0,0,1,22107.0,1,37.875045776367195,-121.2197494506836,4
2018,2018-08-10,754,8,2,7,5,N,A,N,A,H,A,A,01,S,04,C,,,,,C,N,N,D,2,0,0,0,21703.0,2,37.76646997,-121.54748797,4
2018,2018-08-09,726,8,2,7,4,N,A,Y,A,H,A,A,01,E,07,B,,,,,C,Y,N,D,2,0,0,0,21658.0,2,37.93856430053711,-121.32177734375,4
2018,2018-08-11,1600,8,2,16,6,N,A,Y,A,H,A,D,22,E,08,B,,,,,C,Y,N,D,2,0,0,0,22107.0,2,37.756160736083984,-121.4577178955078,3
2018,2018-08-07,1700,8,2,17,2,N,A,Y,A,H,A,A,07,E,01,D,,,,,C,Y,N,D,1,0,0,0,23152.0,2,37.74975204467773,-121.47418975830078,3
2018,2018-07-18,2300,7,2,23,3,N,A,Y,A,H,D,A,01,W,08,H,,,,,A,Y,N,D,0,0,0,0,22107.0,1,37.89007568359375,-121.51650238037108,1
2018,2018-07-19,1519,7,2,15,4,N,A,Y,A,H,A,-,- ,W,18,E,,,,,I,Y,N,D,1,0,0,0,,1,37.87369155883789,-121.25357055664062,4
2018,2018-08-09,2302,8,2,23,4,N,A,N,A,H,D,A,01,W,03,C,,,,,C,Y,N,D,1,0,0,0,22350.0,2,37.7105598449707,-121.46548461914062,4
2018,2018-08-08,2015,8,2,20,3,N,A,Y,A,H,C,-,- ,W,00,B,,,,,C,Y,M,D,1,0,0,0,,3,37.74050521850586,-121.49853515625,4
2018,2018-08-07,2250,8,2,22,2,N,A,Y,A,H,D,A,01,N,08,E,,,,,I,Y,N,D,1,0,0,0,22107.0,1,38.067920684814446,-121.25960540771484,3
2018,2018-08-07,1919,8,2,19,2,N,A,N,A,H,A,A,01,E,08,F,,,,,A,Y,N,D,1,0,0,0,22107.0,1,37.94907379150391,-121.16404724121094,4
2018,2018-08-09,845,8,2,8,4,Y,A,N,A,H,A,-,- ,,18,E,,,,,I,Y,N,D,1,0,0,0,,1,38.1897087097168,-121.44718170166016,4
2018,2018-08-09,2300,8,2,23,4,N,A,N,A,H,D,D,22,W,03,D,,,,,C,Y,N,D,1,0,0,0,22350.0,2,37.7105598449707,-121.46548461914062,4
2018,2018-08-09,1325,8,2,13,4,N,A,N,A,H,A,-,- ,N,18,E,,,,,I,N,N,D,1,0,0,0,,1,37.79855346679688,-121.0704345703125,4
2018,2018-08-09,1553,8,2,15,4,N,A,Y,A,H,A,A,08,S,03,C,,,,,C,Y,N,D,1,0,0,0,22350.0,3,37.963748931884766,-121.2427215576172,4
2018,2018-08-14,555,8,2,5,2,N,A,Y,A,H,A,A,01,E,03,C,,,,,C,Y,N,D,1,0,0,0,22350.0,3,37.66352081298828,-121.44252777099608,2
2018,2018-08-15,825,8,2,8,3,N,A,Y,A,H,A,A,07,W,03,C,,,,,C,Y,N,D,2,0,0,0,22350.0,2,37.76475524902344,-121.39356994628906,3
2018,2018-08-08,520,8,2,5,3,N,A,Y,A,H,B,A,07,S,03,C,,,,,C,N,N,D,1,0,0,0,22350.0,2,37.73047256469727,-121.11000823974608,4