ACCIDENT_YEAR,COLLISION_DATE,COLLISION_TIME,MONTH,SEASON,24HOURS,DAY_OF_WEEK,INTERSECTION,WEATHER_1,STATE_HWY_IND,ROAD_SURFACE,ROAD_COND_1,LIGHTING,STWD_VEHTYPE_AT_FAULT,CHP_VEHTYPE_AT_FAULT,DIRECTION,PCF_VIOL_CATEGORY,TYPE_OF_COLLISION,PEDESTRIAN_ACCIDENT,BICYCLE_ACCIDENT,MOTORCYCLE_ACCIDENT,TRUCK_ACCIDENT,MVIW,TOW_AWAY,HIT_AND_RUN,CONTROL_DEVICE,NUMBER_INJURED,COUNT_PED_INJURED,COUNT_BICYCLIST_INJURED,COUNT_MC_INJURED,PCF_VIOLATION,PARTY_COUNT,POINT_Y,POINT_X,COLLISION_SEVERITY
2019,2019-08-31,700,8,2,7,6,Y,A,N,A,H,A,A,08,,08,E,,,,,J,Y,N,A,3,0,0,0,22107.0,1,37.8567008972168,-120.99864959716795,3
2019,2019-09-09,635,9,3,6,1,Y,A,N,A,H,A,D,22,,05,D,,,,,C,Y,N,D,1,0,0,0,21460.0,2,37.790409088134766,-121.45346069335938,4
2019,2019-09-09,1005,9,3,10,1,N,A,N,A,H,A,D,22,W,03,C,,,,,C,Y,N,D,0,0,0,0,22350.0,2,37.74588394165039,-121.3618621826172,1
2019,2019-09-01,1830,9,3,18,7,N,A,N,A,H,A,A,07,W,03,C,,,,,C,Y,N,D,2,0,0,0,22350.0,2,38.116119384765625,-121.40171813964844,4
2020,2020-05-16,1826,5,1,18,6,Y,A,N,A,H,B,A,01,,09,D,,,,,C,Y,N,A,1,0,0,0,21801.0,2,38.13727951049805,-121.26093292236328,4
2019,2019-09-06,920,9,3,9,5,N,A,Y,A,H,A,-,99,E,07,E,,,,,I,Y,M,D,1,0,0,0,21658.0,2,37.743160247802734,-121.55574035644533,3
2019,2019-08-16,405,8,2,4,5,N,A,Y,A,H,D,N,60,W,00,G,Y,,,,B,N,N,D,0,0,0,0,21960.0,2,37.76341247558594,-121.42140197753906,1
2019,2019-09-01,115,9,3,1,7,N,A,Y,A,H,C,A,01,N,08,E,,,,,I,N,N,D,1,0,0,0,22107.0,1,37.789356231689446,-121.3015365600586,4
2019,2019-08-30,1617,8,2,16,5,N,A,N,A,H,A,C,02,S,06,D,,,Y,,C,N,N,D,1,0,0,1,21755.0,2,37.87249755859375,-121.25444793701172,4
2019,2019-09-02,1445,9,3,14,1,Y,A,N,A,H,A,A,07,,09,D,,,,Y,C,Y,N,A,1,0,0,0,21453.0,2,37.87369155883789,-121.25357055664062,4
2019,2019-09-02,1404,9,3,14,1,N,A,Y,A,H,A,A,07,W,09,D,,,,,C,Y,N,D,3,0,0,0,21801.0,2,37.9301643371582,-120.98462677001952,2
2019,2019-09-03,845,9,3,8,2,N,B,N,A,H,A,A,01,S,03,C,,,,,C,N,M,A,1,0,0,0,22350.0,2,37.96337127685546,-121.23389434814452,4
2020,2020-05-23,1814,5,1,18,6,Y,-,N,A,H,A,-,- ,,12,D,,,Y,,C,Y,N,A,2,0,0,0,21453.0,2,38.03023147583008,-121.31629180908205,4
2019,2019-09-03,1535,9,3,15,2,N,A,Y,A,H,A,A,01,E,03,B,,,,,C,N,N,D,1,0,0,0,22350.0,3,37.95088958740234,-121.28655242919922,4
2019,2019-09-03,1845,9,3,18,2,Y,A,N,A,H,A,A,07,,09,D,,,,,C,Y,N,D,3,0,0,0,21801.0,2,37.84823989868164,-121.23689270019533,3
2020,2020-05-02,1506,5,1,15,6,Y,A,N,A,H,A,-,99,,03,C,,,,,C,N,M,A,2,0,0,0,22350.0,2,37.9694709777832,-121.3151397705078,4
2020,2020-05-02,1621,5,1,16,6,Y,A,N,A,H,A,C,06,,01,F,,,Y,,A,N,N,A,1,0,0,1,23152.0,1,37.97161102294922,-121.27030181884766,3
2020,2020-05-03,1747,5,1,17,7,N,A,N,A,H,A,A,01,N,03,C,,,,,C,N,N,D,2,0,0,0,22350.0,2,37.93685150146485,-121.24800872802734,4
2020,2020-05-04,907,5,1,9,1,N,A,N,A,H,A,A,07,S,03,A,,,,,E,Y,N,D,1,0,0,0,22350.0,2,38.012149810791016,-121.35250854492188,4
2020,2020-05-04,1621,5,1,16,1,N,A,N,A,H,A,A,01,N,08,D,,,,,E,Y,N,D,1,0,0,0,22107.0,2,38.01593017578125,-121.35450744628906,3
2020,2020-05-04,1810,5,1,18,1,Y,A,Y,A,H,A,A,08,,03,E,,,,,I,N,N,A,1,0,0,0,22350.0,1,37.932884216308594,-121.31221771240234,3
2020,2020-05-04,1830,5,1,18,1,Y,A,N,A,H,A,-,99,,09,D,,,,,C,N,M,A,1,0,0,0,21801.0,2,37.9694709777832,-121.3151397705078,4
2020,2020-05-05,1458,5,1,14,2,N,A,N,A,H,A,A,01,E,03,D,,,,,E,Y,N,D,1,0,0,0,22350.0,2,37.912017822265625,-121.30485534667967,4
2020,2020-05-05,1907,5,1,19,2,Y,A,N,A,H,B,A,01,,03,E,,,,,J,Y,N,D,1,0,0,0,22350.0,1,37.998729705810554,-121.2861785888672,3
2020,2020-05-06,110,5,1,1,3,N,A,N,A,H,C,A,01,E,00,E,,,,,I,N,N,D,1,0,0,0,22235.0,1,37.91152191162109,-121.25604248046876,2
2020,2020-05-06,945,5,1,9,3,N,A,N,A,H,A,A,01,N,03,C,,,,,C,N,N,A,1,0,0,0,22350.0,2,38.053874969482415,-121.37542724609376,3
2019,2019-09-11,500,9,3,5,3,N,A,Y,A,H,B,A,01,W,03,C,,,,,C,Y,N,D,1,0,0,0,22350.0,2,37.76555633544922,-121.34984588623048,4
2019,2019-08-03,1830,8,2,18,6,N,A,N,A,H,A,A,01,E,01,E,,,,,I,Y,N,D,1,0,0,0,23152.0,1,38.04510116577149,-121.08160400390624,2
2020,2020-05-04,1238,5,1,12,1,Y,A,N,A,H,A,A,01,,09,D,,,,,C,N,N,A,1,0,0,0,21801.0,2,37.950469970703125,-121.29054260253906,4
2020,2020-05-06,702,5,1,7,3,Y,A,N,A,H,A,A,01,,12,B,,,,,C,Y,N,A,1,0,0,0,21453.0,2,37.89717864990234,-121.30329895019533,3
2020,2020-05-07,640,5,1,6,4,Y,A,N,A,H,A,A,01,,12,D,,,,,C,N,F,A,1,0,0,0,21453.0,2,37.95969009399414,-121.2917022705078,4
2020,2020-05-07,1643,5,1,16,4,N,A,N,A,H,A,-,99,S,03,C,,,,,C,N,F,A,1,0,0,0,22350.0,2,37.968875885009766,-121.27513122558594,4
2020,2020-04-19,2026,4,1,20,7,N,A,N,A,H,C,A,07,W,03,B,,,,,E,N,N,D,1,0,0,0,22350.0,3,38.022506713867195,-121.3125228881836,4
2020,2020-04-30,1025,4,1,10,4,N,A,N,A,H,A,-,- ,W,18,E,,,,,I,N,N,A,1,0,0,0,,1,38.02102279663086,-121.3007583618164,4
2020,2020-04-24,1434,4,1,14,5,N,A,Y,A,H,A,A,01,E,08,D,,,,,C,N,N,D,1,0,0,0,22107.0,2,37.93865203857422,-121.24160003662108,4
2020,2020-04-23,1018,4,1,10,4,N,A,N,H,H,A,A,01,E,03,C,,,,,C,N,N,A,1,0,0,0,22350.0,2,37.93952560424805,-121.2829818725586,4
2019,2019-08-28,2120,8,2,21,3,N,A,Y,A,D,A,D,22,W,03,C,,,,,C,N,N,D,2,0,0,0,22350.0,2,37.78320693969727,-121.21632385253906,4
2020,2020-04-23,1537,4,1,15,4,N,A,Y,-,H,A,A,01,N,03,C,,,,,C,N,M,A,1,0,0,0,22350.0,2,37.975635528564446,-121.3175811767578,4
2020,2020-04-26,1810,4,1,18,7,Y,A,N,-,H,A,A,01,,09,D,,,,,D,,N,A,4,0,0,0,21802.0,2,38.02766036987305,-121.33120727539062,4
2019,2019-08-05,115,8,2,1,1,N,A,Y,A,H,D,A,01,S,01,E,,,,,I,Y,N,D,2,0,0,0,23152.0,1,37.93278884887695,-121.29652404785156,1
2020,2020-04-27,1403,4,1,14,1,Y,A,N,A,H,A,A,01,,09,D,,,,,C,,N,A,1,0,0,0,21801.0,2,37.956390380859375,-121.2744598388672,4
2020,2020-04-28,1209,4,1,12,2,Y,A,N,A,H,A,A,01,,12,D,,,,,C,,N,A,2,0,0,0,22450.0,2,37.95840835571289,-121.32183837890624,4
2020,2020-04-28,1336,4,1,13,2,N,A,N,-,H,A,-,- ,S,18,C,,,,,C,N,N,D,2,0,0,0,,5,37.932220458984375,-121.26715087890624,4
2020,2020-04-19,1720,4,1,17,7,N,A,N,-,H,A,N,60,W,11,G,Y,,,,B,,N,D,1,1,0,0,21954.0,2,38.03502655029297,-121.29635620117188,4
2020,2020-04-26,737,4,1,7,7,Y,A,N,A,H,A,A,01,,17,B,,,,,C,N,N,A,3,0,0,0,21657.0,2,37.96620178222656,-121.30164337158205,4
2020,2020-04-29,1856,4,1,18,3,N,A,N,A,H,A,A,01,W,03,B,,,,,E,,N,D,1,0,0,0,22350.0,2,37.92091751098633,-121.30886840820312,3
2020,2020-04-30,441,4,1,4,4,Y,A,N,-,H,C,A,01,,09,D,,,,,D,,N,A,2,0,0,0,21802.0,3,37.96141052246094,-121.29353332519533,4
2019,2019-09-04,851,9,3,8,3,N,A,Y,A,H,A,A,01,W,05,C,,,,Y,C,Y,N,D,1,0,0,0,21752.0,2,37.92697143554688,-121.34139251708984,2
2019,2019-08-31,2235,8,2,22,6,N,A,N,A,H,D,A,01,W,01,E,,,,,I,Y,N,D,3,0,0,0,23152.0,1,38.02914810180664,-121.2252197265625,3
2019,2019-09-04,1635,9,3,16,3,N,A,N,A,H,A,C,02,W,03,C,,,Y,,C,N,N,D,1,0,0,1,22350.0,2,37.987163543701165,-121.27138519287108,2
2019,2019-09-05,730,9,3,7,4,N,A,N,A,H,A,A,01,E,03,B,,Y,,,G,N,N,D,1,0,1,0,22350.0,2,38.16022109985352,-121.27066802978516,3
2019,2019-09-06,600,9,3,6,5,N,A,Y,A,H,D,A,01,W,03,C,,,,,C,Y,N,A,2,0,0,0,22350.0,2,38.01568222045898,-121.20793914794922,4
2019,2019-09-12,800,9,3,8,4,N,A,Y,A,H,A,A,01,W,03,C,,,,,C,Y,N,D,1,0,0,0,22350.0,3,37.72940444946289,-121.54603576660156,4
2019,2019-09-06,1740,9,3,17,5,Y,A,Y,A,H,A,A,01,,09,D,,,,,C,Y,N,A,1,0,0,0,21802.0,2,37.798095703125,-121.09259796142578,4
2019,2019-08-24,735,8,2,7,6,Y,A,Y,A,H,A,A,01,,12,D,,,,Y,C,Y,N,A,1,0,0,0,21453.0,2,37.79764938354492,-121.14314270019533,4
2019,2019-08-27,800,8,2,8,2,N,A,Y,A,H,A,K,45,W,08,F,,,,,A,N,N,D,1,0,0,0,22107.0,1,37.93450927734375,-121.07337188720705,4
2019,2019-09-07,335,9,3,3,6,N,A,Y,A,H,C,A,07,E,01,D,,,,,C,Y,N,D,1,0,0,0,23152.0,3,38.02230072021485,-121.0801010131836,3
2019,2019-09-14,1515,9,3,15,6,N,A,Y,A,H,A,C,02,W,03,C,,,Y,,C,Y,N,D,1,0,0,1,22350.0,2,37.746002197265625,-121.48258972167967,2
2020,2020-05-01,1205,5,1,12,5,Y,A,N,A,H,A,A,01,,12,D,,,,,D,Y,N,A,2,0,0,0,21453.0,3,37.95481872558594,-121.27130126953124,4
2020,2020-05-02,38,5,1,0,6,Y,A,N,A,H,D,A,01,,01,E,,,,,I,Y,N,D,1,0,0,0,23153.0,1,37.955520629882805,-121.27961730957033,3
2020,2020-05-08,453,5,1,4,5,N,A,N,A,H,B,A,01,N,08,B,,,,,C,N,F,D,1,0,0,0,22107.0,2,37.92926788330078,-121.26624298095705,4
2020,2020-05-06,1244,5,1,12,3,Y,A,N,A,H,A,A,01,,12,D,,,,,C,Y,F,A,1,0,0,0,22450.0,4,37.969181060791016,-121.2739028930664,4
2020,2020-05-01,1025,5,1,10,5,N,A,N,A,H,A,L,04,W,- ,B,,Y,,,G,N,N,A,1,0,1,0,,2,37.93939208984375,-121.28377532958984,3
2020,2020-05-01,1226,5,1,12,5,N,A,N,A,H,A,A,01,N,03,E,,,,,I,Y,N,A,1,0,0,0,22350.0,1,37.940624237060554,-121.28787231445312,3
2020,2020-06-04,1245,6,2,12,4,N,A,N,A,H,A,A,01,S,08,D,,,,,C,N,N,A,2,0,0,0,22103.0,2,38.02995300292969,-121.31629180908205,4
2020,2020-05-24,1400,5,1,14,7,N,A,N,A,H,A,A,01,E,10,G,Y,,,,B,N,N,A,1,1,0,0,21950.0,2,38.00041961669922,-121.35170745849608,3
2020,2020-05-20,432,5,1,4,3,N,A,N,A,H,C,A,01,W,03,B,,,,,E,N,N,D,1,0,0,0,22350.0,4,37.92702865600586,-121.26205444335938,4
2019,2019-09-16,1651,9,3,16,1,N,A,N,A,H,A,D,22,S,08,F,,,,,A,Y,N,D,2,0,0,0,22107.0,1,37.63653945922852,-121.49333190917967,3
2019,2019-09-06,1600,9,3,16,5,N,A,N,A,H,A,A,01,S,08,D,,,,,C,Y,N,D,2,0,0,0,22107.0,2,37.791606903076165,-121.27056121826172,4
2019,2019-09-10,1010,9,3,10,2,N,A,Y,A,H,A,A,01,S,08,B,,,,,C,N,N,D,1,0,0,0,22107.0,2,37.78546142578125,-121.30558776855467,4
2019,2019-09-10,2048,9,3,20,2,N,A,Y,A,H,A,A,01,N,03,C,,,,,C,Y,N,D,1,0,0,0,22350.0,3,37.9083137512207,-121.22445678710938,4
2020,2020-05-07,1349,5,1,13,4,N,A,Y,A,H,A,A,08,N,03,C,,,,,C,Y,N,A,1,0,0,0,22350.0,3,37.91551971435546,-121.29061889648438,4
2019,2019-09-07,1133,9,3,11,6,N,A,Y,A,H,A,A,01,N,08,B,,,,,C,Y,N,D,2,0,0,0,22107.0,3,37.858734130859375,-121.28107452392578,3
2019,2019-06-27,1230,6,2,12,4,N,A,Y,A,H,A,F,26,E,04,C,,,,Y,C,Y,N,A,2,0,0,0,21703.0,5,37.78321075439453,-121.21572113037108,1
2019,2019-08-23,1640,8,2,16,5,N,A,N,A,H,A,D,22,N,08,E,,,,,I,Y,N,A,1,0,0,0,22107.0,1,37.742706298828125,-121.21543884277344,2
2019,2019-08-23,1905,8,2,19,5,N,A,N,A,H,B,N,60,W,11,G,Y,,,,B,N,F,D,1,1,0,0,21954.0,2,37.758346557617195,-121.05216217041016,2
2019,2019-08-31,1440,8,2,14,6,Y,A,Y,A,H,A,A,01,,05,D,,,,,C,Y,N,D,2,0,0,0,21752.0,2,38.10380172729492,-121.0781478881836,4
2019,2019-09-08,1428,9,3,14,7,N,A,N,A,H,A,D,22,E,01,E,,,,,I,Y,N,D,1,0,0,0,23152.0,1,37.724891662597656,-121.2423095703125,2
2019,2019-09-13,2030,9,3,20,5,N,A,Y,A,H,D,A,07,W,03,C,,,,,C,Y,N,D,1,0,0,0,22350.0,2,37.76227569580078,-121.44203948974608,4
2019,2019-09-17,1710,9,3,17,2,N,A,N,A,H,A,A,07,S,08,E,,,,,I,Y,N,D,2,0,0,0,22107.0,1,37.63037872314453,-121.5115203857422,4
2019,2019-09-06,835,9,3,8,5,N,A,N,A,H,A,A,07,N,04,C,,,,,C,N,N,D,2,0,0,0,21703.0,2,37.981006622314446,-121.2725830078125,4
2019,2019-09-10,1015,9,3,10,2,N,A,N,A,H,A,A,01,E,03,C,,,,,C,N,N,A,1,0,0,0,22350.0,2,37.98784637451172,-121.26853942871094,4
2019,2019-09-18,640,9,3,6,3,Y,A,N,A,H,B,A,07,,09,D,,,,,C,Y,N,A,1,0,0,0,21802.0,2,,,3
2019,2019-09-05,930,9,3,9,4,N,A,Y,A,H,A,A,01,W,03,C,,,,,C,N,F,D,1,0,0,0,22350.0,2,37.74330520629882,-121.54276275634766,4
2019,2019-07-05,615,7,2,6,5,Y,A,Y,A,H,A,A,01,,12,D,,,Y,,C,Y,N,A,1,0,0,0,22450.0,2,38.079833984375,-121.18495178222656,1
2019,2019-09-09,1650,9,3,16,1,N,A,Y,A,H,A,A,07,E,03,C,,,,,C,Y,N,D,3,0,0,0,22350.0,3,38.11759185791016,-121.17299652099608,3
2019,2019-09-10,650,9,3,6,2,N,A,Y,A,H,A,A,01,S,08,E,,,,,I,Y,N,D,1,0,0,0,22107.0,1,,,4
2019,2019-09-10,600,9,3,6,2,N,A,Y,A,H,B,A,01,S,03,C,,,,,C,N,N,D,1,0,0,0,22350.0,2,38.15803909301758,-121.26158905029295,4
2019,2019-09-19,530,9,3,5,4,N,A,N,A,H,D,A,01,E,08,A,,,,,C,Y,N,D,1,0,0,0,22107.0,2,37.65355682373047,-121.2582778930664,3
2019,2019-08-25,900,8,2,9,7,N,A,N,A,H,A,C,02,S,08,E,,,Y,,I,Y,N,D,1,0,0,1,22107.0,1,38.198516845703125,-121.0461196899414,2
2019,2019-08-29,1352,8,2,13,4,N,A,Y,A,H,A,-,- ,S,00,C,,,,Y,C,Y,N,D,1,0,0,0,,2,,,4
2019,2019-09-13,1555,9,3,15,5,Y,A,N,A,H,A,A,07,,09,A,,,,,C,N,N,D,2,0,0,0,21801.0,2,38.018550872802734,-121.32994842529295,4
2019,2019-09-06,822,9,3,8,5,Y,A,N,A,H,A,G,25,,09,D,,,,Y,C,Y,N,D,1,0,0,0,21802.0,3,38.2186393737793,-121.208251953125,4
2019,2019-09-11,750,9,3,7,3,N,A,Y,A,H,A,J,41,N,08,E,,,,,I,Y,N,D,2,0,0,0,22107.0,1,37.98882675170898,-121.3449478149414,3
2019,2019-09-11,1315,9,3,13,3,Y,A,N,A,H,A,A,01,,09,D,,,,,C,Y,N,A,2,0,0,0,21802.0,2,38.02204132080078,-121.33000183105467,3
2019,2019-09-12,1445,9,3,14,4,N,A,Y,A,H,A,A,01,N,03,C,,,,,C,Y,N,D,1,0,0,0,22350.0,2,37.926464080810554,-121.29456329345705,4
2020,2020-04-10,1404,4,1,14,5,Y,A,N,A,H,A,A,01,,12,D,,,,,C,Y,N,A,2,0,0,0,21453.0,2,38.13605880737305,-121.28836822509766,4
2019,2019-09-12,551,9,3,5,4,N,A,Y,A,H,A,D,22,N,03,C,,,,,C,N,N,A,3,0,0,0,22350.0,2,37.7491569519043,-121.1374053955078,3
2019,2019-09-12,1712,9,3,17,4,Y,A,Y,A,H,A,A,01,,09,D,,,,,C,Y,N,A,1,0,0,0,21802.0,2,37.664600372314446,-121.32450103759766,4
2019,2019-09-07,1540,9,3,15,6,N,A,Y,A,H,A,D,22,E,03,C,,,,,C,N,N,A,1,0,0,0,22350.0,2,37.76280975341797,-121.43323516845705,4
2019,2019-09-13,1530,9,3,15,5,N,A,Y,A,H,A,E,22,N,08,F,,,,,A,Y,N,D,2,0,0,0,22107.0,1,37.64495086669922,-121.30294799804688,4
2019,2019-09-11,33,9,3,0,3,N,A,N,A,H,C,A,01,E,03,C,,,,,C,Y,N,A,1,0,0,0,22350.0,2,37.82660675048828,-121.21630859375,4
2019,2019-09-19,1440,9,3,14,4,N,A,N,A,H,A,F,55,W,09,B,,,,Y,C,Y,N,D,1,0,0,0,21804.0,2,37.73969268798828,-121.40550994873048,4
2019,2019-09-10,1733,9,3,17,2,N,A,Y,A,H,A,A,01,E,03,C,,,,,C,Y,N,D,3,0,0,0,22350.0,3,37.9521713256836,-121.27877044677734,4
2019,2019-09-12,200,9,3,2,4,N,A,N,A,H,D,A,01,W,03,C,,,,,C,Y,N,D,2,0,0,0,22350.0,2,38.2350959777832,-121.11466979980467,3
2019,2019-09-12,1745,9,3,17,4,N,A,Y,A,H,A,A,07,W,08,F,,,,,A,Y,N,D,1,0,0,0,22107.0,1,38.115825653076165,-121.35703277587892,3
2019,2019-09-15,1840,9,3,18,7,N,A,N,A,H,A,D,22,W,01,F,,,,,I,Y,N,D,3,0,0,0,23152.0,1,37.758743286132805,-121.37394714355467,4
2019,2019-09-19,1705,9,3,17,4,N,A,Y,A,H,A,A,01,E,08,B,,,,,C,N,M,D,1,0,0,0,22107.0,3,37.652931213378906,-121.42568969726562,4
2019,2019-09-14,1810,9,3,18,6,Y,A,Y,A,H,A,D,22,,03,C,,,,,C,Y,N,A,1,0,0,0,22350.0,2,,,4
2019,2019-09-16,610,9,3,6,1,N,B,Y,A,H,A,A,01,W,07,B,,,Y,,C,Y,N,D,1,0,0,1,21658.0,3,37.743072509765625,-121.53916168212892,4
2020,2020-05-28,1518,5,1,15,4,Y,A,Y,A,H,A,A,01,,03,D,,,,,C,Y,N,A,2,0,0,0,22350.0,2,37.797527313232415,-121.19042205810548,3
2019,2019-09-13,2206,9,3,22,5,N,A,Y,A,H,D,A,01,N,03,C,,,,,C,Y,N,D,1,0,0,0,22350.0,2,38.00804138183594,-121.25807189941406,4
2019,2019-09-15,740,9,3,7,7,N,A,N,A,H,A,A,01,N,08,E,,,,,I,Y,N,D,2,0,0,0,22107.0,1,37.77827072143555,-121.43512725830078,3
2019,2019-09-16,2120,9,3,21,1,N,A,N,A,H,D,A,01,S,08,E,,,,,I,Y,N,D,1,0,0,0,22107.0,1,37.6591796875,-121.47335052490234,4
2019,2019-09-16,800,9,3,8,1,N,B,N,B,H,A,A,01,N,08,F,,,,,A,Y,N,D,1,0,0,0,22107.0,1,37.790351867675774,-121.46265411376952,4
2019,2019-09-13,1605,9,3,16,5,N,A,N,A,H,A,A,07,N,08,E,,,,,I,Y,N,D,1,0,0,0,22107.0,1,37.90079116821289,-121.00000762939452,3
2019,2019-09-14,28,9,3,0,6,N,A,Y,A,H,D,A,01,E,01,C,,,,Y,C,Y,N,D,1,0,0,0,23152.0,2,38.11540603637695,-121.4453125,3
2019,2019-09-18,1520,9,3,15,3,N,B,Y,A,H,A,A,01,W,07,B,,,,,C,N,N,D,1,0,0,0,21658.0,3,37.762798309326165,-121.42891693115234,4
2019,2019-09-14,1625,9,3,16,6,N,A,Y,A,H,A,A,07,W,03,C,,,,,C,Y,N,D,1,0,0,0,22350.0,3,37.783203125,-121.20407104492188,4
2019,2019-09-14,1610,9,3,16,6,N,A,Y,A,H,A,D,22,S,03,C,,,,,C,Y,N,D,1,0,0,0,22350.0,3,38.12879943847656,-121.2575454711914,4
2019,2019-09-18,1630,9,3,16,3,N,B,Y,A,H,A,-,99,W,07,E,,,,,I,Y,F,D,2,0,0,0,21658.0,2,37.770957946777344,-121.32469940185548,2
2019,2019-08-21,1900,8,2,19,3,Y,A,N,A,H,A,A,01,,12,D,,,,,C,Y,N,A,1,0,0,0,22450.0,2,,,1
2019,2019-09-15,1220,9,3,12,7,N,A,Y,A,H,A,A,01,S,08,D,,,,,C,Y,N,D,2,0,0,0,22107.0,2,37.94047164916992,-121.2983169555664,3
2019,2019-09-14,425,9,3,4,6,N,A,Y,A,H,D,A,07,S,01,E,,,,,J,Y,N,D,2,0,0,0,23152.0,1,,,2
2019,2019-09-15,2309,9,3,23,7,Y,A,N,A,H,C,A,01,,09,D,,,,,C,Y,N,A,2,0,0,0,21802.0,2,38.04256820678711,-121.25837707519533,4
2019,2019-09-13,2343,9,3,23,5,N,A,N,A,H,D,A,01,E,01,C,,,,,C,Y,N,D,2,0,0,0,23152.0,2,37.90038299560546,-121.13289642333984,3
2019,2019-09-15,445,9,3,4,7,N,A,N,A,H,E,A,01,N,08,E,,,,,I,Y,N,D,1,0,0,0,22107.0,1,37.69216537475586,-121.2450714111328,2
2019,2019-09-07,2244,9,3,22,6,N,A,Y,A,H,D,A,01,E,08,A,,,,,C,Y,N,A,6,0,0,0,22107.0,2,38.12587738037109,-121.57992553710938,2
2019,2019-09-20,1520,9,3,15,5,N,A,Y,A,H,A,A,01,S,01,E,,,,,I,Y,N,D,2,0,0,0,23152.0,1,38.05775451660156,-121.25942230224608,2
2019,2019-09-21,2340,9,3,23,6,N,A,Y,A,H,D,A,01,S,01,E,,,,,I,Y,N,D,1,0,0,0,23152.0,1,37.86975860595703,-121.27791595458984,2
2019,2019-09-15,2130,9,3,21,7,N,A,Y,A,H,C,A,01,W,03,C,,,,,C,Y,N,D,3,0,0,0,22350.0,2,37.78728866577149,-121.30433654785156,4
2019,2019-09-24,1215,9,3,12,2,N,A,Y,A,H,A,-,- ,E,00,B,,,,Y,C,Y,N,D,1,0,0,0,,2,37.74212646484375,-121.5242919921875,4
2019,2019-09-24,1805,9,3,18,2,N,A,Y,A,H,A,A,01,W,04,C,,,,,C,Y,N,D,1,0,0,0,21703.0,3,37.76080322265625,-121.44638061523438,4
2019,2019-09-15,1830,9,3,18,7,N,A,Y,A,H,A,A,07,S,07,B,,,,,C,N,N,D,1,0,0,0,21658.0,2,38.021278381347656,-121.25978088378906,4
2019,2019-09-16,750,9,3,7,1,N,B,Y,B,H,A,D,22,W,08,E,,,,,I,N,N,D,2,0,0,0,22107.0,1,37.97156524658203,-121.24153900146484,4
2019,2019-09-16,1018,9,3,10,1,N,C,Y,B,H,A,A,07,E,03,F,,,,,A,Y,N,D,1,0,0,0,22350.0,1,37.9551010131836,-121.31482696533205,2
2019,2019-08-26,655,8,2,6,1,N,A,N,A,H,A,G,25,W,09,D,,,,Y,C,Y,N,D,1,0,0,0,21801.0,3,37.92962646484375,-121.227294921875,2
2019,2019-09-17,650,9,3,6,2,N,A,N,A,H,A,A,01,S,08,E,,,,,I,Y,N,D,1,0,0,0,22107.0,1,37.84244537353516,-121.23660278320312,4
2019,2019-09-18,730,9,3,7,3,Y,A,N,A,H,A,A,01,,12,A,,,,,C,Y,N,A,1,0,0,0,21453.0,2,38.115570068359375,-121.33408355712892,4
2019,2019-09-18,1705,9,3,17,3,N,A,Y,A,H,A,A,07,S,04,C,,,,,C,N,N,D,1,0,0,0,21703.0,2,37.956146240234375,-121.31986236572266,4
2019,2019-09-19,1300,9,3,13,4,N,A,N,A,H,A,A,01,E,01,E,,,,,I,Y,N,D,1,0,0,0,23152.0,1,37.96606063842773,-121.36038970947266,3
2019,2019-09-20,451,9,3,4,5,N,A,Y,A,H,C,A,07,E,01,C,,,,,C,Y,N,D,1,0,0,0,23152.0,2,37.952449798583984,-121.27725219726562,4
2019,2019-09-12,1900,9,3,19,4,N,A,N,A,H,A,A,01,E,08,C,,Y,,,G,N,N,D,1,0,1,0,22107.0,2,37.76202774047852,-120.94664001464844,2
2019,2019-09-19,748,9,3,7,4,N,A,Y,A,H,A,A,01,S,03,C,,,,,C,Y,N,D,1,0,0,0,22350.0,2,37.737617492675774,-121.11850738525392,3
2019,2019-09-19,455,9,3,4,4,N,A,N,A,H,D,A,01,N,08,E,,,,,J,Y,N,D,1,0,0,0,22107.0,1,38.16592788696289,-121.2948989868164,4
2019,2019-09-19,1813,9,3,18,4,Y,A,N,A,D,A,A,07,,09,D,,,,,C,Y,N,A,1,0,0,0,21803.0,2,37.76079940795898,-120.99575805664062,4
2019,2019-09-21,1800,9,3,18,6,N,A,N,A,H,A,A,01,S,08,F,,,,,A,Y,N,D,1,0,0,0,22107.0,1,37.821571350097656,-121.44978332519533,3