ACCIDENT_YEAR,COLLISION_DATE,COLLISION_TIME,MONTH,SEASON,24HOURS,DAY_OF_WEEK,INTERSECTION,WEATHER_1,STATE_HWY_IND,ROAD_SURFACE,ROAD_COND_1,LIGHTING,STWD_VEHTYPE_AT_FAULT,CHP_VEHTYPE_AT_FAULT,DIRECTION,PCF_VIOL_CATEGORY,TYPE_OF_COLLISION,PEDESTRIAN_ACCIDENT,BICYCLE_ACCIDENT,MOTORCYCLE_ACCIDENT,TRUCK_ACCIDENT,MVIW,TOW_AWAY,HIT_AND_RUN,CONTROL_DEVICE,NUMBER_INJURED,COUNT_PED_INJURED,COUNT_BICYCLIST_INJURED,COUNT_MC_INJURED,PCF_VIOLATION,PARTY_COUNT,POINT_Y,POINT_X,COLLISION_SEVERITY
2020,2020-06-05,1806,6,2,18,5,N,A,N,A,H,A,A,08,S,01,E,,,,,I,Y,N,D,1,0,0,0,23152.0,1,37.94713592529297,-121.1665267944336,4
2019,2019-12-12,1852,12,4,18,4,N,B,N,B,H,D,-,99,W,03,G,Y,,,,B,N,F,D,0,0,0,0,22350.0,2,38.00811004638672,-121.33089447021484,1
2020,2020-06-04,628,6,2,6,4,Y,A,N,A,H,A,A,07,,12,D,,,,,C,Y,N,A,3,0,0,0,21453.0,4,38.08646011352539,-121.2786102294922,3
2020,2020-06-13,2155,6,2,21,6,N,A,Y,A,H,D,A,01,E,08,E,,,,,I,Y,N,D,1,0,0,0,22107.0,1,37.764774322509766,-121.36975860595705,4
2020,2020-06-07,1908,6,2,19,7,N,A,N,A,H,A,D,22,S,01,F,,,,,A,Y,N,D,1,0,0,0,23152.0,1,37.83537673950195,-121.4512939453125,4
2020,2020-06-11,1030,6,2,10,4,N,A,N,A,H,A,A,01,S,01,C,,,,Y,C,Y,N,A,1,0,0,0,23152.0,2,37.77489471435546,-121.53167724609376,4
2020,2020-06-04,755,6,2,7,4,N,A,Y,A,H,A,C,02,E,08,F,,,Y,,A,Y,N,D,1,0,0,1,22107.0,1,37.93780517578125,-121.32274627685548,2
2020,2020-06-09,1545,6,2,15,2,N,A,Y,A,H,A,C,02,S,03,C,,,Y,,A,Y,N,D,1,0,0,1,22350.0,1,37.806987762451165,-121.29750061035156,2
2020,2020-06-05,1330,6,2,13,5,N,A,Y,A,H,A,D,22,N,03,C,,,,,C,Y,N,D,1,0,0,0,22350.0,2,38.20044708251953,-121.41285705566406,4
2020,2020-06-08,1223,6,2,12,1,Y,A,N,A,H,A,A,01,,12,D,,,,,C,Y,N,A,1,0,0,0,22450.0,2,38.086589813232415,-121.3337173461914,4
2020,2020-06-02,1410,6,2,14,2,N,A,Y,A,H,A,A,01,E,05,B,,,,,C,Y,N,D,1,0,0,0,21460.0,2,37.91154861450195,-121.45051574707033,3
2020,2020-06-06,1255,6,2,12,6,N,A,Y,A,H,A,A,01,N,03,C,,,,Y,C,Y,N,D,1,0,0,0,22350.0,2,37.863327026367195,-121.27977752685548,3
2020,2020-06-05,1215,6,2,12,5,N,A,N,A,H,A,A,01,S,07,B,,,,,C,Y,N,D,1,0,0,0,21658.0,2,37.97928237915039,-121.27355194091795,4
2020,2020-06-15,1505,6,2,15,1,N,A,Y,A,H,A,A,01,W,04,C,,,,,C,Y,N,D,1,0,0,0,21703.0,2,37.680931091308594,-121.4719009399414,4
2020,2020-06-12,1710,6,2,17,5,N,A,Y,A,H,A,A,01,E,03,C,,,,,C,Y,N,D,1,0,0,0,22350.0,3,37.7647590637207,-121.38314819335938,4
2020,2020-06-05,1415,6,2,14,5,N,A,N,A,H,A,A,01,S,08,F,,,,,I,Y,N,D,1,0,0,0,22107.0,1,38.05274200439453,-121.18832397460938,2
2020,2020-06-01,1340,6,2,13,1,Y,A,N,A,H,A,D,22,,09,D,,,,,C,Y,N,A,1,0,0,0,21802.0,2,38.02907943725586,-121.16844940185548,2
2020,2020-06-14,2240,6,2,22,7,N,A,Y,A,H,C,A,07,W,01,E,,,,,I,Y,N,D,1,0,0,0,23152.0,1,37.93146133422852,-121.29327392578124,4
2020,2020-06-07,2110,6,2,21,7,N,A,N,A,H,C,A,01,S,01,E,,,,,I,Y,N,D,2,0,0,0,23152.0,4,37.95808792114258,-121.22859191894533,3
2020,2020-06-06,1930,6,2,19,6,N,A,N,A,H,A,A,07,W,01,B,,,,,C,Y,N,D,1,0,0,0,23152.0,2,37.90803146362305,-121.156982421875,4
2020,2020-06-06,1650,6,2,16,6,Y,A,N,A,H,A,A,01,,09,D,,,,,C,Y,N,A,1,0,0,0,21453.0,2,37.75794982910156,-121.53170776367188,3
2020,2020-06-07,2013,6,2,20,7,N,A,Y,A,H,B,C,02,S,08,F,,,Y,,A,Y,N,D,1,0,0,1,22107.0,1,38.01900863647461,-121.35803985595705,3
2020,2020-06-07,1555,6,2,15,7,N,A,N,A,H,A,A,01,N,06,A,,,,,C,Y,N,A,2,0,0,0,21751.0,2,38.18204879760742,-121.16983032226562,3
2020,2020-06-06,235,6,2,2,6,N,A,Y,A,H,C,-,99,N,07,B,,,,,C,Y,M,D,1,0,0,0,21658.0,3,37.919727325439446,-121.29213714599608,4
2020,2020-06-08,723,6,2,7,1,N,A,Y,A,H,A,A,01,W,01,E,,,,,I,Y,N,D,1,0,0,0,23152.0,2,37.94811248779297,-121.30137634277344,3
2020,2020-06-15,1305,6,2,13,1,N,B,Y,A,H,A,D,22,W,07,B,,,,Y,C,Y,N,D,1,0,0,0,21658.0,2,37.764751434326165,-121.38770294189452,4
2020,2020-06-09,2020,6,2,20,2,N,A,N,A,H,B,D,22,N,08,E,,,,,I,Y,N,D,2,0,0,0,22107.0,1,37.95551300048828,-121.22856903076172,3
2020,2020-06-11,1920,6,2,19,4,N,B,Y,A,H,A,A,01,S,08,B,,,,,C,Y,N,D,1,0,0,0,22107.0,2,37.82394027709961,-121.29087829589844,4
2020,2020-06-12,1344,6,2,13,5,N,A,Y,A,H,A,A,01,E,03,C,,,,,C,Y,N,D,2,0,0,0,22350.0,2,37.96021270751953,-121.25125885009766,4
2020,2020-02-18,1817,2,4,18,2,Y,A,Y,A,H,B,G,25,,09,D,,,,Y,C,Y,N,A,0,0,0,0,21802.0,2,37.94270706176758,-121.22594451904295,1
2020,2020-06-08,825,6,2,8,1,N,A,Y,A,H,A,D,22,N,07,C,,,,Y,C,Y,M,D,1,0,0,0,21658.0,2,37.86991500854492,-121.27787017822266,4
2020,2020-06-09,59,6,2,0,2,N,A,Y,A,H,C,A,01,N,08,F,,,,,A,Y,N,D,1,0,0,0,22107.0,1,37.7771110534668,-121.18228149414062,4
2020,2020-06-09,2325,6,2,23,2,N,A,Y,A,H,D,-,99,S,08,B,,,,,C,N,F,D,1,0,0,0,22107.0,2,37.980274200439446,-121.341552734375,4
2020,2020-06-08,1140,6,2,11,1,N,A,Y,A,H,A,-,99,N,08,B,,,,,C,N,M,D,2,0,0,0,22107.0,2,38.1506462097168,-121.3995361328125,4
2020,2020-06-12,1605,6,2,16,5,N,C,Y,B,H,A,D,22,S,03,C,,,,,C,Y,N,A,3,0,0,0,22350.0,2,38.056270599365234,-121.37171173095705,4
2020,2020-06-12,1715,6,2,17,5,N,A,Y,A,H,A,A,01,W,03,C,,,,,C,Y,N,D,1,0,0,0,22350.0,2,37.7831916809082,-121.19754028320312,3
2020,2020-06-13,2142,6,2,21,6,N,A,N,A,H,D,A,01,S,05,A,,,,,C,Y,N,A,1,0,0,0,21460.0,2,38.0869140625,-121.25991821289062,3
2020,2020-06-01,955,6,2,9,1,Y,A,Y,A,H,A,A,08,,12,D,,,,Y,C,Y,N,A,2,0,0,0,22450.0,3,38.23604202270508,-121.05107879638672,2
2019,2019-11-23,2314,11,3,23,6,N,A,Y,A,H,D,N,60,N,11,G,Y,,,,B,N,F,D,0,0,0,0,21954.0,4,37.889507293701165,-121.28123474121094,1
2020,2020-06-13,2025,6,2,20,6,N,A,Y,A,H,B,C,02,S,03,E,,,Y,,I,Y,N,D,1,0,0,1,22350.0,1,38.10354232788086,-121.38981628417967,2
2020,2020-06-17,505,6,2,5,3,N,A,Y,A,H,B,A,01,E,08,F,,,,,A,Y,N,D,1,0,0,0,22107.0,1,37.74177169799805,-121.5216827392578,4
2020,2020-06-13,1820,6,2,18,6,N,A,Y,A,H,A,A,01,S,03,C,,,,,C,N,N,A,2,0,0,0,22350.0,2,37.81174850463867,-121.29473876953124,4
2020,2020-06-14,143,6,2,1,7,N,A,Y,A,H,D,A,01,W,08,E,,,,,I,Y,N,D,4,0,0,0,22107.0,2,37.9580307006836,-121.25997161865234,2
2020,2020-06-07,1415,6,2,14,7,Y,A,Y,A,H,A,M,95,,22,H,,,,,J,Y,N,A,1,0,0,0,,2,37.863548278808594,-121.26840209960938,2
2020,2020-06-13,2316,6,2,23,6,N,A,Y,A,H,C,A,07,N,01,E,,,,,I,Y,N,D,1,0,0,0,23152.0,1,38.04233169555664,-121.25857543945312,3
2020,2020-06-16,1945,6,2,19,2,N,A,Y,A,H,A,A,07,N,08,E,,,,,I,Y,N,D,2,0,0,0,22107.0,1,38.06300735473633,-121.25951385498048,3
2020,2020-06-14,745,6,2,7,7,N,A,N,A,H,A,A,01,E,01,E,,,,,I,Y,N,D,1,0,0,0,23152.0,1,38.103885650634766,-121.06958770751952,3
2020,2020-06-19,1135,6,2,11,5,N,A,N,A,H,A,D,22,S,03,C,,,,,C,Y,N,D,1,0,0,0,22350.0,2,37.71579360961913,-121.37987518310548,4
2020,2020-06-21,1330,6,2,13,7,N,A,Y,A,H,A,A,07,E,08,F,,,,,A,Y,N,D,2,0,0,0,22107.0,1,37.66379165649414,-121.443603515625,3
2020,2020-06-10,1805,6,2,18,3,Y,A,Y,A,H,A,A,01,,09,D,,,,,C,N,N,A,1,0,0,0,21802.0,2,37.97573852539063,-121.22581481933594,4
2020,2020-06-11,1600,6,2,16,4,N,A,N,A,H,A,A,01,W,05,D,,,,,C,Y,N,D,1,0,0,0,21460.0,2,37.96442794799805,-121.23045349121094,4
2020,2020-06-14,1615,6,2,16,7,N,A,N,A,H,A,C,06,S,08,F,,,Y,,A,N,F,D,2,0,0,2,22107.0,1,37.99661636352539,-121.22303009033205,3
2020,2020-06-09,2327,6,2,23,2,N,A,Y,A,H,D,D,22,S,01,E,,,,,J,Y,M,D,1,0,0,0,23152.0,1,37.87176132202149,-121.27754974365234,2
2020,2020-06-14,2325,6,2,23,7,N,A,Y,A,H,C,-,- ,W,18,E,,,,,I,N,N,D,1,0,0,0,,1,37.93146133422852,-121.29327392578124,4
2020,2020-06-14,1335,6,2,13,7,N,A,N,A,H,A,C,02,N,03,F,,,Y,,A,Y,N,D,1,0,0,1,22350.0,1,38.21466445922852,-121.06801605224608,4
2020,2020-06-15,520,6,2,5,1,N,A,Y,A,H,B,A,01,S,03,C,,,,,C,Y,N,D,1,0,0,0,22350.0,3,37.73152923583984,-121.11127471923828,4
2020,2020-06-13,2135,6,2,21,6,N,A,Y,A,H,D,A,01,N,08,E,,,,,I,Y,N,D,1,0,0,0,22107.0,1,37.7557487487793,-121.14902496337892,4
2020,2020-06-17,1534,6,2,15,3,Y,A,Y,A,H,E,A,01,,09,D,,,,,C,Y,N,A,1,0,0,0,21802.0,2,38.191272735595696,-121.08634185791016,4
2020,2020-06-12,505,6,2,5,5,N,A,N,A,H,B,D,22,W,03,C,,,,,C,Y,N,D,4,0,0,0,22350.0,2,38.189159393310554,-121.32244110107422,3
2020,2020-06-09,1920,6,2,19,2,N,A,Y,A,H,A,A,01,W,03,B,,,,,C,N,N,D,3,0,0,0,22350.0,2,37.95014190673828,-121.28937530517578,4
2020,2020-06-16,2335,6,2,23,2,Y,A,N,A,H,C,C,02,,08,F,,,Y,,J,Y,N,A,2,0,0,2,22107.0,1,37.957569122314446,-121.2230987548828,3
2020,2020-06-18,1000,6,2,10,4,N,A,Y,A,H,A,A,01,N,16,E,,,,,I,Y,N,D,1,0,0,0,24002.0,1,37.75333786010742,-121.14290618896484,3
2020,2020-06-19,1115,6,2,11,5,N,A,Y,A,D,A,A,01,E,03,C,,,,,C,Y,N,D,1,0,0,0,22350.0,2,37.783203125,-121.20819091796876,4
2020,2020-06-19,2134,6,2,21,5,N,A,N,A,H,D,A,01,W,01,H,,,,,H,Y,N,D,1,0,0,0,23152.0,2,38.102214813232415,-121.14286041259766,4
2020,2020-06-21,1735,6,2,17,7,N,A,N,A,H,A,L,04,E,09,D,,Y,,,G,Y,N,D,1,0,1,0,21804.0,2,37.99095153808594,-121.26702117919922,3
2020,2020-06-21,1200,6,2,12,7,N,A,N,A,H,A,A,01,W,07,B,,,,,C,N,N,A,3,0,0,0,21658.0,2,38.057464599609375,-121.29685974121094,3
2020,2020-06-20,102,6,2,1,6,N,A,N,A,H,C,A,01,S,01,C,,,,,C,N,M,A,1,0,0,0,23152.0,2,,,4
2020,2020-06-14,1154,6,2,11,7,N,A,Y,A,H,A,D,22,W,01,E,,,,,I,Y,N,D,1,0,0,0,23152.0,1,38.137996673583984,-121.20005035400392,2
2020,2020-06-10,1424,6,2,14,3,N,A,Y,A,H,A,A,07,N,03,C,,,,,C,Y,N,D,3,0,0,0,22350.0,4,,,4
2020,2020-06-17,1700,6,2,17,3,Y,A,N,A,H,A,A,01,,09,D,,,,,C,Y,N,A,2,0,0,0,21802.0,2,38.09687042236328,-121.38491058349608,3
2020,2020-06-20,745,6,2,7,6,N,A,Y,A,H,A,A,01,E,03,C,,,,,C,Y,N,D,2,0,0,0,22350.0,2,37.9492416381836,-121.29595947265624,4
2020,2020-06-14,1620,6,2,16,7,Y,A,N,A,H,A,A,01,,01,D,,,,,D,Y,N,A,6,0,0,0,23152.0,3,38.08646011352539,-121.2786102294922,2
2020,2020-06-15,1710,6,2,17,1,N,A,N,A,H,A,A,08,W,03,C,,,,,C,Y,M,D,1,0,0,0,22350.0,2,37.97924041748047,-121.25841522216795,4
2020,2020-06-24,435,6,2,4,3,N,A,N,A,H,D,A,07,E,08,F,,,,,A,Y,N,D,1,0,0,0,22107.0,1,37.79040145874024,-121.45717620849608,3
2020,2020-06-17,705,6,2,7,3,N,A,N,A,H,A,C,02,N,08,F,,,Y,,A,Y,N,D,1,0,0,1,22107.0,1,37.996089935302734,-121.1985092163086,3
2020,2020-06-26,750,6,2,7,5,N,A,N,A,H,A,A,01,W,03,C,,,,Y,C,Y,N,A,1,0,0,0,22350.0,3,37.74590301513672,-121.3618392944336,4
2020,2020-06-21,1220,6,2,12,7,N,A,Y,A,H,A,A,01,N,08,E,,,,,I,Y,N,D,1,0,0,0,22107.0,1,37.76096725463867,-121.157470703125,4
2020,2020-06-20,1130,6,2,11,6,N,A,Y,A,H,A,M,47,W,03,C,,,,,C,Y,N,A,2,0,0,0,22350.0,4,37.78123092651367,-121.25247192382812,4
2020,2020-06-05,1205,6,2,12,5,N,A,Y,A,H,A,-,99,E,08,B,,,,,C,Y,F,D,4,0,0,0,22107.0,3,37.95751190185546,-121.26212310791016,3
2020,2020-06-15,1740,6,2,17,1,N,A,N,A,H,A,A,01,W,03,C,,,,,C,Y,N,D,1,0,0,0,22350.0,3,38.021034240722656,-121.33021545410156,2
2020,2020-06-18,255,6,2,2,4,N,A,N,A,H,D,D,22,E,08,E,,,,,I,Y,N,D,1,0,0,0,22107.0,1,38.1014404296875,-121.21131134033205,3
2020,2020-06-19,1725,6,2,17,5,N,A,Y,A,H,A,D,22,S,03,C,,,,,C,Y,N,D,1,0,0,0,22350.0,4,37.82497787475586,-121.29044342041016,4
2020,2020-06-23,1810,6,2,18,2,N,A,N,A,H,A,A,01,S,01,C,,,,,C,Y,N,A,1,0,0,0,23152.0,2,37.75789642333984,-121.53170776367188,4
2020,2020-06-23,1635,6,2,16,2,N,A,Y,A,H,A,A,01,E,03,C,,,,,C,N,N,D,1,0,0,0,22350.0,2,38.1982650756836,-121.0663833618164,4
2020,2020-06-24,1250,6,2,12,3,Y,A,N,A,H,A,A,01,,08,D,,,,,C,Y,N,A,4,0,0,0,22107.0,2,,,3
2020,2020-06-29,1230,6,2,12,1,N,A,Y,A,H,A,A,01,N,03,C,,,,,C,N,N,A,2,0,0,0,22350.0,2,38.13878631591797,-121.16232299804688,4
2020,2020-06-26,610,6,2,6,5,N,A,N,A,H,A,D,22,S,03,C,,,,,C,Y,N,D,2,0,0,0,22350.0,2,38.05555725097656,-121.15088653564452,4
2020,2020-06-24,700,6,2,7,3,N,A,N,A,H,A,C,02,W,03,F,,,Y,,A,N,N,D,1,0,0,1,22350.0,1,37.79011535644531,-121.472900390625,3
2020,2020-05-18,2500,5,1,25,1,N,B,Y,A,H,D,A,01,W,01,F,,,,,A,Y,N,D,0,0,0,0,23152.0,1,37.89731216430664,-121.47759246826172,1
2020,2020-06-21,1051,6,2,10,7,N,A,Y,A,H,A,A,07,S,05,A,,,,,C,Y,F,A,1,0,0,0,21651.0,2,37.9804916381836,-121.24986267089844,3
2020,2020-06-21,1835,6,2,18,7,Y,A,N,A,H,A,A,07,,01,D,,,,,C,Y,N,A,4,0,0,0,23152.0,2,38.00801849365234,-121.20382690429688,3
2020,2020-06-22,2225,6,2,22,1,N,A,Y,A,H,D,D,22,E,01,E,,,,,J,Y,N,D,1,0,0,0,23152.0,1,38.11540985107422,-121.44801330566406,3
2020,2020-05-27,2210,5,1,22,3,N,A,Y,A,D,A,A,01,S,03,C,,,,,C,Y,N,D,1,0,0,0,22350.0,2,38.01684188842773,-121.2582550048828,4
2020,2020-06-27,1955,6,2,19,6,N,A,Y,A,H,B,A,01,W,01,C,,,,,C,Y,F,D,1,0,0,0,23152.0,2,37.89007186889648,-121.53800201416016,4
2020,2020-06-24,1120,6,2,11,3,N,A,Y,A,H,A,A,07,W,08,E,,,,,I,Y,N,D,1,0,0,0,22107.0,1,37.76682662963867,-121.33380889892578,4
2020,2020-06-14,1720,6,2,17,7,N,A,N,A,H,A,A,07,N,08,E,,,,,I,Y,N,D,1,0,0,0,22107.0,1,37.74521255493164,-121.17878723144533,4
2020,2020-06-24,1710,6,2,17,3,N,A,Y,A,H,A,A,01,N,08,E,,,,Y,I,Y,N,D,3,0,0,0,22107.0,2,,,4
2020,2020-06-24,240,6,2,2,3,N,A,Y,A,H,D,A,01,E,08,F,,,,,I,Y,N,D,1,0,0,0,22107.0,1,37.98123550415039,-121.20509338378906,4
2020,2020-06-25,2006,6,2,20,4,N,A,Y,A,H,A,A,01,N,08,D,,,,,C,Y,N,D,2,0,0,0,22107.0,2,37.801490783691406,-121.19271850585938,3
2020,2020-06-30,1630,6,2,16,2,N,A,Y,A,H,A,A,07,N,03,C,,,,,D,Y,N,D,2,0,0,0,22350.0,2,37.77476501464844,-121.32164001464844,4
2020,2020-06-25,1430,6,2,14,4,N,A,Y,A,H,A,F,26,W,03,C,,,,Y,C,N,N,D,1,0,0,0,22350.0,2,37.753379821777344,-121.4645767211914,4
2020,2020-06-30,2248,6,2,22,2,N,A,N,A,H,D,C,02,W,01,E,,,Y,,I,N,N,D,1,0,0,1,23152.0,1,37.76139831542969,-121.44236755371094,3
2020,2020-05-27,535,5,1,5,3,N,A,Y,A,H,B,A,01,W,08,F,,,,,A,Y,N,D,0,0,0,0,22107.0,1,37.89005661010742,-121.51519775390624,1
2020,2020-07-01,1000,7,2,10,3,N,A,N,A,H,A,A,07,N,08,D,,,,Y,C,Y,N,D,1,0,0,0,22107.0,2,37.71070098876953,-121.3798370361328,4
2020,2020-07-01,2230,7,2,22,3,N,A,Y,A,D,D,-,99,W,03,C,,,,,C,N,F,D,1,0,0,0,22350.0,2,37.74303436279297,-121.53857421875,4
2020,2020-06-27,2213,6,2,22,6,N,A,Y,A,H,D,A,01,S,01,E,,,,,I,Y,N,D,1,0,0,0,23152.0,1,38.23286819458008,-121.29104614257812,3
2020,2020-07-01,1555,7,2,15,3,N,A,Y,A,H,A,A,07,E,03,C,,,,Y,C,Y,N,D,1,0,0,0,22350.0,3,37.754898071289055,-121.46080017089844,4
2020,2020-06-29,750,6,2,7,1,N,A,N,A,H,A,D,22,E,03,C,,,,,C,Y,N,A,1,0,0,0,22350.0,2,37.745975494384766,-121.36174011230467,4
2020,2020-06-14,1825,6,2,18,7,N,A,N,A,H,A,A,01,E,03,E,,,,,I,Y,N,A,2,0,0,0,22350.0,1,37.75777816772461,-121.01032257080078,4
2020,2020-06-16,1357,6,2,13,2,Y,A,N,A,H,A,A,07,,01,C,,,,,C,N,N,D,1,0,0,0,23152.0,2,37.84823989868164,-121.23689270019533,4
2020,2020-04-25,311,4,1,3,6,N,A,Y,A,H,D,N,60,E,11,G,Y,,,,B,Y,N,D,0,0,0,0,21954.0,2,37.95543670654297,-121.26531982421876,1
2020,2020-04-26,2105,4,1,21,7,N,A,Y,A,H,C,A,01,N,01,E,,,,,I,Y,N,D,1,0,0,0,23152.0,1,38.12132263183594,-121.25743103027344,1
2020,2020-06-24,705,6,2,7,3,N,A,Y,A,H,A,G,25,S,07,B,,,,Y,C,Y,F,D,1,0,0,0,21658.0,2,37.9622802734375,-121.241943359375,3
2020,2020-06-25,1722,6,2,17,4,N,A,Y,A,H,A,A,01,S,03,C,,,,,C,Y,N,D,1,0,0,0,22350.0,3,37.76608276367188,-121.16659545898438,4
2020,2020-06-18,1413,6,2,14,4,N,A,N,A,H,A,A,07,W,03,C,,,,,C,Y,F,D,1,0,0,0,22350.0,4,38.00819396972656,-121.3306121826172,4
2020,2020-06-18,1614,6,2,16,4,N,A,Y,A,H,A,-,- ,E,18,H,,,,,A,N,N,D,1,0,0,0,,1,37.78350067138672,-121.2273406982422,4
2020,2020-06-20,1740,6,2,17,6,N,A,N,A,H,A,D,22,W,08,B,,,,,C,Y,N,D,2,0,0,0,22107.0,2,37.99288940429688,-121.26592254638672,4
2020,2020-06-20,2030,6,2,20,6,N,A,Y,A,H,B,A,07,N,08,F,,,,Y,C,Y,N,D,1,0,0,0,22107.0,2,37.9967041015625,-121.25447082519533,3
2020,2020-06-21,140,6,2,1,7,N,A,N,A,H,D,A,01,S,01,E,,,,,I,Y,N,D,1,0,0,0,23152.0,1,37.85934066772461,-121.23719787597656,3
2020,2020-07-03,732,7,2,7,5,Y,A,N,A,H,A,A,07,,08,D,,,,,C,Y,N,A,1,0,0,0,22107.0,2,38.235450744628906,-121.08894348144533,3
2020,2020-06-26,1610,6,2,16,5,N,A,Y,A,H,A,A,01,S,03,C,,,,,C,Y,N,D,1,0,0,0,22350.0,3,37.88101959228516,-121.27852630615234,4
2020,2020-06-26,1443,6,2,14,5,N,A,Y,A,H,A,-,- ,N,18,D,,,,,C,Y,N,D,1,0,0,0,,2,37.860496520996094,-121.21887969970705,3
2020,2020-06-27,1845,6,2,18,6,N,A,Y,A,H,A,A,07,S,08,D,,,,,C,Y,N,D,1,0,0,0,22107.0,2,37.900588989257805,-121.22132110595705,4
2020,2020-06-21,1850,6,2,18,7,Y,A,N,A,H,A,A,01,,12,D,,,,,C,Y,N,A,3,0,0,0,21453.0,2,38.02103042602539,-121.32997131347656,2
2020,2020-06-27,2052,6,2,20,6,N,A,N,A,H,D,A,01,E,01,F,,,,,I,Y,N,D,1,0,0,0,23152.0,1,38.146820068359375,-121.16873931884766,2
2020,2020-06-27,1420,6,2,14,6,N,A,N,A,H,A,D,22,N,09,D,,,,,C,Y,N,D,1,0,0,0,21804.0,2,37.81632614135742,-121.198974609375,4
2020,2020-06-28,108,6,2,1,7,N,A,Y,A,H,C,A,07,,01,C,,,,,C,Y,N,D,2,0,0,0,23152.0,2,37.91497039794922,-121.2268524169922,3
2020,2020-06-27,1935,6,2,19,6,Y,A,N,A,H,A,A,01,,05,D,,,,,C,Y,N,D,1,0,0,0,21752.0,2,38.204448699951165,-121.18251037597656,4
2020,2020-06-29,1255,6,2,12,1,N,A,Y,A,H,A,A,01,E,09,D,,,,,C,Y,N,A,3,0,0,0,21804.0,2,37.98883438110352,-121.24351501464844,3
2020,2020-06-29,1513,6,2,15,1,Y,A,N,A,H,A,A,01,,09,D,,,,,C,Y,N,A,3,0,0,0,21802.0,2,37.83468,-120.99828,2
2020,2020-06-30,456,6,2,4,2,N,A,Y,A,H,D,A,01,W,03,C,,,,,C,Y,N,D,2,0,0,0,22350.0,2,38.07244873046875,-121.18720245361328,4
2020,2020-06-30,1635,6,2,16,2,N,A,Y,A,H,A,A,01,S,03,C,,,,,C,N,N,D,1,0,0,0,22350.0,2,37.85242462158203,-121.28268432617188,4
2020,2020-07-04,710,7,2,7,6,N,A,Y,A,D,A,A,01,E,06,E,,,,Y,J,Y,N,D,1,0,0,0,21755.0,3,37.783157348632805,-121.2265167236328,3
2020,2020-07-01,520,7,2,5,3,N,A,N,A,H,A,A,01,W,03,B,,,,Y,C,Y,N,D,1,0,0,0,22350.0,2,37.839317321777344,-121.00701904296876,2
2020,2020-07-08,2255,7,2,22,3,N,A,Y,A,D,D,A,01,W,03,C,,,,,C,N,N,A,6,0,0,0,22350.0,3,37.74338912963867,-121.54402923583984,4
2020,2020-06-19,2357,6,2,23,5,N,A,Y,A,H,D,A,07,W,03,D,,,,,C,Y,F,D,1,0,0,0,22350.0,2,37.783111572265625,-121.19223785400392,3
2020,2020-07-02,545,7,2,5,4,N,A,Y,A,H,A,G,25,S,07,B,,,,Y,C,Y,N,D,2,0,0,0,21658.0,3,37.77944946289063,-121.31526947021484,4
2020,2020-07-07,1159,7,2,11,2,N,A,Y,A,H,A,A,01,N,03,E,,,,,I,Y,N,D,1,0,0,0,22350.0,1,37.789749145507805,-121.3002700805664,4
2020,2020-07-07,738,7,2,7,2,N,A,N,A,H,A,D,22,S,08,E,,,,,I,Y,N,D,1,0,0,0,22107.0,1,38.075462341308594,-121.21260833740234,3
2020,2020-07-07,813,7,2,8,2,N,A,Y,A,H,A,J,43,E,03,C,,,,,C,N,N,D,2,0,0,0,22350.0,3,,,4
2020,2020-07-03,1254,7,2,12,5,N,A,Y,A,H,A,-,- ,N,18,D,,,,,C,Y,N,D,3,0,0,0,,2,37.8576774597168,-121.28135681152344,3
2020,2020-06-28,1445,6,2,14,7,Y,A,N,A,H,A,-,- ,,12,D,,,,,C,N,M,D,2,0,0,0,22450.0,2,37.98382186889648,-121.2667236328125,4
2020,2020-07-02,2205,7,2,22,4,N,A,Y,A,H,D,A,01,W,01,B,,,,,C,Y,N,D,1,0,0,0,23152.0,2,37.92460250854492,-121.43229675292967,4
2020,2020-07-03,1350,7,2,13,5,N,A,Y,A,H,A,A,01,N,03,C,,,,,C,Y,N,D,1,0,0,0,22350.0,5,37.857757568359375,-121.28165435791016,4
2020,2020-07-03,1130,7,2,11,5,Y,A,N,A,H,A,A,07,,12,D,,,,,C,Y,N,A,1,0,0,0,22450.0,2,38.16019821166992,-121.26187133789062,3
2020,2020-07-04,950,7,2,9,6,Y,A,Y,A,H,A,D,22,,12,D,,,,,C,N,N,A,2,0,0,0,22450.0,2,38.23621368408203,-121.05094146728516,4