ACCIDENT_YEAR,COLLISION_DATE,COLLISION_TIME,MONTH,SEASON,24HOURS,DAY_OF_WEEK,INTERSECTION,WEATHER_1,STATE_HWY_IND,ROAD_SURFACE,ROAD_COND_1,LIGHTING,STWD_VEHTYPE_AT_FAULT,CHP_VEHTYPE_AT_FAULT,DIRECTION,PCF_VIOL_CATEGORY,TYPE_OF_COLLISION,PEDESTRIAN_ACCIDENT,BICYCLE_ACCIDENT,MOTORCYCLE_ACCIDENT,TRUCK_ACCIDENT,MVIW,TOW_AWAY,HIT_AND_RUN,CONTROL_DEVICE,NUMBER_INJURED,COUNT_PED_INJURED,COUNT_BICYCLIST_INJURED,COUNT_MC_INJURED,PCF_VIOLATION,PARTY_COUNT,POINT_Y,POINT_X,COLLISION_SEVERITY
2020,2020-09-12,1505,9,3,15,6,N,A,N,A,H,A,A,01,W,08,A,,,,,C,Y,N,D,3,0,0,0,22107.0,2,37.88298034667969,-121.269287109375,4
2020,2020-09-12,1630,9,3,16,6,N,A,Y,A,H,A,A,01,W,03,C,,,,,C,Y,N,D,1,0,0,0,22350.0,3,37.78318405151367,-121.216552734375,4
2020,2020-09-18,5,9,3,0,5,N,A,Y,A,H,D,G,27,E,09,D,,,,Y,C,Y,N,D,1,0,0,0,21801.0,2,37.89007186889648,-121.53414916992188,4
2020,2020-09-14,1251,9,3,12,1,N,A,Y,A,A,A,A,01,S,05,A,,,,,C,Y,N,D,2,0,0,0,21460.0,2,,,3
2020,2020-09-14,1607,9,3,16,1,N,A,Y,A,H,A,D,22,S,03,C,,,,,C,N,N,D,3,0,0,0,22350.0,3,37.76936340332031,-121.17213439941406,3
2020,2020-09-20,253,9,3,2,7,N,A,Y,A,H,D,A,01,W,08,E,,,,,I,Y,N,D,1,0,0,0,22107.0,1,37.76492691040039,-121.3532485961914,4
2020,2020-09-11,1026,9,3,10,5,N,A,Y,A,H,A,F,26,S,07,B,,,,Y,C,Y,N,D,1,0,0,0,21658.0,2,38.14122009277344,-121.39907073974608,4
2020,2020-09-14,1020,9,3,10,1,N,A,N,A,H,A,D,22,E,01,F,,,,,A,Y,N,D,2,0,0,0,23152.0,2,38.08658218383789,-121.3317413330078,2
2020,2020-09-14,745,9,3,7,1,N,A,Y,A,H,A,D,22,N,03,C,,,,,C,N,M,D,1,0,0,0,22350.0,2,38.094120025634766,-121.26019287109376,4
2020,2020-09-14,642,9,3,6,1,Y,A,N,A,H,B,D,22,,09,D,,,,,C,Y,N,D,1,0,0,0,21801.0,2,38.1015510559082,-121.25699615478516,4
2020,2020-09-14,2255,9,3,22,1,N,A,Y,A,H,C,A,01,N,08,C,,,,Y,C,Y,N,D,1,0,0,0,22107.0,2,37.7881088256836,-121.30238342285156,3
2020,2020-09-14,1244,9,3,12,1,N,A,Y,A,H,A,A,07,N,08,F,,,,,A,Y,N,D,2,0,0,0,22107.0,1,38.19086456298828,-121.4060516357422,3
2020,2020-09-14,1420,9,3,14,1,N,A,Y,A,H,A,D,22,W,03,C,,,,,C,N,N,D,1,0,0,0,22350.0,2,37.783203125,-121.20211791992188,4
2020,2020-09-15,1340,9,3,13,2,N,A,Y,A,H,A,A,01,S,03,C,,,,,C,Y,N,D,1,0,0,0,22350.0,2,38.05636978149414,-121.37175750732422,4
2020,2020-09-15,610,9,3,6,2,Y,A,N,A,H,C,-,99,,12,D,,,,,C,N,F,A,1,0,0,0,22450.0,2,37.88182067871094,-121.27622985839844,4
2020,2020-09-21,545,9,3,5,1,N,A,Y,A,H,D,-,99,E,21,C,,,,Y,C,N,M,D,1,0,0,0,22106.0,2,37.74245071411133,-121.52706909179688,4
2020,2020-09-15,712,9,3,7,2,N,A,Y,A,H,A,A,01,E,08,A,,,,Y,C,Y,N,D,2,0,0,0,22107.0,2,38.08479309082031,-120.96006011962892,2
2020,2020-09-09,1103,9,3,11,3,N,A,Y,A,H,A,D,22,E,04,C,,,,Y,C,Y,N,D,2,0,0,0,21703.0,2,38.113426208496094,-121.53343200683594,4
2020,2020-09-16,1750,9,3,17,3,N,A,Y,A,H,A,A,01,W,03,C,,,,,C,Y,N,D,1,0,0,0,22350.0,2,37.7980842590332,-121.08834838867188,3
2020,2020-08-11,2033,8,2,20,2,N,A,Y,A,H,D,A,07,N,03,C,,,,,C,N,M,D,1,0,0,0,22350.0,2,38.067970275878906,-121.25980377197266,4
2020,2020-09-17,917,9,3,9,4,N,B,N,A,H,A,A,01,E,08,E,,,,,I,Y,N,D,1,0,0,0,22107.0,1,37.87841796875,-121.0869140625,2
2020,2020-09-16,1610,9,3,16,3,Y,A,Y,A,H,A,A,08,,09,B,,,,,C,Y,N,A,1,0,0,0,21802.0,2,37.63860702514648,-121.29605865478516,3
2020,2020-09-15,205,9,3,2,2,N,A,Y,A,H,D,A,01,E,01,C,,,,,C,Y,N,D,2,0,0,0,23152.0,2,37.74176406860352,-121.52153778076172,2
2020,2020-09-15,1504,9,3,15,2,Y,A,N,A,H,A,G,27,,07,B,,,,Y,C,Y,N,D,1,0,0,0,21658.0,2,,,4
2020,2020-09-17,1326,9,3,13,4,N,A,N,A,H,A,A,01,E,08,E,,,,,I,Y,N,D,1,0,0,0,22107.0,1,38.116016387939446,-121.20771026611328,2
2020,2020-09-13,630,9,3,6,7,N,B,Y,A,H,A,A,07,S,08,E,,,,,I,Y,N,D,1,0,0,0,22107.0,1,38.245162963867195,-121.44393920898438,2
2020,2020-09-20,417,9,3,4,7,N,A,Y,A,H,D,A,01,E,03,C,,,,,C,Y,N,D,1,0,0,0,22350.0,2,37.764678955078125,-121.40990447998048,4
2020,2020-09-19,850,9,3,8,6,N,A,N,A,H,A,D,22,E,06,C,,,,Y,C,Y,N,D,2,0,0,0,21755.0,2,37.928218841552734,-121.2326889038086,3
2020,2020-09-19,2050,9,3,20,6,Y,A,N,A,H,D,C,02,,09,D,,,Y,,C,Y,F,A,1,0,0,1,21801.0,2,37.98551940917969,-121.28449249267578,2
2020,2020-09-20,2230,9,3,22,7,N,A,Y,A,H,D,D,22,S,03,C,,,,,C,Y,N,D,1,0,0,0,22350.0,2,37.77204895019531,-121.32538604736328,4
2020,2020-09-21,605,9,3,6,1,N,A,Y,A,H,D,A,01,E,03,C,,,,,C,Y,N,D,3,0,0,0,22350.0,2,37.76478958129882,-121.37712860107422,3
2020,2020-09-12,1530,9,3,15,6,N,B,N,A,H,A,A,01,N,08,A,,,,,C,Y,N,D,3,0,0,0,22107.0,2,37.70813751220703,-121.30769348144533,2
2020,2020-09-23,1820,9,3,18,3,Y,A,N,A,H,A,A,07,,01,G,Y,,,,B,Y,N,A,1,1,0,0,23152.0,2,38.00432968139648,-121.34324645996094,2
2020,2020-09-15,1202,9,3,12,2,N,A,Y,A,H,A,C,02,W,03,F,,,Y,,I,Y,N,D,1,0,0,1,22350.0,1,37.92018127441406,-121.43862915039062,3
2020,2020-09-16,435,9,3,4,3,N,A,Y,A,H,D,A,01,W,01,B,,,,Y,C,Y,N,D,2,0,0,0,23152.0,4,37.95343017578125,-121.27108001708984,3
2020,2020-09-19,1248,9,3,12,6,N,A,Y,A,H,A,A,01,E,03,C,,,,,C,Y,N,D,2,0,0,0,22350.0,3,37.95961380004882,-121.25370025634766,4
2020,2020-09-20,1400,9,3,14,7,N,A,Y,A,H,A,G,27,E,03,C,,,,Y,C,N,N,D,1,0,0,0,22350.0,2,37.783199310302734,-121.20972442626952,3
2020,2020-09-20,1400,9,3,14,7,N,A,Y,A,H,A,A,01,W,03,C,,,,,C,N,N,D,2,0,0,0,22350.0,3,37.91359329223633,-121.44855499267578,3
2020,2020-09-20,2154,9,3,21,7,N,A,Y,A,H,D,A,01,W,08,A,,,,,C,Y,N,D,2,0,0,0,22107.0,2,38.115909576416016,-121.42756652832033,3
2020,2020-09-24,1510,9,3,15,4,N,A,Y,A,H,A,A,01,N,03,C,,,,,C,N,N,D,1,0,0,0,22350.0,2,38.1899299621582,-121.26283264160156,4
2020,2020-09-19,2355,9,3,23,6,Y,A,N,A,H,C,A,01,,01,E,,,,,I,Y,N,D,1,0,0,0,23152.0,1,37.8508186340332,-121.4493408203125,3
2020,2020-09-22,325,9,3,3,2,N,A,Y,A,H,C,A,07,S,03,E,,,,,I,Y,N,D,1,0,0,0,22350.0,1,37.89023208618164,-121.56969451904295,3
2020,2020-07-22,1425,7,2,14,3,N,A,Y,A,D,A,C,02,S,01,F,,,Y,Y,A,Y,F,D,0,0,0,0,23152.0,2,37.732364654541016,-121.11226654052734,1
2020,2020-09-15,1920,9,3,19,2,N,A,N,A,H,B,-,99,N,01,F,,,,,A,N,N,D,1,0,0,0,23152.0,1,37.94247055053711,-121.31189727783205,4
2020,2020-09-16,925,9,3,9,3,N,A,N,A,H,A,A,07,W,08,E,,,,,I,Y,N,D,2,0,0,0,22107.0,1,37.96501922607422,-121.18225860595705,2
2020,2020-09-18,1747,9,3,17,5,N,A,Y,A,H,A,D,22,W,03,C,,,,,C,N,N,D,1,0,0,0,22350.0,2,37.76269912719727,-121.4394989013672,4
2020,2020-09-19,1552,9,3,15,6,N,A,N,A,H,A,C,02,E,08,F,,,Y,,A,Y,N,D,1,0,0,1,22107.0,1,37.76552963256836,-121.4533462524414,3
2020,2020-09-18,1725,9,3,17,5,Y,A,N,A,H,A,A,07,,12,D,,,,,C,Y,N,A,2,0,0,0,22450.0,2,37.7252197265625,-121.39820098876952,4
2020,2020-09-23,755,9,3,7,3,N,A,Y,A,H,A,A,01,W,03,C,,,,,C,Y,N,D,2,0,0,0,22350.0,2,37.74312973022461,-121.5407257080078,3
2020,2020-09-12,1855,9,3,18,6,Y,A,N,A,A,A,A,01,,08,B,,,,,C,Y,N,D,1,0,0,0,22107.0,2,37.76079940795898,-120.99575805664062,4
2020,2020-08-21,2200,8,2,22,5,N,A,Y,A,H,C,A,01,S,01,E,,,,,I,Y,N,D,0,0,0,0,23152.0,1,37.99167251586913,-121.2526397705078,1
2020,2020-09-13,730,9,3,7,7,N,A,Y,A,H,A,A,01,W,03,C,,,,,C,N,F,D,1,0,0,0,22350.0,2,37.952686309814446,-121.27435302734376,4
2020,2020-09-17,1425,9,3,14,4,N,A,N,A,H,A,A,07,N,08,E,,,,,I,Y,N,D,1,0,0,0,22107.0,1,37.77579116821289,-120.96851348876952,3
2020,2020-09-19,2020,9,3,20,6,N,A,Y,A,H,C,A,01,N,07,B,,,,,C,Y,N,D,1,0,0,0,21658.0,2,37.94038772583008,-121.29830169677734,3
2020,2020-09-19,1210,9,3,12,6,N,A,Y,A,H,A,A,01,N,08,E,,,,,I,Y,N,D,2,0,0,0,22107.0,2,37.97397613525391,-121.24761199951172,4
2020,2020-09-21,2150,9,3,21,1,N,A,Y,A,H,C,A,07,W,03,C,,,,,C,Y,N,D,2,0,0,0,22350.0,2,37.78579330444336,-121.27451324462892,4
2020,2020-09-21,1605,9,3,16,1,N,A,Y,A,H,A,A,07,S,07,C,,,,,C,Y,N,D,2,0,0,0,21658.0,2,38.10961532592773,-121.39380645751952,3
2020,2020-09-21,5,9,3,0,1,N,A,N,A,H,C,A,01,S,08,C,,,,,E,Y,N,D,1,0,0,0,22107.0,2,37.979530334472656,-121.2734146118164,3
2020,2020-09-21,535,9,3,5,1,Y,A,N,A,H,D,D,22,,09,D,,,,,C,Y,N,A,2,0,0,0,21802.0,2,37.82730865478516,-121.07138824462892,4
2020,2020-09-19,2115,9,3,21,6,N,A,Y,A,H,C,A,07,N,01,F,,,,,A,Y,N,D,1,0,0,0,23152.0,1,37.79034805297852,-121.30139923095705,2
2020,2020-09-22,1418,9,3,14,2,Y,A,N,A,H,A,A,08,,03,C,,,,,C,Y,N,D,1,0,0,0,22350.0,2,38.18912124633789,-121.22559356689452,4
2020,2020-09-21,2323,9,3,23,1,N,A,Y,A,H,D,A,01,W,03,C,,,,,C,Y,N,D,2,0,0,0,22350.0,2,38.11592864990234,-121.39534759521484,4
2020,2020-09-21,805,9,3,8,1,N,A,N,A,H,A,A,07,S,08,E,,,,,I,Y,N,D,3,0,0,0,22107.0,1,37.839031219482415,-121.05345916748048,3
2020,2020-07-19,916,7,2,9,7,Y,A,N,A,H,A,A,01,,03,C,,,,,-,N,N,D,1,0,0,0,22350.0,2,,,4
2020,2020-07-18,1140,7,2,11,6,Y,A,N,A,H,A,A,01,,03,C,,,,,C,,N,D,1,0,0,0,22350.0,3,37.96255874633789,-121.31289672851562,4
2020,2020-09-17,1455,9,3,14,4,N,A,Y,A,H,A,F,25,S,07,B,,,,Y,C,Y,N,D,1,0,0,0,21658.0,2,37.78493118286133,-121.30711364746094,4
2020,2020-08-21,1256,8,2,12,5,Y,A,N,A,H,A,A,07,,03,C,,,,,C,N,N,A,2,0,0,0,22350.0,2,37.81180953979492,-121.30027770996094,4
2020,2020-09-22,2327,9,3,23,2,N,A,Y,A,H,D,A,01,W,01,E,,,,,I,Y,N,D,1,0,0,0,23152.0,1,38.0459098815918,-121.02347564697266,3
2020,2020-09-22,1605,9,3,16,2,N,A,Y,A,H,A,D,22,W,03,C,,,,Y,C,Y,N,D,1,0,0,0,22350.0,2,37.783203125,-121.1989288330078,4
2020,2020-09-23,555,9,3,5,3,N,A,Y,A,H,D,A,01,N,08,E,,,,,I,Y,N,D,1,0,0,0,22107.0,1,37.90322113037109,-121.28618621826172,4
2020,2020-09-23,1630,9,3,16,3,N,A,Y,A,H,A,G,25,S,07,B,,,,Y,C,Y,N,D,3,0,0,0,21658.0,2,37.779544830322266,-121.18536376953124,4
2020,2020-09-23,545,9,3,5,3,N,A,Y,A,H,A,A,07,S,07,B,,,,Y,C,Y,N,D,1,0,0,0,21658.0,5,38.11594009399414,-121.39775848388672,3
2020,2020-09-22,1124,9,3,11,2,N,A,Y,A,H,A,E,22,S,07,B,,,,,C,Y,N,A,1,0,0,0,21658.0,2,37.75233459472656,-121.14116668701172,4
2020,2020-09-28,538,9,3,5,1,N,A,N,A,H,D,A,01,E,03,C,,,,,C,Y,N,D,1,0,0,0,22350.0,2,,,3
2020,2020-07-25,2005,7,2,20,6,N,A,N,A,H,A,C,06,E,03,F,,,Y,,A,N,N,D,2,0,0,2,22350.0,1,37.8021354675293,-121.29139709472656,2
2020,2020-09-20,530,9,3,5,7,N,A,Y,A,H,B,A,01,W,01,C,,,,,C,Y,N,D,1,0,0,0,23152.0,2,37.7417221069336,-121.51844024658205,3
2020,2020-09-23,1953,9,3,19,3,N,A,N,A,H,D,A,01,W,10,G,Y,,,,B,N,N,D,1,1,0,0,21950.0,2,37.98173522949219,-121.25456237792967,2
2020,2020-09-24,1845,9,3,18,4,N,A,N,A,H,A,A,01,S,08,E,,,,,I,Y,N,D,1,0,0,0,22107.0,1,38.20476913452149,-121.26487731933594,4
2020,2020-09-24,1530,9,3,15,4,N,A,Y,A,H,A,A,01,W,03,C,,,,,C,N,N,A,1,0,0,0,22350.0,2,38.00067901611328,-121.14969635009766,4
2020,2020-09-24,735,9,3,7,4,N,A,Y,A,H,A,A,01,S,08,C,Y,,,,C,Y,N,D,3,1,0,0,22107.0,3,37.9560432434082,-121.3232192993164,2
2020,2020-09-24,1710,9,3,17,4,N,A,N,A,H,A,A,08,E,01,E,,,,,I,Y,N,D,2,0,0,0,23152.0,1,37.75810241699219,-121.06846618652344,2
2020,2020-09-24,1525,9,3,15,4,N,A,N,A,H,A,A,01,S,08,A,,,,,C,Y,N,D,2,0,0,0,22107.0,2,38.01446533203125,-121.00015258789062,4
2020,2020-09-24,1052,9,3,10,4,N,A,Y,A,H,A,A,01,N,08,C,,,,Y,E,Y,N,D,1,0,0,0,22107.0,2,37.8868408203125,-121.27993011474608,3
2020,2020-09-23,1255,9,3,12,3,N,A,Y,A,H,A,D,22,E,03,C,,,,Y,C,Y,N,A,1,0,0,0,22350.0,2,37.76477813720703,-121.41429901123048,4
2020,2020-09-23,1740,9,3,17,3,N,A,N,A,H,B,D,22,W,08,G,,Y,,,G,N,N,D,1,0,1,0,22107.0,2,37.8556022644043,-121.26207733154295,2
2020,2020-09-24,2025,9,3,20,4,N,A,N,A,H,C,A,01,S,01,H,,,,,E,Y,N,D,1,0,0,0,23152.0,2,37.96013641357422,-121.23568725585938,4
2020,2020-09-24,1825,9,3,18,4,N,A,Y,A,H,A,-,99,E,03,C,,,,,C,N,F,D,1,0,0,0,22350.0,2,37.76461791992188,-121.41097259521484,3
2020,2020-09-30,815,9,3,8,3,Y,A,N,A,H,A,D,22,,09,D,,,,,C,Y,N,A,2,0,0,0,21453.0,2,37.745941162109375,-121.3617935180664,3
2020,2020-09-21,116,9,3,1,1,N,A,Y,A,H,D,A,01,E,01,C,,,,,E,Y,N,D,2,0,0,0,23152.0,3,37.77450180053711,-121.17894744873048,3
2020,2020-09-24,2158,9,3,21,4,N,A,Y,A,H,D,-,99,W,03,C,,,Y,,C,Y,F,D,1,0,0,1,22350.0,2,37.76435089111328,-121.41509246826172,2
2020,2020-09-25,1337,9,3,13,5,N,A,Y,A,H,A,A,01,S,03,C,,,,,C,Y,N,D,1,0,0,0,22350.0,2,37.879878997802734,-121.2783660888672,4
2020,2020-09-26,1445,9,3,14,6,N,A,Y,A,H,A,A,01,E,07,B,,,,,C,Y,N,D,1,0,0,0,21658.0,2,37.74094772338867,-121.50891876220705,4
2020,2020-09-26,1220,9,3,12,6,Y,A,Y,A,H,A,A,01,,09,D,,,,,C,Y,N,A,3,0,0,0,21802.0,2,,,4
2020,2020-09-26,1613,9,3,16,6,N,A,N,A,H,A,C,02,E,08,A,,,Y,,C,Y,N,D,3,0,0,1,22107.0,2,37.92995071411133,-121.22227478027344,2
2020,2020-10-01,1115,10,3,11,4,Y,A,N,A,H,A,A,08,,09,D,,,,,C,Y,N,A,1,0,0,0,21801.0,2,37.745941162109375,-121.3617935180664,4
2020,2020-09-27,307,9,3,3,7,N,A,Y,A,H,D,A,01,S,01,E,,,,,I,Y,N,D,1,0,0,0,23152.0,1,38.03670120239258,-121.25829315185548,2
2020,2020-10-03,615,10,3,6,6,N,A,Y,A,H,D,A,08,N,08,F,,,,,A,Y,N,D,1,0,0,0,22107.0,1,37.67860412597656,-121.33989715576172,3
2020,2020-09-30,2133,9,3,21,3,N,A,Y,A,H,D,A,01,W,01,F,,,,,A,Y,N,D,1,0,0,0,23152.0,1,37.729103088378906,-121.54621124267578,3
2020,2020-10-04,955,10,3,9,7,N,A,Y,A,H,A,A,01,S,03,C,,,,,C,Y,N,D,2,0,0,0,22350.0,2,38.1304817199707,-121.25732421875,4
2020,2020-10-03,2015,10,3,20,6,N,B,Y,A,H,D,A,01,W,03,C,,,,,C,Y,N,D,3,0,0,0,22350.0,2,37.758522033691406,-121.15373229980467,3
2020,2020-10-01,1455,10,3,14,4,N,A,Y,A,H,E,A,01,N,03,C,,,,,C,Y,N,D,1,0,0,0,22350.0,2,37.857940673828125,-121.28128814697266,4
2020,2020-10-02,710,10,3,7,5,N,B,Y,A,H,A,D,22,N,03,C,,,,,C,Y,N,D,1,0,0,0,22350.0,2,37.95267868041992,-121.23839569091795,4
2020,2020-09-26,1730,9,3,17,6,Y,A,N,A,H,A,A,01,,12,D,,,,,C,Y,N,A,5,0,0,0,22450.0,2,38.20357894897461,-121.24442291259766,2
2020,2020-09-27,1625,9,3,16,7,N,A,Y,A,H,A,A,01,S,08,E,,,,,I,Y,N,D,1,0,0,0,22107.0,1,37.955810546875,-121.31687927246094,3
2020,2020-10-02,915,10,3,9,5,N,A,N,A,H,A,A,01,N,09,B,,,,,C,Y,N,A,1,0,0,0,21802.0,2,37.92920684814453,-121.2449188232422,4
2020,2020-10-03,1600,10,3,16,6,Y,B,Y,A,H,A,A,01,,09,D,,,,,C,Y,N,D,1,0,0,0,21801.0,2,37.79402160644531,-120.95992279052734,4
2020,2020-09-27,1853,9,3,18,7,N,A,Y,A,H,A,D,22,W,03,C,,,,,C,Y,N,D,4,0,0,0,22350.0,5,37.78352355957031,-121.224609375,3
2020,2020-09-27,945,9,3,9,7,N,A,Y,A,H,A,A,01,W,08,E,,,,,I,Y,N,D,3,0,0,0,22107.0,2,37.95597076416016,-121.32123565673828,2
2020,2020-09-27,1235,9,3,12,7,N,A,Y,A,H,A,A,07,S,03,C,,,,,C,N,N,D,1,0,0,0,22350.0,2,38.10699081420898,-121.3918914794922,4
2020,2020-10-01,1632,10,3,16,4,Y,A,N,A,H,A,A,07,,08,A,,,,,C,Y,N,D,2,0,0,0,22107.0,2,37.73242950439453,-121.42845916748048,4
2020,2020-10-02,1625,10,3,16,5,N,A,Y,A,H,A,A,08,N,03,C,,,,,C,N,N,D,1,0,0,0,22350.0,2,37.94135665893555,-121.29846954345705,4
2020,2020-07-21,1942,7,2,19,2,Y,A,N,A,H,A,A,01,,09,A,,,,,C,Y,N,A,1,0,0,0,21801.0,2,37.9694709777832,-121.3151397705078,4
2020,2020-07-21,1525,7,2,15,2,Y,A,N,A,H,A,A,01,,12,D,,,,,C,,N,A,3,0,0,0,21453.0,4,37.92938995361328,-121.2829818725586,4
2020,2020-07-03,930,7,2,9,5,N,A,N,A,H,A,A,01,E,09,D,,,,,C,,N,D,1,0,0,0,21804.0,2,37.99916458129882,-121.3221435546875,3
2020,2020-07-02,554,7,2,5,4,N,A,N,A,H,A,A,01,E,03,E,,,,,I,Y,N,D,1,0,0,0,22350.0,1,37.99947738647461,-121.32138824462892,3
2020,2020-07-01,2113,7,2,21,3,Y,A,N,A,H,C,A,01,,10,G,Y,,,,B,,N,A,1,1,0,0,21950.0,2,37.967529296875,-121.29383087158205,4
2020,2020-09-28,1445,9,3,14,1,N,A,Y,A,H,A,A,01,S,03,C,,,,,C,Y,N,D,3,0,0,0,22350.0,2,37.80544662475586,-121.29769134521484,3
2020,2020-09-28,1245,9,3,12,1,N,A,N,A,H,A,A,01,S,03,C,,,,,C,Y,N,D,1,0,0,0,22350.0,2,37.765819549560554,-120.99588775634766,4
2020,2020-09-27,812,9,3,8,7,N,A,Y,A,H,A,-,- ,W,18,E,,,,,I,Y,N,D,1,0,0,0,,1,38.026702880859375,-121.1959228515625,4
2020,2020-07-11,1945,7,2,19,6,Y,A,N,A,H,B,A,01,,09,D,,,,,C,N,N,D,2,0,0,0,21804.0,2,37.95769119262695,-121.3034210205078,4
2020,2020-07-28,2156,7,2,21,2,Y,A,N,A,H,C,A,01,,12,D,,,,,C,N,N,A,2,0,0,0,21453.0,2,38.021270751953125,-121.35614776611328,4
2020,2020-07-25,1740,7,2,17,6,N,A,N,A,H,B,L,04,W,05,D,,Y,,,G,N,F,A,1,0,1,0,21650.0,2,37.965198516845696,-121.27410125732422,4
2020,2020-07-25,412,7,2,4,6,N,A,N,A,H,C,A,01,W,03,E,,,,,I,N,F,D,2,0,0,0,22350.0,1,,,4
2020,2020-07-24,2100,7,2,21,5,Y,A,N,A,H,C,A,01,,09,D,,,,,C,N,N,A,1,0,0,0,21804.0,2,37.96524810791016,-121.27686309814452,4
2020,2020-07-24,1821,7,2,18,5,Y,A,N,A,H,A,A,01,,12,D,,,,,C,N,N,A,2,0,0,0,21453.0,2,38.00075149536133,-121.2967529296875,3
2020,2020-07-24,1755,7,2,17,5,Y,A,N,A,H,A,-,- ,,18,E,,,,,I,N,N,A,1,0,0,0,,1,38.03704833984375,-121.2698211669922,3
2020,2020-07-24,1507,7,2,15,5,N,A,N,A,H,A,A,01,N,07,B,,,,,C,N,N,A,3,0,0,0,21658.0,2,37.95875549316406,-121.29146575927734,4
2020,2020-07-23,1558,7,2,15,4,N,A,N,A,H,A,A,01,S,03,E,,,,,I,N,N,D,2,0,0,0,22350.0,1,37.90365982055664,-121.32014465332033,4
2020,2020-07-22,1310,7,2,13,3,Y,A,Y,A,H,A,A,01,,12,D,,,,,C,N,N,A,2,0,0,0,21453.0,2,38.05561065673828,-121.37177276611328,4
2020,2020-07-01,1809,7,2,18,3,N,A,N,A,H,A,A,01,N,08,D,,,Y,,C,N,N,D,1,0,0,1,22100.0,2,37.96855926513672,-121.29425048828124,3
2020,2020-09-27,1308,9,3,13,7,N,A,Y,A,H,A,A,01,W,05,D,,,,,C,Y,N,D,1,0,0,0,21460.0,2,38.11585998535156,-121.35798645019533,4
2020,2020-07-01,1643,7,2,16,3,N,A,N,A,H,A,A,01,N,07,C,,,,,C,N,N,A,1,0,0,0,21658.0,2,37.9756088256836,-121.31757354736328,4
2020,2020-07-01,1111,7,2,11,3,Y,A,N,A,H,A,A,01,,01,D,,,,,D,N,N,A,2,0,0,0,23153.0,2,37.953948974609375,-121.2764892578125,4
2020,2020-09-28,227,9,3,2,1,N,A,Y,A,H,C,A,07,S,08,E,,,,,I,Y,N,D,2,0,0,0,22107.0,1,38.179969787597656,-121.3998565673828,3
2020,2020-09-28,1300,9,3,13,1,N,A,N,A,H,A,A,07,N,04,F,,,,,A,Y,N,D,1,0,0,0,21703.0,1,38.09880447387695,-121.30782318115234,4
2020,2020-09-28,1615,9,3,16,1,N,A,Y,A,H,A,A,01,N,03,C,,,,,C,N,N,D,1,0,0,0,22350.0,2,37.90132522583008,-121.28514099121094,3
2020,2020-09-29,955,9,3,9,2,N,A,Y,A,H,A,A,01,N,03,C,,,,,C,Y,N,D,1,0,0,0,22350.0,2,37.85917282104492,-121.2812728881836,4
2020,2020-09-29,1145,9,3,11,2,Y,A,N,A,H,A,A,01,,12,D,,,,,C,Y,N,A,3,0,0,0,21453.0,4,38.08646011352539,-121.2786102294922,4
2020,2020-09-26,1159,9,3,11,6,N,A,Y,A,H,A,A,07,S,07,C,,,,,C,Y,N,D,1,0,0,0,21658.0,2,,,3
2020,2020-09-26,1450,9,3,14,6,N,A,Y,A,H,A,C,02,W,03,F,,,Y,,A,Y,N,D,2,0,0,2,22350.0,1,37.74254608154297,-121.53383636474608,2
2020,2020-10-05,510,10,3,5,1,N,A,Y,A,H,D,A,01,E,03,C,,,,,C,Y,N,D,1,0,0,0,22350.0,2,37.89006805419922,-121.53890228271484,3
2020,2020-10-02,1135,10,3,11,5,N,A,Y,A,H,A,A,01,S,03,C,,,,,C,N,N,D,1,0,0,0,22350.0,3,37.92162322998047,-121.29282379150392,4
2020,2020-09-30,910,9,3,9,3,N,A,Y,A,H,A,A,01,S,08,F,,,,,I,Y,N,D,1,0,0,0,22107.0,1,38.00233459472656,-121.2570571899414,3
2020,2020-07-07,1217,7,2,12,2,N,A,Y,A,H,A,C,02,W,08,C,,,Y,,E,Y,N,A,1,0,0,1,22107.0,2,38.11548614501953,-121.27938079833984,2
2020,2020-06-18,1240,6,2,12,4,Y,A,N,A,H,A,A,01,,12,D,,,,,C,N,N,A,2,0,0,0,21453.0,3,38.10773086547852,-121.27893829345705,3
2020,2020-09-29,1644,9,3,16,2,Y,A,Y,A,H,A,A,01,,12,D,,,,,C,Y,N,D,2,0,0,0,22450.0,2,37.717529296875,-121.1785888671875,3