ACCIDENT_YEAR,COLLISION_DATE,COLLISION_TIME,MONTH,SEASON,24HOURS,DAY_OF_WEEK,INTERSECTION,WEATHER_1,STATE_HWY_IND,ROAD_SURFACE,ROAD_COND_1,LIGHTING,STWD_VEHTYPE_AT_FAULT,CHP_VEHTYPE_AT_FAULT,DIRECTION,PCF_VIOL_CATEGORY,TYPE_OF_COLLISION,PEDESTRIAN_ACCIDENT,BICYCLE_ACCIDENT,MOTORCYCLE_ACCIDENT,TRUCK_ACCIDENT,MVIW,TOW_AWAY,HIT_AND_RUN,CONTROL_DEVICE,NUMBER_INJURED,COUNT_PED_INJURED,COUNT_BICYCLIST_INJURED,COUNT_MC_INJURED,PCF_VIOLATION,PARTY_COUNT,POINT_Y,POINT_X,COLLISION_SEVERITY
2020,2020-09-22,45,9,3,0,2,Y,A,N,A,H,C,A,01,,03,E,,,,,I,N,N,A,1,0,0,0,22350.0,1,37.99974822998047,-121.35797119140624,3
2020,2020-09-22,853,9,3,8,2,Y,A,N,A,H,A,A,08,,12,D,,,,,C,N,N,A,2,0,0,0,21453.0,3,37.95568084716797,-121.29061126708984,4
2020,2020-09-23,1148,9,3,11,3,N,A,N,A,H,A,A,01,E,05,G,Y,,,,B,Y,F,A,1,1,0,0,21650.0,2,38.01121520996094,-121.32012176513672,4
2020,2020-09-23,1330,9,3,13,3,N,A,N,A,H,A,A,01,W,09,D,,,,,C,Y,N,A,1,0,0,0,21804.0,2,37.986572265625,-121.32099151611328,4
2020,2020-09-23,1818,9,3,18,3,Y,A,Y,A,H,A,A,01,,12,D,,,,,C,Y,N,A,1,0,0,0,21453.0,2,38.06029891967773,-121.37361907958984,4
2020,2020-09-23,1850,9,3,18,3,Y,A,N,A,H,B,A,01,,12,D,,,,,C,Y,N,A,2,0,0,0,21453.0,2,38.02098083496094,-121.28327178955078,3
2020,2020-09-23,1908,9,3,19,3,N,A,N,A,H,B,N,60,S,11,G,Y,,,,B,Y,N,D,1,1,0,0,21954.0,2,37.99606704711913,-121.3245849609375,4
2020,2020-09-23,1918,9,3,19,3,Y,A,N,A,H,C,A,01,,12,D,,,,,C,N,N,A,1,0,0,0,22450.0,2,37.96194839477539,-121.29640197753906,4
2020,2020-09-09,1920,9,3,19,3,Y,B,Y,A,H,C,L,04,,12,D,,Y,,,G,Y,N,A,1,0,1,0,21453.0,2,37.915714263916016,-121.29035949707033,4
2020,2020-09-13,1610,9,3,16,7,N,A,N,A,H,A,C,02,S,03,E,,,Y,,I,Y,N,A,1,0,0,1,22350.0,1,37.99921417236328,-121.28472137451172,2
2020,2020-09-18,527,9,3,5,5,Y,A,N,A,H,C,A,01,,09,A,,,,,C,Y,N,D,1,0,0,0,21801.0,2,37.917030334472656,-121.24859619140624,3
2020,2020-09-16,610,9,3,6,3,N,A,N,A,H,C,A,07,S,03,E,,,,,I,Y,N,D,2,0,0,0,22350.0,1,37.98508834838867,-121.31082916259766,3
2020,2020-09-15,1430,9,3,14,2,Y,A,N,A,H,A,A,01,,03,C,,,,,C,N,N,A,1,0,0,0,22350.0,2,37.95151138305664,-121.29084777832033,4
2020,2020-09-16,2043,9,3,20,3,Y,A,N,A,H,C,A,01,,12,D,,,,,D,Y,N,D,2,0,0,0,22450.0,2,37.922901153564446,-121.25096130371094,4
2020,2020-09-17,1447,9,3,14,4,N,A,N,-,H,A,A,07,E,- ,C,,,,,C,N,N,A,1,0,0,0,,2,37.941604614257805,-121.27027130126952,4
2020,2020-09-17,1509,9,3,15,4,N,A,N,A,H,A,A,07,S,09,D,,,,,C,Y,F,D,1,0,0,0,21804.0,2,37.96665954589844,-121.27449798583984,4
2020,2020-09-17,1540,9,3,15,4,N,A,N,A,H,A,N,60,E,11,G,Y,,,,B,Y,N,A,1,1,0,0,21955.0,2,38.021270751953125,-121.27174377441406,3
2020,2020-09-21,946,9,3,9,1,Y,A,N,A,H,A,A,01,,12,D,,,,,C,Y,N,A,2,0,0,0,21453.0,2,37.9575309753418,-121.29247283935548,3
2020,2020-09-21,1610,9,3,16,1,N,A,N,A,H,A,A,07,N,07,D,,,,,C,N,N,D,2,0,0,0,21658.0,2,38.01870346069336,-121.27056121826172,3
2020,2020-09-02,1833,9,3,18,3,N,A,N,A,G,A,-,- ,N,03,E,,,,,J,Y,N,D,1,0,0,0,22350.0,1,37.739200592041016,-121.46945190429688,4
2020,2020-09-01,1421,9,3,14,2,Y,A,N,A,H,A,L,04,,12,D,,Y,,,G,N,M,A,1,0,1,0,22450.0,2,37.73585891723633,-121.42839050292967,4
2020,2020-08-31,309,8,2,3,1,Y,A,N,A,H,C,A,01,,12,D,,,,,C,Y,F,A,1,0,0,0,21453.0,2,37.936199188232415,-121.29981994628906,4
2020,2020-08-30,2257,8,2,22,7,Y,A,N,A,H,C,A,07,,12,D,,,,,C,Y,N,A,1,0,0,0,21453.0,2,38.01105117797852,-121.32068634033205,4
2020,2020-08-29,1534,8,2,15,6,Y,A,N,A,H,A,A,01,,12,B,,,,,C,N,F,A,1,0,0,0,22450.0,2,37.922901153564446,-121.25096130371094,4
2020,2020-09-09,1219,9,3,12,3,N,A,N,A,H,A,A,01,E,09,A,,,,,C,Y,F,A,1,0,0,0,21801.0,2,37.96798324584961,-121.2911376953125,4
2020,2020-09-12,1235,9,3,12,6,N,A,N,A,H,A,A,01,S,03,C,,,,,C,,M,A,1,0,0,0,22350.0,2,38.01100158691406,-121.32067108154295,4
2020,2020-08-23,2000,8,2,20,7,Y,A,N,A,H,C,A,01,,01,D,,,,,C,Y,N,A,1,0,0,0,23152.0,2,38.02099990844727,-121.3454360961914,3
2020,2020-08-20,1159,8,2,11,4,Y,A,Y,A,H,A,A,01,,12,B,,,,Y,C,Y,N,A,5,0,0,0,21453.0,3,37.93120574951172,-121.31846618652344,3
2020,2020-09-03,1619,9,3,16,4,Y,A,Y,A,H,A,C,02,,06,A,,,Y,,C,Y,N,D,2,0,0,1,21755.0,2,37.8093376159668,-120.66515350341795,2
2020,2020-10-06,1913,10,3,19,2,Y,A,N,A,G,E,-,99,,03,D,,,,,C,Y,F,B,1,0,0,0,22350.0,2,37.96036148071289,-121.27554321289062,3
2020,2020-09-12,1236,9,3,12,6,N,A,N,A,H,A,A,07,S,08,B,,,,Y,C,Y,N,D,1,0,0,0,22107.0,3,38.00015640258789,-121.3162841796875,3
2020,2020-09-12,1324,9,3,13,6,Y,A,N,A,H,A,A,01,,08,D,,,,,C,N,N,A,1,0,0,0,22100.0,4,38.0036506652832,-121.28482055664062,4
2020,2020-09-24,1127,9,3,11,4,Y,A,N,A,H,A,A,07,,12,D,,,,,C,N,N,A,1,0,0,0,22450.0,2,38.02410125732422,-121.35777282714844,4
2020,2020-09-23,1125,9,3,11,3,Y,A,Y,A,H,A,A,01,,12,D,,,,,C,Y,N,D,1,0,0,0,22450.0,2,37.85857009887695,-121.28144073486328,4
2020,2020-08-12,1920,8,2,19,3,Y,A,Y,A,H,A,-,- ,,00,G,Y,,,,B,N,N,A,1,1,0,0,,2,38.11552429199219,-121.30653381347656,3
2020,2020-09-10,950,9,3,9,4,Y,F,N,A,H,A,-,99,,09,F,,,Y,,A,N,N,D,1,0,0,1,21453.0,2,,,3
2020,2020-09-08,1534,9,3,15,2,Y,A,N,A,H,A,A,01,,03,B,,,,,C,N,N,A,1,0,0,0,22350.0,2,38.01105117797852,-121.32068634033205,4
2020,2020-09-26,1345,9,3,13,6,N,A,N,A,A,A,A,01,S,03,C,,,,,C,Y,F,C,1,0,0,0,22350.0,2,37.98877334594727,-121.3232421875,4
2020,2020-09-26,1350,9,3,13,6,N,A,N,A,A,A,A,07,S,08,D,,,,,C,Y,M,A,3,0,0,0,22107.0,3,37.994117736816406,-121.3088150024414,4
2020,2020-09-24,1540,9,3,15,4,N,A,N,A,H,A,D,22,N,03,C,,,,,C,N,F,A,1,0,0,0,22350.0,2,37.9917106628418,-121.31293487548828,4
2020,2020-09-25,1535,9,3,15,5,N,A,N,A,H,A,A,01,W,03,C,,,,,C,Y,N,A,1,0,0,0,22350.0,2,37.98875045776367,-121.32334136962892,4
2020,2020-09-10,954,9,3,9,4,N,A,N,A,H,A,A,01,S,- ,C,,,,,C,Y,N,D,1,0,0,0,,2,38.14009475708008,-121.26105499267578,2
2020,2020-09-06,2216,9,3,22,7,N,A,N,-,H,C,-,,W,08,G,Y,,,,B,N,M,D,1,1,0,0,22107.0,2,38.13520050048828,-121.26095581054688,4
2020,2020-09-04,351,9,3,3,5,N,A,N,A,H,E,-,,S,08,E,,,,,I,N,N,D,1,0,0,0,22107.0,1,38.12163543701172,-121.26967620849608,4
2020,2020-09-08,1759,9,3,17,2,N,A,N,A,H,A,A,01,,03,B,,,,,E,Y,N,D,1,0,0,0,22350.0,2,37.740249633789055,-121.11476135253906,3
2020,2020-09-09,1707,9,3,17,3,Y,A,N,A,H,A,A,01,,09,A,,,,,C,Y,N,A,3,0,0,0,21802.0,2,38.11125,-121.26509,3
2020,2020-09-12,958,9,3,9,6,Y,F,N,A,H,A,A,07,,09,D,,,,,C,Y,N,A,1,0,0,0,21802.0,2,38.13692092895508,-121.3071517944336,3
2020,2020-09-07,2151,9,3,21,1,Y,A,N,A,H,E,A,01,,03,C,,,,,C,Y,M,D,1,0,0,0,22350.0,2,38.13106918334961,-121.25885009765624,4
2020,2020-08-23,2320,8,2,23,7,N,A,N,A,H,C,A,01,W,12,G,Y,,,,B,N,F,A,1,1,0,0,22450.0,2,38.126800537109375,-121.26515197753906,2
2020,2020-08-09,1648,8,2,16,7,N,A,N,A,H,A,-,,N,- ,D,,,,,C,Y,N,D,2,0,0,0,,2,37.74745178222656,-121.14234161376952,3
2020,2020-09-26,1100,9,3,11,6,N,A,,A,H,A,A,07,S,03,C,,,,,E,,N,D,2,0,0,0,22350.0,4,37.98590469360352,-121.32052612304688,4
2020,2020-09-27,1113,9,3,11,7,N,A,,A,H,A,A,01,N,08,D,,,,,C,Y,F,D,1,0,0,0,22102.0,2,37.94435501098633,-121.26844787597656,4
2020,2020-09-27,1840,9,3,18,7,N,A,,A,H,B,A,01,N,01,A,,,,,C,Y,F,A,2,0,0,0,23152.0,3,38.02104949951172,-121.29499816894533,4
2020,2020-09-28,1927,9,3,19,1,Y,A,,A,H,A,A,01,,09,D,,,,,C,Y,N,A,3,0,0,0,21802.0,2,37.97154998779297,-121.2954330444336,4
2020,2020-09-29,1030,9,3,10,2,Y,A,,A,D,A,A,01,,09,B,,,,,C,,F,A,1,0,0,0,21800.0,2,37.94081878662109,-121.27567291259766,4
2020,2020-09-18,955,9,3,9,5,Y,A,,A,H,A,A,08,,08,B,,,,,C,,N,D,1,0,0,0,22100.0,2,37.962108612060554,-121.27735137939452,4
2020,2020-09-18,1547,9,3,15,5,N,A,,A,H,A,A,07,N,03,C,,,,,C,,N,A,1,0,0,0,22350.0,2,37.96378707885742,-121.25538635253906,4
2020,2020-09-19,1408,9,3,14,6,Y,A,,A,H,A,A,07,,03,C,,,,,C,,N,A,5,0,0,0,22350.0,2,37.996238708496094,-121.3057861328125,4
2020,2020-09-19,1514,9,3,15,6,Y,A,,A,H,A,A,07,,05,D,,,,,C,Y,N,D,3,0,0,0,21650.0,4,38.03609848022461,-121.34681701660156,3
2020,2020-09-19,1829,9,3,18,6,Y,A,,A,H,B,A,01,,01,C,,,,,C,,N,A,1,0,0,0,23152.0,2,38.021011352539055,-121.31520080566406,4
2020,2020-09-20,1103,9,3,11,7,Y,A,,A,H,A,A,01,,12,D,,,,,C,Y,F,A,2,0,0,0,22450.0,2,37.96163177490234,-121.292236328125,4
2020,2020-09-20,1124,9,3,11,7,Y,A,,A,H,A,A,01,,09,D,,,,,C,Y,N,A,2,0,0,0,21802.0,2,37.95561981201172,-121.30964660644533,4
2020,2020-09-20,1738,9,3,17,7,N,A,,A,H,A,A,01,W,03,D,,,,,C,,N,A,1,0,0,0,22350.0,2,37.98723983764648,-121.3293685913086,4
2020,2020-09-19,2334,9,3,23,6,N,A,N,A,H,D,A,01,W,08,H,,,,Y,E,Y,N,D,1,0,0,0,22107.0,3,37.914886474609375,-121.18812561035156,2
2020,2020-09-18,951,9,3,9,5,N,A,N,A,H,A,A,01,W,07,B,,,,Y,C,Y,N,A,1,0,0,0,21658.0,3,37.901870727539055,-121.25505065917967,3
2020,2020-10-02,2053,10,3,20,5,Y,B,N,A,H,C,C,03,,09,-,,,Y,,C,N,N,A,1,0,0,1,21800.0,2,37.73781967163086,-121.46095275878906,2
2020,2020-10-01,919,10,3,9,4,N,A,N,A,H,A,A,01,E,03,C,,,,,C,Y,F,D,1,0,0,0,22350.0,2,38.05760955810546,-121.31057739257812,4
2020,2020-10-02,1508,10,3,15,5,N,A,N,A,H,A,A,01,E,08,C,,,,,C,Y,F,D,1,0,0,0,22102.0,2,37.98283386230469,-121.28893280029295,4
2020,2020-10-03,156,10,3,1,6,Y,A,N,A,H,C,A,08,,17,A,,,,,C,,N,A,3,0,0,0,21451.0,2,37.98661804199219,-121.32080841064452,4
2020,2020-10-06,1005,10,3,10,2,N,A,N,A,H,A,-,,W,03,B,,,,,C,Y,F,D,1,0,0,0,22350.0,2,37.96724319458008,-121.2955322265625,4
2020,2020-10-07,2345,10,3,23,3,Y,A,N,A,H,C,A,07,,09,D,,,Y,,C,,F,A,1,0,0,1,21801.0,2,37.94942855834961,-121.2725830078125,4
2020,2020-09-11,931,9,3,9,5,Y,A,N,A,H,A,A,01,,09,A,,,,,C,Y,N,A,2,0,0,0,21802.0,3,37.957401275634766,-121.29923248291016,4
2020,2020-09-11,1222,9,3,12,5,N,A,N,A,H,A,D,22,S,01,C,,,,,C,Y,N,D,1,0,0,0,23153.0,3,37.997467041015625,-121.28895568847656,3
2020,2020-09-24,1454,9,3,14,4,Y,A,N,A,G,A,A,07,,09,D,,,,,C,N,N,A,2,0,0,0,21802.0,2,37.94544982910156,-121.27146911621094,4
2020,2020-09-09,1116,9,3,11,3,N,A,,A,H,A,A,07,W,17,B,,,,,C,,N,D,1,0,0,0,21657.0,2,37.9514274597168,-121.29134368896484,4
2020,2020-09-06,1116,9,3,11,7,Y,A,N,A,H,A,A,01,,09,D,,,,,C,Y,N,A,1,0,0,0,21453.0,2,38.02098846435546,-121.32327270507812,3
2020,2020-09-24,815,9,3,8,4,N,A,,A,H,A,A,01,E,03,E,,,,,I,Y,N,D,1,0,0,0,22350.0,1,37.908367156982415,-121.26856994628906,3
2020,2020-09-24,1701,9,3,17,4,N,A,,A,H,A,A,01,N,03,E,,,,,I,Y,N,D,1,0,0,0,22350.0,1,37.900386810302734,-121.29117584228516,4
2020,2020-09-25,1118,9,3,11,5,N,A,,A,H,A,A,08,N,08,D,,,,,C,Y,N,D,2,0,0,0,22103.0,2,37.97443008422852,-121.27622222900392,4
2020,2020-09-25,1349,9,3,13,5,N,A,,A,H,A,A,07,E,12,A,,,,,C,,N,A,1,0,0,0,21453.0,2,37.912273406982415,-121.29460906982422,4
2020,2020-09-25,1209,9,3,12,5,Y,A,,A,H,A,A,07,,09,D,,,,,C,Y,N,A,2,0,0,0,21802.0,2,37.95730972290039,-121.2746810913086,3
2020,2020-09-10,1920,9,3,19,4,N,A,,A,H,A,A,07,W,01,E,,,,,I,Y,N,D,2,0,0,0,23152.0,3,38.021041870117195,-121.33977508544922,4
2020,2020-09-26,1933,9,3,19,6,N,A,N,A,H,C,L,04,E,08,A,,Y,,,G,N,N,A,1,0,1,0,22107.0,2,37.95597457885742,-121.27696228027344,3
2020,2020-09-05,1425,9,3,14,6,N,A,N,A,H,A,-,- ,N,18,D,,,,,E,N,N,D,1,0,0,0,,2,38.042118072509766,-121.27144622802734,4
2020,2020-09-07,1827,9,3,18,1,N,A,N,A,H,B,A,01,W,01,E,,,,,I,N,N,D,1,0,0,0,23152.0,2,38.0141716003418,-121.31533813476562,4
2020,2020-09-07,1412,9,3,14,1,N,A,N,A,H,A,A,01,N,08,D,,,,,C,Y,N,D,2,0,0,0,22102.0,2,38.0293197631836,-121.33281707763672,3
2020,2020-09-08,850,9,3,8,2,N,A,N,A,H,A,C,02,W,03,E,,,Y,,I,Y,N,A,1,0,0,1,22350.0,1,38.04653930664063,-121.38279724121094,3
2020,2020-09-24,731,9,3,7,4,Y,A,N,A,H,A,A,01,,12,D,,,,,C,Y,N,A,1,0,0,0,21453.0,2,,,4
2020,2020-09-12,1055,9,3,10,6,Y,A,N,A,H,A,A,01,,12,D,,,,,C,Y,N,A,2,0,0,0,21453.0,2,37.804649353027344,-121.21675872802734,4
2020,2020-09-22,1015,9,3,10,2,N,A,N,A,H,A,N,60,S,11,G,Y,,,,B,,M,A,1,1,0,0,21954.0,2,37.957611083984375,-121.30339813232422,3
2020,2020-09-23,1200,9,3,12,3,N,A,N,A,H,A,A,01,W,10,G,Y,,,,B,,F,D,1,1,0,0,21952.0,2,38.01940155029297,-121.32459259033205,4
2020,2020-09-26,1613,9,3,16,6,N,A,N,A,H,A,A,01,W,01,C,,,,,C,Y,N,A,1,0,0,0,23152.0,2,38.008750915527344,-121.30269622802734,4
2020,2020-09-29,759,9,3,7,2,Y,A,N,A,H,A,A,08,,09,D,,,,,C,Y,N,A,1,0,0,0,21800.0,2,38.03242874145508,-121.31743621826172,4
2020,2020-10-03,2222,10,3,22,6,Y,A,N,A,H,C,A,01,,01,E,,,,,I,N,N,A,1,0,0,0,23152.0,1,37.95423889160156,-121.28748321533205,3
2020,2020-10-04,1052,10,3,10,7,Y,A,N,A,H,A,A,01,,12,D,,,,,C,Y,N,A,1,0,0,0,21453.0,2,,,4
2020,2020-10-04,1651,10,3,16,7,N,A,N,A,H,A,A,01,N,03,C,,,,,C,Y,N,A,1,0,0,0,22350.0,2,38.02113342285156,-121.3152084350586,4
2020,2020-10-05,1013,10,3,10,1,N,A,N,A,H,A,A,01,E,08,E,,,,,I,Y,N,D,1,0,0,0,22107.0,1,38.029541015625,-121.26403045654295,3
2020,2020-10-06,1035,10,3,10,2,Y,A,N,A,H,A,A,01,,03,C,,,,,C,Y,N,A,2,0,0,0,22350.0,2,38.02104949951172,-121.28990173339844,4
2020,2020-10-06,1225,10,3,12,2,Y,A,N,A,H,A,A,01,,08,D,,,,,C,Y,N,A,1,0,0,0,22107.0,2,37.93822860717773,-121.24285888671876,3
2020,2020-10-06,1522,10,3,15,2,Y,A,N,A,H,A,A,07,,12,A,,,,,C,N,N,A,2,0,0,0,21453.0,2,38.021270751953125,-121.35614776611328,4
2020,2020-10-06,1947,10,3,19,2,Y,A,N,A,H,C,A,01,,09,D,,,,,C,Y,N,A,2,0,0,0,21801.0,2,37.93125,-121.31831,3
2020,2020-10-06,2046,10,3,20,2,Y,A,N,A,H,C,A,07,,12,D,,,,,C,N,N,A,1,0,0,0,21453.0,2,37.98908996582031,-121.32196807861328,4
2020,2020-10-07,1307,10,3,13,3,N,A,N,A,D,A,A,01,S,03,C,,,,,C,N,N,A,1,0,0,0,22350.0,2,37.98943710327149,-121.28591918945312,4
2020,2020-10-07,1624,10,3,16,3,Y,A,N,A,H,A,A,01,,09,D,,,,,C,Y,N,A,2,0,0,0,21802.0,2,37.95233154296875,-121.26789855957033,4
2020,2020-10-23,138,10,3,1,5,N,A,N,A,H,C,C,02,W,03,E,,,Y,,I,Y,N,D,1,0,0,1,22350.0,1,37.965579986572266,-121.24379730224608,3
2020,2020-10-23,1604,10,3,16,5,Y,A,N,A,H,A,A,01,,12,D,,,,,C,N,N,A,1,0,0,0,21453.0,2,37.95172882080078,-121.28955078125,4
2020,2020-10-26,1056,10,3,10,1,Y,A,N,A,H,A,A,01,,09,D,,Y,,,G,N,N,A,1,0,1,0,21801.0,2,37.98944854736328,-121.35395050048828,4
2020,2020-10-16,1248,10,3,12,5,Y,A,N,A,H,A,A,01,,12,D,,,,,C,Y,N,A,2,0,0,0,21453.0,2,38.049278259277344,-121.35096740722656,4
2020,2020-10-27,755,10,3,7,2,N,A,N,A,H,A,A,01,E,10,G,Y,,,,B,N,N,A,1,1,0,0,21950.0,2,38.01039505004882,-121.2961654663086,4
2020,2020-09-30,1029,9,3,10,3,Y,A,N,A,H,A,A,01,,09,D,,,,,C,Y,N,A,2,0,0,0,21801.0,3,37.99253082275391,-121.30181121826172,4
2020,2020-09-29,1314,9,3,13,2,Y,A,N,A,H,A,A,01,,12,D,,,,,C,N,N,A,2,0,0,0,22450.0,2,37.92704,-121.29302,4
2020,2020-10-26,1602,10,3,16,1,N,A,N,A,H,A,D,22,S,03,C,,,,,C,,N,D,2,0,0,0,22350.0,2,37.97531509399414,-121.31745910644533,4
2020,2020-10-24,1659,10,3,16,6,Y,A,N,A,H,A,D,22,,09,D,,,,,C,Y,N,A,1,0,0,0,21801.0,2,37.956390380859375,-121.2744598388672,4
2020,2020-10-25,2332,10,3,23,7,Y,A,N,A,H,C,A,01,,12,D,,,,,C,Y,N,A,1,0,0,0,21453.0,2,38.021190643310554,-121.3253173828125,4
2020,2020-09-25,2022,9,3,20,5,N,A,N,A,H,C,C,02,W,03,B,,,Y,Y,C,Y,F,A,1,0,0,0,22350.0,2,37.901958465576165,-121.25469970703124,2
2020,2020-09-28,1915,9,3,19,1,Y,A,N,A,H,C,D,22,,09,D,,Y,,,G,,N,A,1,0,1,0,21802.0,2,37.98274993896485,-121.2892608642578,3
2020,2020-09-29,1438,9,3,14,2,N,A,N,A,H,A,D,22,E,09,D,,,,,C,,N,A,2,0,0,0,21804.0,2,37.9676170349121,-121.29334259033205,4
2020,2020-09-30,1459,9,3,14,3,Y,A,N,A,H,A,A,01,,09,D,,,,,C,Y,N,A,3,0,0,0,21802.0,2,37.97444152832031,-121.31712341308594,3
2020,2020-10-06,846,10,3,8,2,Y,A,N,A,H,A,G,25,,12,D,,,,Y,C,Y,N,A,1,0,0,0,22450.0,2,37.95198059082031,-121.27594757080078,4
2020,2020-10-05,1215,10,3,12,1,Y,A,N,A,H,A,D,22,,12,D,,,,,C,,N,A,1,0,0,0,22450.0,2,37.93503189086913,-121.27816772460938,4
2020,2020-10-27,1542,10,3,15,2,N,A,N,A,H,A,A,07,S,03,C,,,,,C,Y,N,A,3,0,0,0,22350.0,2,37.98368453979492,-121.28379821777344,4
2020,2020-10-27,1452,10,3,14,2,Y,A,N,A,H,A,A,01,,09,D,,,,,C,,N,A,2,0,0,0,21802.0,2,38.00381851196289,-121.32122039794922,3
2020,2020-10-27,1139,10,3,11,2,Y,A,N,A,H,A,A,01,,09,D,,,,,C,Y,N,A,1,0,0,0,21801.0,2,37.950660705566406,-121.28376770019533,4
2020,2020-10-02,1650,10,3,16,5,N,A,N,A,H,A,A,01,S,03,E,,,,,I,Y,N,A,3,0,0,0,22350.0,2,37.97784423828125,-121.2983856201172,2
2020,2020-09-26,720,9,3,7,6,Y,A,N,A,H,A,A,07,,12,G,Y,,,,B,N,N,A,1,1,0,0,22450.0,2,37.98274993896485,-121.2892608642578,4
2020,2020-10-25,1340,10,3,13,7,N,A,N,A,H,A,A,01,W,07,B,,,,,C,N,M,A,1,0,0,0,21658.0,2,38.02120590209961,-121.27689361572266,4
2020,2020-10-07,1401,10,3,14,3,N,A,N,A,H,A,L,04,N,05,D,,Y,,,G,N,N,D,1,0,1,0,21650.0,2,37.939300537109375,-121.31148529052734,3
2020,2020-10-20,1315,10,3,13,2,Y,A,N,A,H,A,A,07,,12,D,,,,,C,N,N,A,1,0,0,0,21453.0,2,37.96749877929688,-121.2515869140625,4
2020,2020-10-30,1423,10,3,14,5,N,A,N,A,H,A,A,07,W,03,C,,,,,C,N,F,D,1,0,0,0,22350.0,3,37.96725082397461,-121.29547882080078,4
2020,2020-10-01,1100,10,3,11,4,Y,A,,A,H,A,A,01,,09,D,,,,,C,,N,A,2,0,0,0,21453.0,2,38.05760955810546,-121.31057739257812,4
2020,2020-10-01,1316,10,3,13,4,Y,A,,A,H,A,A,01,,03,D,,,,,C,Y,N,A,3,0,0,0,22350.0,2,37.93354034423828,-121.27916717529295,4
2020,2020-10-02,623,10,3,6,5,Y,A,,A,H,C,A,07,,12,D,,,,,C,Y,N,A,5,0,0,0,21453.0,3,38.02098846435546,-121.32327270507812,4
2020,2020-10-02,1012,10,3,10,5,N,A,N,A,H,A,A,01,N,08,C,,,,,E,Y,N,D,1,0,0,0,22107.0,2,37.89870071411133,-121.29483795166016,4
2020,2020-10-02,2210,10,3,22,5,N,A,,A,H,C,N,60,E,11,G,Y,,,,B,,F,D,1,1,0,0,21954.0,2,37.95452117919922,-121.24551391601562,2
2020,2020-10-03,1348,10,3,13,6,N,A,,A,H,A,A,01,E,03,C,,,,,C,,N,A,1,0,0,0,22350.0,4,38.021270751953125,-121.35416412353516,4
2020,2020-10-11,1616,10,3,16,7,Y,A,,A,H,A,A,01,,08,D,,,,,C,N,N,A,1,0,0,0,22100.0,2,37.950679779052734,-121.28923797607422,4
2020,2020-10-12,702,10,3,7,1,N,A,,A,H,A,A,01,,01,D,,,,,C,,N,A,1,0,0,0,23152.0,2,37.95568084716797,-121.29061126708984,4
2020,2020-10-12,1406,10,3,14,1,Y,A,N,A,H,A,C,02,,12,D,,,Y,,C,Y,N,A,1,0,0,1,21453.0,2,38.021438598632805,-121.35903167724608,4
2020,2020-10-12,2026,10,3,20,1,N,A,,A,H,A,A,08,N,01,C,,,,,C,,N,A,5,0,0,0,23152.0,2,37.946453094482415,-121.26900482177734,4
2020,2020-10-13,1338,10,3,13,2,Y,A,,A,H,A,A,01,,09,D,,,,,C,Y,N,A,1,0,0,0,21802.0,2,37.95005035400391,-121.2754364013672,4
2020,2020-10-13,2100,10,3,21,2,N,A,,A,H,C,A,01,N,03,G,Y,,,,B,,F,D,1,1,0,0,22350.0,2,37.89921569824219,-121.3202667236328,3
2020,2020-10-14,1240,10,3,12,3,N,A,N,A,H,A,A,01,N,03,E,,,,,I,,N,A,1,0,0,0,22350.0,1,38.002254486083984,-121.29037475585938,4
2020,2020-10-14,1314,10,3,13,3,N,A,N,A,H,A,A,01,S,09,D,,,,,C,Y,N,D,3,0,0,0,21801.0,2,38.0181884765625,-121.3234405517578,4
2020,2020-10-14,1520,10,3,15,3,Y,A,N,A,H,A,A,01,,12,D,,,,,C,Y,N,A,1,0,0,0,21453.0,2,37.962600708007805,-121.29248809814452,4
2020,2020-10-15,958,10,3,9,4,Y,A,N,A,H,A,-,- ,,12,D,,,,,C,Y,N,A,1,0,0,0,22450.0,2,38.05582046508789,-121.38381958007812,4
2020,2020-10-15,1205,10,3,12,4,N,A,N,A,H,A,A,01,N,03,D,,,,,C,Y,N,D,2,0,0,0,22350.0,2,38.00650787353516,-121.30827331542967,3