ACCIDENT_YEAR,COLLISION_DATE,COLLISION_TIME,MONTH,SEASON,24HOURS,DAY_OF_WEEK,INTERSECTION,WEATHER_1,STATE_HWY_IND,ROAD_SURFACE,ROAD_COND_1,LIGHTING,STWD_VEHTYPE_AT_FAULT,CHP_VEHTYPE_AT_FAULT,DIRECTION,PCF_VIOL_CATEGORY,TYPE_OF_COLLISION,PEDESTRIAN_ACCIDENT,BICYCLE_ACCIDENT,MOTORCYCLE_ACCIDENT,TRUCK_ACCIDENT,MVIW,TOW_AWAY,HIT_AND_RUN,CONTROL_DEVICE,NUMBER_INJURED,COUNT_PED_INJURED,COUNT_BICYCLIST_INJURED,COUNT_MC_INJURED,PCF_VIOLATION,PARTY_COUNT,POINT_Y,POINT_X,COLLISION_SEVERITY
2020,2020-10-16,914,10,3,9,5,Y,A,N,A,H,A,C,02,,12,A,,,Y,,C,,N,A,1,0,0,1,21453.0,2,38.035511016845696,-121.33907318115234,3
2020,2020-10-01,3,10,3,0,4,N,A,N,A,H,C,A,01,E,03,A,,,,,E,Y,N,D,1,0,0,0,22350.0,3,37.976375579833984,-121.32225036621094,3
2020,2020-10-01,1101,10,3,11,4,Y,A,N,A,H,A,-,- ,,12,D,,,,,C,Y,N,A,1,0,0,0,21453.0,2,38.03707885742188,-121.26416015625,3
2020,2020-10-12,1611,10,3,16,1,N,A,N,A,H,A,A,01,N,09,D,,,,,C,Y,N,D,1,0,0,0,21804.0,2,37.93892288208008,-121.24420928955078,4
2020,2020-10-14,1623,10,3,16,3,Y,A,N,A,H,A,A,01,,09,D,,,,,C,,N,D,1,0,0,0,21802.0,2,37.95745849609375,-121.30474090576172,3
2020,2020-10-16,2308,10,3,23,5,Y,A,N,A,H,C,D,22,,01,D,,,,,C,Y,N,A,1,0,0,0,23152.0,3,,,4
2020,2020-10-16,1915,10,3,19,5,Y,A,N,A,H,A,D,22,,12,D,,Y,,,G,,N,A,1,0,1,0,22450.0,2,38.04943084716797,-121.35877990722656,4
2020,2020-10-02,1358,10,3,13,5,N,A,N,A,H,A,D,22,N,03,C,,,,,C,Y,N,D,1,0,0,0,22350.0,3,38.022022247314446,-121.34542083740234,4
2020,2020-10-29,1439,10,3,14,4,N,A,N,A,H,A,A,01,W,03,D,,,,Y,C,N,N,D,1,0,0,0,22350.0,2,37.72621154785156,-121.45331573486328,3
2020,2020-11-04,1528,11,3,15,3,N,A,N,A,H,A,D,22,S,03,E,,,,,I,Y,N,A,1,0,0,0,22350.0,1,37.72520446777344,-121.44039916992188,4
2020,2020-11-06,1455,11,3,14,5,N,A,N,A,H,A,A,01,W,09,D,,,,,C,N,M,D,1,0,0,0,21804.0,2,37.754199981689446,-121.43050384521484,4
2020,2020-11-16,547,11,3,5,1,Y,A,N,-,H,B,A,01,,09,D,,,,,C,Y,N,A,2,0,0,0,21802.0,2,37.73289108276367,-121.42725372314452,4
2020,2020-11-06,1351,11,3,13,5,N,A,N,A,H,A,N,60,N,11,G,Y,,,,B,N,N,D,1,1,0,0,21954.0,2,37.765228271484375,-121.43164825439452,3
2020,2020-11-07,2105,11,3,21,6,N,B,N,A,H,C,A,07,W,03,C,,,,,C,N,N,A,1,0,0,0,22350.0,3,37.725128173828125,-121.42678833007812,3
2020,2020-11-03,1649,11,3,16,2,N,A,N,A,H,A,A,07,S,12,D,,,,,C,Y,F,A,1,0,0,0,21453.0,2,37.71647644042969,-121.41638946533205,4
2020,2020-11-08,1635,11,3,16,7,N,A,N,A,H,A,A,01,W,08,E,,,,,I,N,N,D,1,0,0,0,22107.0,1,37.75408172607422,-121.444580078125,4
2020,2020-07-25,1853,7,2,18,6,N,A,,A,H,A,A,01,S,03,B,Y,,,,E,,N,D,1,1,0,0,22350.0,3,37.9777717590332,-121.30503845214844,4
2020,2020-10-02,1037,10,3,10,5,Y,A,N,A,A,A,A,01,,12,B,,,,,D,Y,N,A,1,0,0,0,22450.0,2,37.799129486083984,-121.21524810791016,4
2020,2020-10-01,1840,10,3,18,4,Y,A,N,-,H,A,L,04,,05,G,,Y,,,G,N,N,D,1,0,1,0,21202.0,2,37.817976,-121.220548,3
2020,2020-10-01,659,10,3,6,4,Y,A,N,A,H,A,A,01,,08,C,,,,,C,N,N,A,1,0,0,0,22107.0,3,37.786518096923835,-121.25221252441406,4
2020,2020-10-10,1532,10,3,15,6,N,A,N,A,B,A,D,22,N,00,C,,,,,C,Y,N,D,2,0,0,0,22350.0,2,37.83371353149414,-121.23614501953124,4
2020,2020-10-12,928,10,3,9,1,N,A,N,A,H,A,F,27,W,10,G,Y,,,Y,B,N,N,A,1,1,0,0,21950.0,2,37.801063537597656,-121.1962890625,4
2020,2020-10-21,1231,10,3,12,3,N,A,N,A,H,A,D,72,S,03,C,,,,,C,Y,F,D,1,0,0,0,22350.0,3,37.7896614074707,-121.25221252441406,4
2020,2020-10-31,1209,10,3,12,6,Y,A,N,A,H,A,A,01,,01,D,,,,,D,Y,N,A,2,0,0,0,23153.0,3,37.81990051269531,-121.23565673828124,3
2020,2020-10-30,1649,10,3,16,5,Y,A,N,A,H,A,A,01,,09,B,,,,,C,Y,N,D,1,0,0,0,21801.0,2,37.79732894897461,-121.2522201538086,4
2020,2020-10-29,1934,10,3,19,4,N,A,N,A,H,C,A,01,E,08,B,,,,,C,Y,F,D,1,0,0,0,22107.0,2,37.79734420776367,-121.24211120605467,4
2020,2020-10-23,1220,10,3,12,5,N,A,N,A,A,A,A,01,S,12,D,,,,,D,N,F,D,1,0,0,0,22450.0,2,37.793769836425774,-121.19396209716795,4
2020,2020-10-22,1801,10,3,18,4,N,A,N,A,H,B,C,02,S,07,B,,,Y,,C,Y,N,D,2,0,0,2,21658.0,2,37.779090881347656,-121.2038116455078,3
2020,2020-10-21,1738,10,3,17,3,N,A,N,A,H,A,A,01,W,09,D,,,,,C,Y,N,D,1,0,0,0,21804.0,2,37.8046989440918,-121.21174621582033,4
2020,2020-10-19,1738,10,3,17,1,Y,A,N,A,H,A,A,01,,09,D,,,,,C,Y,N,A,1,0,0,0,21802.0,2,37.82994079589844,-121.2360610961914,4
2020,2020-10-15,1656,10,3,16,4,N,A,N,A,H,A,A,01,S,03,C,,,,,E,Y,N,D,1,0,0,0,22350.0,2,37.80192565917969,-121.18710327148438,4
2020,2020-10-12,1749,10,3,17,1,N,A,N,A,H,A,A,01,E,09,D,,,,,C,Y,N,D,2,0,0,0,21804.0,2,37.775001525878906,-121.18180084228516,3
2020,2020-10-10,818,10,3,8,6,Y,A,Y,A,H,A,D,22,,10,G,Y,,,,B,N,N,A,1,1,0,0,21950.0,2,37.79518508911133,-121.19055938720705,3
2020,2020-10-09,1541,10,3,15,5,N,A,N,A,H,A,A,01,S,03,C,,,,,C,N,N,A,1,0,0,0,22350.0,2,37.848308563232415,-121.25505828857422,4
2020,2020-10-09,745,10,3,7,5,N,A,N,A,H,A,D,22,W,03,C,,,,,C,Y,N,D,1,0,0,0,22350.0,3,37.79742813110352,-121.22510528564452,4
2020,2020-10-06,1102,10,3,11,2,Y,A,N,A,H,A,A,01,,12,D,,,,,C,N,N,-,1,0,0,0,21453.0,2,37.82651138305664,-121.25377655029295,4
2020,2020-10-05,2312,10,3,23,1,N,A,N,A,H,C,A,01,E,01,B,,,,,C,N,F,D,2,0,0,0,23153.0,2,37.797481536865234,-121.19718933105467,3
2020,2020-10-03,710,10,3,7,6,Y,A,N,A,H,A,A,01,,01,A,,,,,E,N,F,D,1,0,0,0,23153.0,2,37.8100700378418,-121.2236328125,3
2020,2020-10-02,1437,10,3,14,5,N,A,N,A,H,A,A,01,S,03,E,,,,,I,Y,N,D,1,0,0,0,22350.0,1,37.8253059387207,-121.21826171875,4
2020,2020-10-02,1253,10,3,12,5,Y,A,N,A,H,A,A,01,,12,D,,,,,C,N,N,A,3,0,0,0,22450.0,2,37.79467010498047,-121.23056793212892,4
2020,2020-10-15,949,10,3,9,4,N,A,N,A,H,A,D,22,E,08,D,,,,,C,Y,N,D,1,0,0,0,22107.0,2,37.798891,-121.298574,4
2020,2020-10-18,223,10,3,2,7,N,A,N,A,H,C,A,01,N,03,H,,,,,C,Y,N,D,1,0,0,0,22350.0,4,37.74113845825195,-121.43573760986328,3
2020,2020-10-16,1711,10,3,17,5,Y,A,N,A,H,A,D,22,,12,D,,,,,C,N,N,A,1,0,0,0,21453.0,2,37.73204803466797,-121.43482971191406,4
2020,2020-10-10,1652,10,3,16,6,N,A,N,A,H,A,D,22,S,08,D,,,,,C,N,F,D,1,0,0,0,22103.0,2,37.9599723815918,-121.3122100830078,4
2020,2020-10-10,1233,10,3,12,6,Y,A,N,A,H,A,A,01,,- ,D,,,,,C,Y,N,A,1,0,0,0,,3,37.9272689819336,-121.29193115234376,3
2020,2020-10-21,1355,10,3,13,3,Y,A,N,A,H,A,A,01,,12,D,,,,Y,C,Y,N,A,1,0,0,0,21453.0,2,37.911148071289055,-121.2757568359375,4
2020,2020-09-15,630,9,3,6,2,Y,A,N,A,H,A,A,08,,12,D,,,,Y,C,Y,F,A,1,0,0,0,21453.0,2,37.93748092651367,-121.31835174560548,4
2020,2020-10-19,1414,10,3,14,1,Y,A,N,A,H,A,A,01,,12,D,,,,,C,N,F,A,1,0,0,0,21453.0,2,38.013771057128906,-121.32988739013672,4
2020,2020-10-18,2212,10,3,22,7,Y,A,N,A,H,C,D,22,,12,D,,,,,C,Y,N,A,1,0,0,0,22450.0,2,37.96327972412109,-121.2885513305664,4
2020,2020-10-24,1723,10,3,17,6,-,A,N,A,H,A,D,22,W,03,C,,,,,C,N,N,D,1,0,0,0,22350.0,2,37.754051208496094,-121.48157501220705,4
2020,2020-08-05,2030,8,2,20,3,N,A,N,A,H,C,A,01,S,17,A,,,,,C,Y,N,D,4,0,0,0,21657.0,2,37.9453010559082,-121.28913116455078,2
2020,2020-10-23,1637,10,3,16,5,Y,A,N,A,H,A,A,01,,09,A,,,,,D,,N,A,1,0,0,0,21801.0,2,37.73849868774414,-121.42592620849608,3
2020,2020-10-14,1100,10,3,11,3,N,A,N,A,H,A,A,01,W,08,B,,,,,C,N,M,A,1,0,0,0,22107.0,3,37.7578125,-121.42423248291016,4
2020,2020-10-02,1315,10,3,13,5,Y,A,N,A,H,A,A,01,,12,D,,,,,C,Y,N,A,2,0,0,0,21453.0,2,37.990631103515625,-121.31575012207033,3
2020,2020-10-11,1231,10,3,12,7,Y,A,Y,A,H,A,A,07,,09,D,,,,,C,Y,N,B,2,0,0,0,21800.0,3,37.93663024902344,-121.29835510253906,3
2020,2020-10-20,2228,10,3,22,2,Y,A,N,A,H,C,A,01,,09,D,,,,,C,Y,N,D,1,0,0,0,21800.0,2,37.96253967285156,-121.27477264404295,3
2020,2020-10-18,2314,10,3,23,7,Y,A,N,-,H,C,A,01,,03,G,Y,,,,B,Y,F,D,1,1,0,0,22350.0,3,37.96548843383789,-121.33097076416016,3
2020,2020-10-24,1106,10,3,11,6,N,A,Y,A,H,A,A,01,W,03,C,,,,,C,Y,M,D,2,0,0,0,22350.0,2,38.11537551879882,-121.27938079833984,3
2020,2020-10-12,2,10,3,0,1,N,A,N,A,H,C,A,01,W,01,E,,,,,I,Y,N,D,1,0,0,0,23153.0,1,37.95616912841797,-121.33528900146484,2
2020,2020-10-18,2158,10,3,21,7,Y,A,N,A,H,C,A,01,,09,D,,,,,C,Y,N,A,2,0,0,0,21804.0,2,38.032901763916016,-121.33644104003906,2
2020,2020-10-20,1945,10,3,19,2,N,A,N,A,H,D,N,60,W,11,G,Y,,,,B,,F,D,1,1,0,0,21956.0,2,37.94612884521485,-121.29840850830078,2
2020,2020-10-21,1613,10,3,16,3,Y,A,N,A,H,A,A,01,,12,D,,,,,C,Y,F,A,2,0,0,0,22450.0,2,37.932159423828125,-121.26239013671876,4
2020,2020-10-08,1056,10,3,10,4,Y,A,N,A,H,A,A,01,,03,C,,,,,C,,N,A,1,0,0,0,22350.0,2,37.93144989013672,-121.28379821777344,4
2020,2020-10-09,720,10,3,7,5,Y,A,N,A,H,A,A,01,,09,A,,,,,C,Y,N,A,2,0,0,0,21801.0,2,37.9576301574707,-121.2528076171875,4
2020,2020-10-09,1637,10,3,16,5,N,A,N,A,H,A,A,01,S,03,C,,,,,C,,N,D,1,0,0,0,22350.0,2,37.95761489868164,-121.27205657958984,4
2020,2020-10-10,1640,10,3,16,6,Y,A,Y,A,H,A,A,01,,12,D,,,,,C,Y,F,A,1,0,0,0,21453.0,2,,,4
2020,2020-10-11,1104,10,3,11,7,N,A,N,A,H,A,A,08,S,03,C,,,,,C,Y,F,A,1,0,0,0,22350.0,3,37.960693359375,-121.27288818359376,4
2020,2020-10-10,1540,10,3,15,6,N,A,N,A,H,A,C,06,S,03,F,,,Y,,A,Y,N,D,1,0,0,1,22350.0,1,37.90828323364258,-121.29324340820312,3
2020,2020-10-27,1625,10,3,16,2,N,A,N,A,H,A,A,01,W,03,C,,,,,C,N,N,A,1,0,0,0,22350.0,2,37.754150390625,-121.43952178955078,4
2020,2020-10-24,1931,10,3,19,6,Y,A,N,A,H,C,C,02,,01,C,,,Y,,C,Y,N,D,2,0,0,2,23153.0,2,37.74494934082031,-121.4350128173828,2
2020,2020-10-14,2123,10,3,21,3,N,A,N,A,H,C,A,01,N,09,D,,,,,C,Y,N,D,1,0,0,0,21801.0,2,37.71532440185546,-121.39812469482422,3
2020,2020-10-29,1728,10,3,17,4,N,A,N,A,H,A,A,01,N,01,E,,,,,I,Y,N,D,1,0,0,0,23152.0,1,37.816848754882805,-121.2931671142578,4
2020,2020-10-01,1740,10,3,17,4,N,A,N,A,H,A,D,22,,03,B,,,,,C,Y,N,A,8,0,0,0,22350.0,5,37.7522087097168,-121.45330047607422,3
2020,2020-10-12,1649,10,3,16,1,N,A,Y,A,H,A,A,01,E,09,D,,,,,C,Y,N,A,3,0,0,0,21804.0,2,37.79418563842773,-120.9825439453125,3
2020,2020-11-10,1417,11,3,14,2,Y,A,N,A,H,A,A,08,,09,D,,,,,C,Y,N,A,2,0,0,0,21801.0,2,37.754009246826165,-121.46092987060548,3
2020,2020-11-11,2323,11,3,23,3,N,A,N,A,H,C,-,- ,E,11,A,,,,Y,B,N,N,D,1,0,0,0,21954.0,2,37.76152038574219,-121.41478729248048,3
2020,2020-11-01,938,11,3,9,7,Y,A,N,A,H,A,A,01,,12,D,,,,,C,Y,N,A,2,0,0,0,21453.0,2,37.81185150146485,-121.27143096923828,4
2020,2020-10-01,1726,10,3,17,4,Y,A,N,A,H,A,A,01,,09,D,,,,,C,N,N,D,3,0,0,0,21804.0,2,37.74496841430664,-121.42986297607422,4
2020,2020-10-16,922,10,3,9,5,Y,A,N,A,H,A,A,01,,08,D,,,,,C,N,N,D,1,0,0,0,22107.0,2,37.731399536132805,-121.45321655273438,3
2020,2020-10-09,2053,10,3,20,5,N,A,N,A,H,C,A,01,E,10,G,Y,,,,B,N,M,D,2,2,0,0,21950.0,3,38.10811996459961,-121.26953125,3
2020,2020-10-24,1108,10,3,11,6,Y,A,N,A,H,A,A,01,,03,D,,,,,C,Y,M,D,1,0,0,0,22350.0,2,38.10773086547852,-121.27893829345705,4
2020,2020-09-11,1420,9,3,14,5,Y,A,N,A,H,A,A,01,,21,C,,,,,C,N,N,A,1,0,0,0,22106.0,2,38.13019943237305,-121.27532958984376,4
2020,2020-09-27,815,9,3,8,7,N,A,N,A,H,A,A,01,E,08,C,,,,,E,Y,N,D,1,0,0,0,22107.0,2,38.14565658569336,-121.27814483642578,3
2020,2020-09-26,1204,9,3,12,6,N,A,N,A,H,A,A,01,S,03,B,,,,,C,Y,F,A,1,0,0,0,22350.0,4,37.732051849365234,-121.43482971191406,4
2020,2020-10-03,750,10,3,7,6,Y,A,N,A,H,A,A,01,,03,C,,,,,C,N,N,A,2,0,0,0,22350.0,2,37.79434,-121.00113,4
2020,2020-10-22,1735,10,3,17,4,N,A,N,A,H,C,A,01,W,- ,C,,,,,C,Y,N,A,2,0,0,0,,3,37.754219055175774,-121.45354461669922,4
2020,2020-11-19,1512,11,3,15,4,N,A,N,A,H,A,D,22,S,08,B,,,,,C,N,N,D,2,0,0,0,22107.0,2,37.811798095703125,-121.29383850097656,4
2020,2020-10-22,1508,10,3,15,4,N,A,N,A,G,A,N,60,W,11,G,Y,,,,B,N,N,D,1,1,0,0,21954.0,2,37.99679565429688,-121.33342742919922,3
2020,2020-10-30,34,10,3,0,5,Y,A,N,A,H,C,N,60,,11,G,Y,,,,B,N,N,A,1,1,0,0,21954.0,2,37.9549217224121,-121.25334930419922,3
2020,2020-10-29,1830,10,3,18,4,N,A,N,A,H,B,A,01,N,03,C,,,,,C,N,N,A,1,0,0,0,22350.0,2,38.00198745727539,-121.27109527587892,4
2020,2020-10-25,1700,10,3,17,7,N,A,N,A,H,A,A,01,E,07,B,,,,,C,N,F,A,1,0,0,0,21658.0,3,38.021011352539055,-121.31520080566406,4
2020,2020-10-24,2302,10,3,23,6,Y,A,N,A,H,C,A,01,,03,A,,,,,C,N,N,D,2,0,0,0,22350.0,2,37.93674087524414,-121.23992919921876,4
2020,2020-10-25,740,10,3,7,7,N,A,N,A,H,A,A,01,N,03,C,,,,,E,N,N,D,1,0,0,0,22350.0,2,37.96173095703125,-121.29226684570312,3
2020,2020-10-18,1955,10,3,19,7,Y,A,N,A,H,C,-,- ,,09,D,,,,,C,N,N,A,3,0,0,0,21453.0,2,38.001739501953125,-121.2925262451172,3
2020,2020-10-24,1205,10,3,12,6,N,A,N,A,H,A,A,01,E,08,E,,,,,I,N,N,D,1,0,0,0,22107.0,1,37.98793411254882,-121.28536224365234,4
2020,2020-10-24,1640,10,3,16,6,N,A,N,A,H,A,A,01,N,08,E,,,,,I,N,N,D,1,0,0,0,22107.0,1,37.91257858276367,-121.18439483642578,4
2020,2020-10-16,112,10,3,1,5,Y,A,N,A,H,C,A,01,,12,D,,,,,C,N,F,A,1,0,0,0,21453.0,2,38.037208557128906,-121.2597885131836,4
2020,2020-10-15,2115,10,3,21,4,Y,A,N,A,H,C,A,01,,12,D,,,,,D,N,N,A,4,0,0,0,21453.0,2,37.95804977416992,-121.29531860351562,2
2020,2020-10-31,1450,10,3,14,6,Y,A,N,A,H,A,A,01,,12,D,,,,,C,N,N,A,1,0,0,0,22450.0,2,37.96025085449219,-121.28231811523438,4
2020,2020-10-30,1730,10,3,17,5,N,A,N,A,H,A,A,01,S,10,G,Y,,,,B,N,M,A,1,1,0,0,21950.0,3,37.96459579467773,-121.27395629882812,4
2020,2020-10-01,1928,10,3,19,4,N,A,N,A,H,C,C,02,N,03,H,,,Y,,H,N,N,D,1,0,0,1,22350.0,1,38.034027099609375,-121.32283782958984,2
2020,2020-10-11,1810,10,3,18,7,N,A,N,A,H,A,A,01,E,03,B,,,,,E,N,N,A,1,0,0,0,22350.0,2,37.96243667602539,-121.26394653320312,4
2020,2020-10-31,1618,10,3,16,6,Y,A,N,A,H,A,A,07,,09,D,,,,,C,N,N,A,1,0,0,0,21801.0,2,37.956390380859375,-121.2744598388672,3
2020,2020-10-30,1118,10,3,11,5,Y,A,N,A,H,A,-,- ,,12,D,,,,,C,N,N,A,1,0,0,0,21453.0,2,37.962600708007805,-121.29248809814452,4
2020,2020-09-25,1952,9,3,19,5,N,A,N,A,H,C,A,01,S,09,D,,,,,D,Y,N,A,1,0,0,0,21801.0,2,37.796890258789055,-121.19374847412108,4
2020,2020-09-16,1624,9,3,16,3,N,A,N,A,H,A,L,04,N,09,H,,Y,,,G,N,N,D,1,0,1,0,21804.0,2,37.814498901367195,-121.21128845214844,3
2020,2020-11-11,643,11,3,6,3,Y,A,N,A,H,A,-,- ,,17,A,,,,,C,Y,N,A,2,0,0,0,21454.0,2,37.7252082824707,-121.4348602294922,4
2020,2020-11-15,1944,11,3,19,7,Y,A,N,A,H,C,A,07,,01,-,,,,,J,Y,N,A,1,0,0,0,23152.0,1,37.73315,-121.53147,3
2020,2020-11-19,1855,11,3,18,4,N,A,N,A,H,C,A,01,S,06,C,,Y,,,G,N,N,D,1,0,1,0,21760.0,2,37.723648071289055,-121.43999481201172,3
2020,2020-11-23,1152,11,3,11,1,Y,A,N,A,H,A,A,07,,12,D,,,,,C,N,N,A,1,0,0,0,21453.0,2,37.743309020996094,-121.43498992919922,4
2020,2020-10-14,736,10,3,7,3,Y,A,Y,A,H,A,A,01,,03,C,,,,,D,N,F,A,2,0,0,0,22350.0,2,37.82366180419922,-121.21653747558594,4
2020,2020-10-24,1827,10,3,18,6,Y,A,Y,A,H,C,A,01,,03,C,,,,,C,N,N,A,1,0,0,0,22350.0,2,37.78306579589844,-121.24756622314452,4
2020,2020-10-29,1455,10,3,14,4,N,A,N,A,H,A,-,,S,03,C,,,,,C,Y,N,D,1,0,0,0,22350.0,3,37.88440704345703,-121.24832153320312,4
2020,2020-11-02,1424,11,3,14,1,Y,A,N,A,H,A,A,07,,12,D,,,,,C,Y,N,A,2,0,0,0,22450.0,2,37.94113159179688,-121.3115234375,4
2020,2020-11-01,1542,11,3,15,7,Y,A,N,A,H,A,D,22,,12,D,,,,,C,Y,F,A,2,0,0,0,21453.0,3,37.96551132202149,-121.25621795654295,4
2020,2020-10-09,1245,10,3,12,5,N,A,N,A,H,A,-,,E,08,B,,,,,E,,N,D,1,0,0,0,22107.0,2,38.040386199951165,-121.32991790771484,2
2020,2020-11-11,810,11,3,8,3,Y,A,N,A,H,A,E,22,,12,D,,,,,C,,N,A,3,0,0,0,21453.0,2,38.02098846435546,-121.32327270507812,4
2020,2020-11-10,1753,11,3,17,2,Y,A,N,A,H,C,N,60,,11,G,Y,,,,B,,F,D,0,0,0,0,21955.0,2,37.94390869140625,-121.2683334350586,1
2020,2020-11-10,1429,11,3,14,2,Y,A,N,A,H,A,D,22,,09,D,,,Y,,C,Y,N,D,1,0,0,1,21801.0,2,37.94245147705078,-121.2951889038086,2
2020,2020-10-30,1522,10,3,15,5,N,A,N,A,H,A,F,26,N,03,C,,,,Y,D,N,N,A,2,0,0,0,22350.0,2,37.929443359375,-121.2830047607422,4
2020,2020-11-10,1031,11,3,10,2,Y,A,,A,H,A,A,01,,22,C,,,,,C,,N,A,1,0,0,0,23123.0,2,37.979351043701165,-121.2990264892578,4
2020,2020-11-09,1356,11,3,13,1,N,A,,A,H,A,A,07,W,03,C,,,,,C,,N,A,1,0,0,0,22350.0,2,38.021263122558594,-121.272705078125,4
2020,2020-11-17,100,11,3,1,2,N,A,N,-,H,C,L,04,W,05,D,,Y,,,G,Y,M,A,1,0,1,0,21650.0,2,37.98905944824219,-121.3220443725586,3
2020,2020-11-07,1947,11,3,19,6,N,A,,A,H,C,L,04,W,05,B,,Y,,,G,,N,D,1,0,1,0,21650.0,2,38.00070571899414,-121.29695129394533,3
2020,2020-11-07,1550,11,3,15,6,N,A,N,A,H,A,A,01,E,03,C,,,,,C,Y,N,A,6,0,0,0,22350.0,3,37.98490524291992,-121.3397216796875,4
2020,2020-11-07,1408,11,3,14,6,N,-,,A,A,-,D,22,E,09,H,,,,,D,Y,N,A,1,0,0,0,21804.0,2,,,4
2020,2020-11-15,1135,11,3,11,7,N,A,N,A,H,A,A,01,W,03,C,,,,,C,N,F,A,2,0,0,0,22350.0,2,37.96133804321289,-121.27593231201172,4
2020,2020-11-01,1435,11,3,14,7,Y,A,N,A,H,A,A,07,,09,D,,,,,C,Y,N,A,1,0,0,0,21801.0,2,37.95439147949219,-121.27393341064452,4
2020,2020-11-01,1131,11,3,11,7,Y,A,N,A,H,A,A,01,,12,D,,,,,C,N,N,A,1,0,0,0,21453.0,2,37.95875930786133,-121.27236175537108,4
2020,2020-11-01,1008,11,3,10,7,Y,A,N,A,H,A,-,99,,09,D,,,,,C,Y,M,A,1,0,0,0,21802.0,2,37.9311408996582,-121.27848815917967,4
2020,2020-11-04,1914,11,3,19,3,N,A,N,A,H,C,C,02,S,03,D,,,Y,,C,Y,N,D,1,0,0,1,22350.0,2,37.99626159667969,-121.3246612548828,3
2020,2020-11-04,1520,11,3,15,3,N,A,N,A,H,A,-,99,W,10,G,Y,,,,B,Y,M,D,1,1,0,0,21950.0,2,37.95909881591797,-121.30108642578124,4
2020,2020-11-04,1521,11,3,15,3,Y,A,N,A,H,A,A,07,,12,D,,,,,C,Y,N,A,1,0,0,0,21453.0,2,37.950679779052734,-121.28923797607422,3
2020,2020-11-03,2153,11,3,21,2,Y,-,N,A,H,C,A,01,,12,D,,,,,C,Y,N,A,2,0,0,0,21453.0,2,37.95481872558594,-121.27130126953124,4
2020,2020-11-03,2148,11,3,21,2,N,A,N,A,H,C,A,07,W,01,C,,,,,D,Y,N,D,1,0,0,0,23153.0,2,37.98827362060546,-121.32162475585938,4
2020,2020-11-03,1507,11,3,15,2,Y,A,N,A,H,A,L,04,,05,H,,Y,,,G,N,N,A,1,0,1,0,21650.0,3,37.94160842895508,-121.2881317138672,3
2020,2020-11-02,1441,11,3,14,1,Y,A,N,A,H,A,-,99,,09,D,,,,,C,N,F,A,1,0,0,0,21802.0,2,37.97735977172852,-121.31828308105467,4
2020,2020-11-08,200,11,3,2,7,N,A,N,A,H,C,-,99,S,03,C,,,,,C,N,F,A,1,0,0,0,22350.0,2,38.005653381347656,-121.27638244628906,4
2020,2020-11-07,1623,11,3,16,6,Y,A,N,A,H,A,A,07,,01,D,,,,,C,Y,N,A,1,0,0,0,23152.0,2,37.93965911865234,-121.28215789794922,4
2020,2020-11-07,1356,11,3,13,6,Y,A,N,A,H,A,A,07,,09,D,,,,,C,Y,M,A,1,0,0,0,21802.0,3,37.97433853149414,-121.32192993164062,4
2020,2020-11-07,1237,11,3,12,6,N,A,N,A,H,A,A,01,N,03,B,,Y,,,G,N,N,D,1,0,1,0,22350.0,2,37.99102783203125,-121.30376434326172,3
2020,2020-11-07,1009,11,3,10,6,N,A,N,A,H,A,A,01,N,03,C,,,,,C,Y,N,A,1,0,0,0,22350.0,3,38.02104949951172,-121.27661895751952,4
2020,2020-11-06,2327,11,3,23,5,N,A,N,A,H,C,-,99,W,10,G,Y,,,,B,N,F,A,1,1,0,0,21950.0,2,38.02104949951172,-121.28993988037108,3
2020,2020-11-06,1835,11,3,18,5,Y,A,N,A,H,C,A,01,,09,D,,,,,D,Y,N,A,2,0,0,0,21802.0,2,38.036888122558594,-121.29029846191406,4
2020,2020-11-06,1711,11,3,17,5,N,A,N,A,H,A,A,01,N,03,C,,,,,C,Y,N,D,1,0,0,0,22350.0,2,37.99576187133789,-121.2880859375,4
2020,2020-11-06,1325,11,3,13,5,Y,A,N,A,H,A,A,07,,12,D,,,,,C,Y,N,A,2,0,0,0,21453.0,2,37.952598571777344,-121.28433227539062,4